compound,azt,los,nib,quine,vir,similarity,meansim,nas
NVP-AUY922,0.7139,0.3292,0.3942,0.4443,0.6601,-0.3411,0.50834,0
PF431396,0.7103,0.3411,0.5512,0.5733,0.4702,-0.3921,0.52922,0
"13-Hydroxy-8,14,19-trimethoxy-4,10,12,16-tetramethyl-3,20,22-trioxo-2-azabicyclo[16.3.1]docosa-1(21),4,6,10,18-pentaen-9-yl carbamate",0.7076,0.4849,0.4968,0.6762,0.6942,-0.3258,0.61194,0
Canertinib,0.7054,NA,0.5015,0.4805,0.4562,-0.3397,0.5359,1
AS-605240,0.686,0.3614,0.4257,0.421,0.6413,-0.3329,0.50708,0
Radicicol,0.6787,0.3477,0.4194,0.4836,0.6953,-0.3459,0.52494,0
CHEMBL2136735,0.6751,0.3233,0.4225,0.4888,0.5666,-0.3315,0.49526,0
Y-39983,0.658,NA,0.4436,0.5133,0.4105,-0.3251,0.50635,1
SU 11274,0.6475,0.3386,0.3273,0.4407,0.36870000000000003,-0.3249,0.42456,0
PIK-93,0.6401,0.3979,NA,0.6095,0.5863,-0.3988,0.55845,1
Calcitriol,0.6314,0.342,NA,0.4935,0.5859,-0.3364,0.5132,1
Imatinib,0.6234,0.362,NA,0.4516,0.6738,-0.3211,0.5277,1
JZL-184,0.6218,0.3265,NA,NA,0.6349,-0.4086,0.5277333333333334,2
Sirolimus,0.6207,0.4601,0.4222,0.5314,0.5922,-0.3216,0.52532,0
Purmorphamine,0.6207,NA,0.5196,0.5349,0.4361,-0.3533,0.527825,1
Simvastatin,0.6203,NA,0.4699,0.4767,0.4562,-0.3371,0.505775,1
CGK733,0.6041,0.3271,0.4169,0.4349,0.406,-0.3523,0.4378,0
MLN 2238,0.6035,0.5116,0.4273,0.4626,0.4403,-0.3634,0.48906000000000005,0
AZD-8330,0.6025,0.3409,0.373,0.7018,0.4661,-0.3271,0.49686,0
Saracatinib,0.5873,0.393,0.3815,0.4767,0.438,-0.3664,0.45530000000000004,0
TAE-684,0.5846,0.4167,0.4911,0.4694,0.4368,-0.3235,0.47972,0
CI-1040,0.5766,0.3859,0.4233,0.5202,0.502,-0.338,0.48160000000000003,0
CBIOL_001848,0.5736,0.4323,0.468,0.3675,NA,-0.3559,0.46035000000000004,1
STK178014,0.5701,0.361,0.4397,0.43120000000000003,0.3543,-0.3247,0.43126000000000003,0
Pinacidil,0.5522,NA,0.322,0.3907,0.3573,-0.322,0.40555,1
AZD-1152-HQPA,0.5431,NA,0.4547,0.8628,0.4974,-0.3222,0.5895,1
BRD-K64106162,0.5425,NA,NA,NA,0.3258,-0.3663,0.43415,3
SCHEMBL570779,0.5413,NA,0.3914,0.4872,0.5973,-0.3307,0.5043,1
Pictilisib,0.5328,0.3958,0.491,0.4885,0.6216,-0.3434,0.5059400000000001,0
SCHEMBL6874948,0.5312,NA,0.3219,0.4547,0.4217,-0.3355,0.432375,1
KU0060648,0.5218,0.3535,0.3591,0.4569,0.43,-0.3731,0.42425999999999997,0
Palbociclib,0.5212,0.3381,0.4184,0.4625,0.5439,-0.321,0.45682,0
LY-294002,0.5207,0.4902,0.6446,0.517,0.5364,-0.3272,0.54178,0
AKT Inhibitor VIII,0.5159,0.3409,0.4079,0.5053,0.5484,-0.4253,0.46368,0
Selumetinib,0.514,0.4407,0.5145,0.5513,0.5068,-0.3281,0.50546,0
QS-11,0.5126,NA,0.4639,0.6416,0.4962,-0.4637,0.528575,1
AC1O9BJ3,0.5121,NA,0.3218,NA,0.3404,-0.3618,0.3914333333333333,2
SCHEMBL13991002,0.5106,0.3824,NA,0.4537,0.3231,-0.3313,0.41745,1
Dovitinib,0.5071,0.4186,0.4393,0.6968,0.4578,-0.3332,0.50392,0
SCHEMBL16226502,0.5066,NA,0.3706,0.561,0.4851,-0.3455,0.480825,1
Erlotinib,0.5005,NA,0.5429,0.4186,0.3962,-0.3258,0.46455,1
Decitabine,0.4991,0.3616,0.5032,0.4957,0.3988,-0.3221,0.45167999999999997,0
SCHEMBL3958507,0.4946,0.3787,0.3772,0.3818,0.5406,-0.3624,0.43457999999999997,0
GW620972X,0.4922,0.4346,0.4599,0.6134,0.4413,-0.3462,0.48828,0
LRRK2-IN-1,0.4877,0.3367,0.3958,0.486,0.5952,-0.3411,0.46027999999999997,0
Foretinib,0.485,NA,0.4305,0.7438,0.6077,-0.3509,0.56675,1
AZ20,0.4842,NA,0.3929,0.7117,0.5473,-0.3264,0.534025,1
WH-4-025,0.478,NA,0.4743,0.4016,0.4743,-0.3257,0.45705,1
BRD-A24396574-001-01-5,0.4779,0.4806,0.4167,0.625,0.47,-0.361,0.49404,0
PLX-4720,0.476,0.4188,0.4945,0.6905,0.6178,-0.3367,0.53952,0
AZD-8055,0.4725,0.328,0.5038,0.5175,0.4695,-0.3457,0.45826,0
Quiflapon,0.4723,0.3863,0.3249,0.432,0.4804,-0.3244,0.41918,0
179324-69-7,0.4703,NA,0.4377,0.4749,0.4357,-0.3293,0.45465,1
AC1L2X6Z,0.4696,NA,0.4028,NA,NA,-0.342,0.43620000000000003,3
Sorafenib,0.4688,NA,0.4528,0.4724,0.502,-0.3266,0.474,1
TL Aurora 09,0.4687,NA,0.405,NA,NA,-0.407,0.43685,3
Paricalcitol,0.4687,NA,NA,0.418,0.3657,-0.3491,0.41746666666666665,2
Devazepide,0.4636,0.321,0.4415,0.5885,NA,-0.3501,0.45365,1
BIIB 021,0.4634,0.3325,0.394,0.5884,0.418,-0.3384,0.43926,0
Tozasertib,0.4607,0.5886,0.3956,0.7866,0.6715,-0.3287,0.5806,0
Vemurafenib,0.4607,0.3833,0.455,0.4979,0.6274,-0.3408,0.48486,0
Fedratinib,0.4607,0.4989,0.5227,0.5083,0.5249,-0.3222,0.5031,0
16Beta-bromoandrosterone,0.4559,NA,NA,0.4851,0.7545,-0.3392,0.5651666666666666,2
Olaparib,0.455,0.3645,0.5407,0.8408,0.5263,-0.3233,0.54546,0
LDN 193189,0.4541,0.4455,0.4823,0.4763,0.4727,-0.4436,0.46618,0
GR 113808,0.4524,NA,0.4384,0.413,NA,-0.3365,0.4346,2
PF-562271,0.4495,0.3709,0.6643,0.6786,0.5067,-0.35,0.534,0
Mifepristone,0.4473,NA,0.3905,0.3531,NA,-0.3367,0.3969666666666667,2
Morin,0.4454,NA,0.4072,0.4128,0.3334,-0.3217,0.3997,1
MLS-0258268.0001,0.4439,NA,NA,NA,0.6209,-0.4383,0.5324,3
761437-28-9,0.4417,0.494,0.4904,0.6003,0.336,-0.3233,0.47248,0
Puromycin,0.4409,0.4164,NA,NA,0.4406,-0.3279,0.4326333333333333,2
CX-5461,0.4408,0.4045,0.4101,0.8282,0.4603,-0.3339,0.50878,0
Quinacrine,0.4401,0.3302,0.4161,0.6965,0.3418,-0.3432,0.44494,0
XAV 939,0.4388,NA,0.379,0.5488,0.4969,-0.3385,0.465875,1
Linsitinib,0.4384,0.3425,0.3468,0.5341,0.4703,-0.4243,0.42642,0
apigenin,0.438,0.3561,0.4695,0.69,0.4365,-0.3324,0.47802,0
Trametinib,0.4373,0.353,0.3336,0.5187,0.4376,-0.3414,0.41604,0
Triacsin C,0.4318,0.3983,0.5358,0.5833,0.5414,-0.339,0.49812,0
AC1O9EM7,0.4299,NA,NA,0.3447,0.3961,-0.4066,0.3902333333333333,2
BX-795,0.4284,0.4187,0.5041,0.555,0.6194,-0.3297,0.50512,0
HG-14-10-04,0.4269,0.4655,0.377,0.4741,0.334,-0.3439,0.41550000000000004,0
Alectinib,0.4226,0.3724,0.3418,0.3545,0.4035,-0.3539,0.37896,0
Momelotinib,0.4214,0.4673,0.3585,0.508,0.4721,-0.4102,0.44546,0
HSCI1_000314,0.4207,NA,0.3357,0.3589,0.3455,-0.3303,0.36519999999999997,1
Pilaralisib,0.4198,NA,0.3911,0.4353,0.3661,-0.4145,0.403075,1
CHEMBL1673039,0.4185,0.3753,0.3681,0.4486,0.3406,-0.3507,0.39022,0
BRD-K01621458,0.4152,0.343,NA,0.5123,0.4408,-0.3356,0.427825,1
SB-216763,0.4147,0.397,0.6215,0.4386,0.6973,-0.3349,0.51382,0
ASN 05257430,0.4115,0.3789,0.334,0.388,0.5379,-0.3752,0.41006000000000004,0
C21H27N7O3,0.4114,NA,0.467,0.4198,0.4682,-0.3433,0.4416,1
LY2874455,0.4114,NA,0.3214,0.8995,0.3851,-0.374,0.50435,1
Gallocatechin Gallate,0.4112,NA,0.3737,0.6742,0.4586,-0.3377,0.479425,1
STK151112,0.4109,NA,NA,NA,0.3474,-0.3423,0.37915,3
KW-2449,0.4108,0.3378,0.3503,0.8219,0.4614,-0.3327,0.47644,0
MLN-8054,0.4103,0.3418,0.4275,0.8263,0.6573,-0.3466,0.53264,0
Nilotinib,0.4096,NA,0.3684,0.4381,0.3976,-0.3442,0.40342500000000003,1
C24H25CLFN5O3,0.4092,NA,0.5094,0.4835,0.5589,-0.368,0.49024999999999996,1
7Beta-forskolin,0.4088,NA,0.5131,NA,0.5025,-0.3879,0.4748,2
GSK429286A,0.4086,0.4373,0.4071,0.5124,0.3661,-0.3435,0.4263,0
noscapine,0.408,NA,0.4254,0.4812,0.4431,-0.3567,0.439425,1
PD-0325901,0.4072,0.3627,0.4133,0.5389,0.5967,-0.3218,0.46376,0
WZ 3146,0.4068,NA,NA,0.3663,NA,-0.3443,0.38655,3
BRD-K01425431,0.4058,0.3393,0.3808,0.469,0.4822,-0.3382,0.41542,0
SMR000651449,0.4032,NA,0.4572,0.6823,0.4122,-0.3631,0.488725,1
PFI-1,0.401,NA,0.419,0.4719,0.3847,-0.3772,0.41915,1
Dacomitinib,0.4007,0.5022,0.3934,0.5645,0.4292,-0.3337,0.458,0
SCHEMBL14379041,0.4004,0.3604,0.3582,0.3861,NA,-0.3426,0.376275,1
L-690330,0.4004,0.3804,NA,0.3701,0.4764,-0.3392,0.406825,1
F1061-0166,0.4003,NA,0.3612,0.4342,0.3349,-0.3545,0.38265,1
PHA-793887,0.4001,NA,0.389,0.5277,0.4272,-0.3223,0.436,1
BI-2536,0.399,0.4034,0.4057,0.5447,0.3296,-0.3241,0.41648,0
Gefitinib,0.3944,0.3657,0.4794,0.4072,0.5298,-0.3301,0.4353,0
AT-9283,0.3943,NA,0.5309,0.7884,0.393,-0.3293,0.5266500000000001,1
Bazedoxifene HCl,0.3927,NA,0.5083,0.3382,0.4044,-0.3623,0.4109,1
Apocynin,0.3926,NA,0.5379,NA,0.3973,-0.4378,0.4426,2
FR-180204,0.3918,0.4323,0.5085,0.3896,0.4924,-0.3787,0.44292,0
Alisertib,0.3909,NA,0.4275,0.8025,0.5325,-0.3399,0.53835,1
UNC0638,0.3903,0.3357,0.4065,0.4654,0.3551,-0.3437,0.3906,0
JNJ-16259685,0.3898,NA,NA,0.5456,0.3347,-0.3381,0.42336666666666667,2
TSU-68,0.3898,NA,0.4722,0.4498,0.8229,-0.3414,0.533675,1
Resveratrol,0.3897,0.349,0.3748,0.5427,0.49,-0.3493,0.42924,0
AZD-1775,0.3895,0.4242,0.5544,0.7054,0.5654,-0.3234,0.52778,0
ICG-001,0.3872,NA,0.4023,0.5126,0.3634,-0.3291,0.416375,1
PI-103,0.3867,0.339,0.59,0.6091,0.4957,-0.3323,0.4841,0
Cladribine,0.3859,0.4073,0.6361,0.7564,0.5086,-0.3234,0.53886,0
Voreloxin (Hydrochloride),0.3859,NA,NA,0.5706,0.594,-0.3872,0.5168333333333334,2
SB-203580,0.385,0.3688,0.3351,0.4727,0.4623,-0.356,0.40478000000000003,0
Troglitazone,0.3844,0.3569,0.5249,0.7537,0.6714,-0.3398,0.53826,0
Estradiol,0.3836,NA,0.3919,0.423,0.4537,-0.3448,0.41305000000000003,1
NVP-BHG712,0.3831,0.36,NA,0.472,0.4691,-0.3222,0.42105,1
25-Hydroxycholecalciferol,0.3825,0.3728,NA,0.3411,0.5037,-0.4022,0.400025,1
Fenretinide,0.3807,NA,0.4791,0.3689,0.3581,-0.3268,0.3967,1
CHEMBL2143628,0.3804,NA,0.4355,0.3688,NA,-0.3711,0.39490000000000003,2
Dactolisib,0.3804,0.4231,0.3761,0.5414,0.4865,-0.3307,0.4415,0
Cyproheptadine,0.3797,NA,0.4421,0.5062,NA,-0.3347,0.44266666666666665,2
PF-04217903,0.3796,0.3591,0.3354,0.5173,0.7007,-0.3734,0.45842,0
Calmidazolium,0.3792,NA,NA,0.3517,0.4084,-0.3601,0.37976666666666664,2
Tivozanib,0.3789,0.4532,0.527,0.5763,0.4481,-0.3733,0.4767,0
CHEMBL2057940,0.3774,NA,NA,0.7223,0.3692,-0.4083,0.48963333333333336,2
MLS-0435555.0001,0.3774,NA,0.5609,NA,NA,-0.3316,0.46914999999999996,3
amcinonide,0.3744,NA,NA,0.4003,0.4082,-0.3527,0.3943,2
Ruxolitinib,0.3737,NA,0.636,0.4235,0.4754,-0.3308,0.47714999999999996,1
"Betamethasone 17,21-dipropionate",0.3728,NA,NA,0.3823,0.3217,-0.3777,0.3589333333333333,2
Cytochalasin B,0.3727,NA,0.5048,0.6471,0.3824,-0.3385,0.47675,1
TORIN1,0.3711,0.3497,0.3277,0.4711,0.4825,-0.321,0.40042,0
COL-3,0.3708,0.3376,0.4546,0.4846,0.3546,-0.3356,0.40044,0
IN1549,0.3703,0.3772,NA,0.4013,0.3405,-0.3378,0.372325,1
AC1Q6JJ5,0.3695,0.3857,0.4317,0.9371,0.5342,-0.3369,0.53164,0
Calpain Inhibitor I,0.3677,NA,0.3409,NA,NA,-0.3427,0.3543,3
ZINC77024257,0.3677,0.4902,0.3749,0.7364,0.5861,-0.3546,0.5110600000000001,0
Rottlerin,0.3654,0.3838,0.3382,0.5479,0.4657,-0.327,0.4202,0
MLN-0128,0.3653,0.3365,0.5462,0.4393,0.4573,-0.3624,0.42892,0
Pyrimethamine,0.365,NA,0.4975,0.4551,0.4272,-0.3314,0.43620000000000003,1
Cucurbitacin I,0.3644,0.3506,NA,0.4163,0.3328,-0.3354,0.366025,1
Verapamil,0.3643,NA,0.3646,0.4751,0.4596,-0.3794,0.4159,1
NCGC00170405-01,0.3635,0.3239,0.3377,NA,NA,-0.3949,0.3417,2
Triamterene,0.3632,NA,0.5503,0.3555,0.3749,-0.3293,0.410975,1
Betahistine,0.3619,0.3746,0.4918,0.535,0.5115,-0.3911,0.45496,0
Chlorambucil,0.3617,0.3211,0.5059,0.8619,0.4916,-0.3701,0.50844,0
Trimetozine,0.3614,NA,NA,NA,0.3619,-0.3383,0.36165,3
"13-Methyl-7-[9-(4,4,5,5,5-pentafluoropentylsulfinyl)nonyl]-6,7,8,9,11,12,14,15,16,17-decahydrocyclopenta[a]phenanthrene-3,17-diol",0.3594,0.3477,0.4805,0.4206,0.4068,-0.3249,0.40299999999999997,0
LE-135,0.3586,0.412,NA,0.4749,0.5466,-0.3216,0.448025,1
Prostratin,0.3582,NA,0.4075,NA,0.4116,-0.3433,0.39243333333333336,2
Megestrol Acetate,0.3564,0.3332,NA,0.3952,NA,-0.3323,0.3616,2
MLS002477155,0.3562,0.435,NA,0.3839,NA,-0.3312,0.3917,2
CHEMBL2130605,0.356,NA,NA,0.3515,0.358,-0.3219,0.35516666666666663,2
XMD-1499,0.3556,NA,NA,NA,0.4215,-0.3584,0.38855,3
BRD-K29251608,0.3553,NA,0.5203,0.801,0.3793,-0.3247,0.5139750000000001,1
O-Demethylated Adapalene,0.3541,NA,0.6299,0.7351,0.4387,-0.3238,0.53945,1
NSC95397,0.3537,0.3309,0.4118,0.5746,0.5725,-0.4538,0.4487,0
pyrvinium-pamoate,0.353,0.4227,0.6642,0.7007,0.4164,-0.3231,0.5114,0
CHEMBL2360495,0.3507,0.3387,0.6039,0.3657,NA,-0.4911,0.41475,1
Tretinoin,0.3507,0.4939,0.3472,0.449,0.3793,-0.3232,0.40402,0
AMSACRINE,0.3504,NA,0.4259,0.739,0.5033,-0.3221,0.50465,1
AC1NSOND,0.3494,0.3394,NA,0.4788,NA,-0.3309,0.3892,2
Valrubicin,0.3493,NA,0.3725,0.741,0.5166,-0.3235,0.49485,1
Triciribine,0.3485,NA,0.3889,0.3704,0.3684,-0.3224,0.36905,1
ST51005413,0.3484,NA,0.3421,NA,0.3284,-0.3403,0.33963333333333334,2
ITK Inhibitor,0.3475,0.4413,0.3685,0.4476,0.5064,-0.4398,0.42225999999999997,0
Kolestevan,0.3472,NA,0.4915,0.4022,NA,-0.3372,0.41363333333333335,2
4LY1,0.347,0.379,NA,0.4619,0.3712,-0.3909,0.389775,1
Deforolimus,0.3468,NA,NA,0.3571,0.3326,-0.3503,0.3455,2
GSK 525762A,0.3463,0.3848,0.4352,0.5041,0.3418,-0.3306,0.40243999999999996,0
BRD-K60391168,0.3458,0.3377,NA,0.4668,NA,-0.3369,0.38343333333333335,2
SCHEMBL6851809,0.3455,NA,0.6279,0.4075,0.3929,-0.5603,0.44345,1
Infigratinib,0.3451,0.3566,0.3675,0.464,0.4063,-0.3269,0.3879,0
Epirubicin HCl,0.3448,0.3441,NA,0.6526,0.4131,-0.3433,0.43865,1
"Apitolisib (gdc-0980, rg7422)",0.3441,0.4076,0.4298,0.4732,0.3343,-0.3234,0.3978,0
Dabrafenib,0.3437,0.3793,0.6014,0.4952,0.4546,-0.3247,0.45484,0
331771-20-1,0.3432,0.3898,0.4465,0.8087,0.4104,-0.3518,0.47972,0
GSK-2334470,0.343,0.4091,0.3751,0.4149,0.4991,-0.3344,0.40824,0
Hycanthone,0.343,NA,NA,0.4803,0.4017,-0.4451,0.4083333333333333,2
NCGC00346967-01,0.3429,0.4461,0.5199,0.4341,0.4698,-0.3245,0.44256,0
CHEMBL3183436,0.3423,NA,0.3536,0.8238,0.5293,-0.3238,0.51225,1
Acetyl-Geranyl-Cysteine,0.3421,0.3246,0.3561,0.3667,0.4032,-0.3592,0.35854,0
BRD-A35207501,0.3413,NA,0.4941,0.3829,NA,-0.3253,0.4061,2
Ingenol Mebutate,0.3413,NA,0.4556,0.4395,NA,-0.3308,0.41213333333333335,2
Milciclib (PHA-848125),0.3395,NA,0.3921,0.4691,NA,-0.3304,0.40023333333333333,2
Oprozomib (ONX 0912),0.3394,NA,0.3423,0.4281,NA,-0.3283,0.36993333333333334,2
SA-1456977,0.3392,0.3447,0.4269,0.6443,NA,-0.3979,0.438775,1
Desoxymetasone,0.3384,NA,NA,0.454,0.3608,-0.3672,0.3844,2
Tacedinaline,0.3382,0.3498,0.4182,0.5963,0.596,-0.3289,0.4597,0
CHEMBL3182395,0.3378,0.4986,0.4255,0.3765,0.4871,-0.3569,0.4251,0
Genz-644282,0.3377,NA,0.3268,0.4961,NA,-0.3292,0.38686666666666664,2
GW843682X,0.3367,0.442,0.3448,0.5671,0.4491,-0.3971,0.42794,0
Fluorouracil,0.3352,0.3324,0.506,0.7938,0.382,-0.3462,0.46987999999999996,0
Doxorubicin,0.3343,NA,0.3847,0.8849,0.5556,-0.3216,0.539875,1
PF-03758309,0.3328,0.4027,0.5708,0.5534,0.3781,-0.3215,0.44756,0
DC-45-A2,0.3315,NA,0.3574,0.7337,0.5296,-0.3526,0.48805,1
BMS-754807,0.3311,0.3416,0.3941,0.4852,0.6255,-0.3343,0.4355,0
CHEMBL1612677,0.3309,NA,0.3752,NA,0.3796,-0.3625,0.3619,2
SCHEMBL15556278,0.3296,0.3708,0.3334,0.3576,0.3539,-0.3282,0.34906,0
Mosapride,0.3286,NA,0.3337,0.588,NA,-0.3511,0.4167666666666667,2
Bezafibrate,0.3286,NA,NA,0.3938,NA,-0.3519,0.36119999999999997,3
5-(6-Aminopurin-9-yl)-2-methyltetrahydrofuran-3-ol,0.3284,0.4012,0.6559,0.3576,0.3379,-0.3326,0.4162,0
KUC111774N,0.3275,0.3241,NA,0.5549,0.422,-0.328,0.40712499999999996,1
AC1OCDAW,0.3266,NA,NA,0.4688,NA,-0.3215,0.3977,3
Omeprazole,0.3261,NA,0.3966,0.3658,NA,-0.352,0.36283333333333334,2
"Ingenol 3,20-dibenzoate",0.3245,0.3815,0.5147,0.5007,0.61,-0.3382,0.46628000000000003,0
BG-51,0.3241,NA,NA,0.4896,0.3695,-0.3493,0.3944,2
Avicin-D,0.3241,0.3609,0.6962,0.4806,0.451,-0.3666,0.46256,0
Aurora A Inhibitor I,0.3233,0.4227,0.4645,0.7759,0.4806,-0.3672,0.4934,0
Naproxol,0.323,0.3252,NA,0.5706,0.4157,-0.4631,0.408625,1
BRD-A25736793,0.323,0.4574,0.351,0.4614,0.4852,-0.3229,0.41559999999999997,0
SPECTRUM_001645,0.3222,NA,0.4145,0.5014,NA,-0.3619,0.41269999999999996,2
Nifedipine,0.3218,0.3785,0.4423,0.4319,0.3972,-0.3683,0.39434,0
Tosedostat,0.541,0.362,0.3319,0.5046,0.3918,-0.3328,0.42626000000000003,0
Mitoxantrone,0.5356,0.3367,0.6183,0.8529,0.468,-0.3222,0.5623,0
Wortmannin,0.5351,0.4633,0.5153,0.606,0.5782,-0.3222,0.53958,0
Brefeldin A,0.5347,0.419,0.3301,0.5,0.5515,-0.4006,0.46706,0
Niclosamide,0.5247,0.3458,0.4498,0.523,0.4683,-0.3242,0.46232,0
Tyrphostin AG-1478,0.5071,0.4245,0.4323,0.4903,0.4827,-0.3486,0.46738,0
Osimertinib,0.5069,NA,0.4007,0.4164,0.3446,-0.3582,0.41715,1
Cymarin,0.4966,NA,0.4464,0.4686,NA,-0.3458,0.47053333333333336,2
Vorinostat,0.4952,0.483,0.4701,0.5712,0.4692,-0.3224,0.49774,0
3-(4-Pyridyl)indole,0.4948,NA,0.7142,0.377,0.4391,-0.4274,0.506275,1
BRD-K48019220,0.4759,NA,NA,NA,0.425,-0.3863,0.45045,3
CHEMBL1083527,0.466,0.3434,0.3227,0.4616,0.4755,-0.3661,0.41384,0
Dasatinib,0.4658,0.4362,0.5857,0.6801,0.5407,-0.3213,0.5417,0
CHEMBL2333343,0.4616,NA,0.3369,NA,NA,-0.3408,0.39925,3
Auranofin,0.4507,0.3289,0.3321,0.501,0.3994,-0.4134,0.40242,0
WZ 4002,0.4479,0.4534,0.3699,0.6524,0.4458,-0.3447,0.47388,0
7-Nitroindazole,0.446,NA,0.5116,0.467,0.3615,-0.3303,0.446525,1
Phenoxazine,0.4406,0.3681,NA,0.4037,0.7203,-0.3262,0.483175,1
Amuvatinib,0.4405,0.3848,0.3259,0.5065,0.4435,-0.3218,0.42024,0
Elliptecine,0.4398,0.3573,0.3621,0.5335,NA,-0.3369,0.42317499999999997,1
Entinostat,0.4337,0.3726,0.4833,0.5706,0.5238,-0.3455,0.4768,0
TAS-103 (dihydrochloride),0.4313,0.3355,0.4608,0.7128,NA,-0.3238,0.4851,1
Oxetane,0.4309,NA,0.662,0.5662,0.3951,-0.3629,0.5135500000000001,1
"Trichostatin A, Streptomyces Sp.",0.43,0.4291,0.3719,0.54,0.3924,-0.3253,0.43268,0
Crizotinib,0.4217,0.3268,0.4524,0.7456,0.4376,-0.3734,0.47682,0
SAN1_000751,0.4195,NA,NA,0.4586,NA,-0.3408,0.43905,3
AZD-5438,0.4148,NA,0.3635,0.51,0.3759,-0.3427,0.41605000000000003,1
N6022,0.4082,NA,0.3277,0.4357,0.3664,-0.3393,0.3845,1
Thioridazine,0.406,0.4001,NA,0.5074,0.5638,-0.3264,0.469325,1
GSK-3 Inhibitor IX,0.4043,0.349,0.6146,0.5242,0.5333,-0.322,0.48508,0
Bosutinib,0.4022,0.4107,NA,0.6361,0.6268,-0.3231,0.51895,1
Aminopurvalanol,0.4011,NA,NA,0.5722,NA,-0.3469,0.48665,3
Indole-3-carbinol,0.3984,0.3845,0.3519,0.3583,NA,-0.3382,0.373275,1
Tubastatin A,0.3982,0.3965,0.4092,0.4295,NA,-0.3338,0.40835,1
Nimodipine,0.3982,0.3465,NA,NA,0.3789,-0.3214,0.37453333333333333,2
Gemcitabine,0.3841,0.4386,0.5078,0.8891,0.4823,-0.3216,0.54038,0
AT-7519,0.3813,NA,0.379,0.5432,0.3545,-0.3362,0.4145,1
Rebastinib,0.3798,0.426,0.3417,0.5028,0.3384,-0.3243,0.39774,0
STK219801,0.3778,0.3414,0.5405,0.6186,0.4463,-0.3419,0.46492,0
CHEMBL2135770,0.3773,NA,0.4061,0.3667,0.5474,-0.3689,0.424375,1
AT 7867,0.3738,0.3307,0.4467,0.5691,0.4428,-0.4757,0.43262,0
Prochlorperazine,0.3724,NA,0.3594,0.447,NA,-0.3255,0.39293333333333336,2
ZSTK 474,0.3692,0.3609,0.4768,0.5734,0.5247,-0.3246,0.461,0
BMS-536924,0.3685,0.3388,0.4343,0.5157,0.3472,-0.3821,0.40090000000000003,0
CHEMBL2140299,0.3679,0.3356,0.365,0.3702,NA,-0.3309,0.35967499999999997,1
LGX818,0.3676,NA,NA,0.4867,NA,-0.3422,0.42715000000000003,3
Syrosingopine,0.3674,NA,0.4129,0.4181,0.4403,-0.372,0.409675,1
BRD-A43331270-001-01-6,0.3657,0.5402,0.3712,NA,0.7361,-0.3931,0.5033,1
"3,6-Dimethyl-9-[6-(oxiran-2-yl)-6-oxohexyl]decahydropyrrolo[1,2-a][1,4,7,10]tetraazacyclododecine-1,4,7,10-tetrone",0.3646,0.4105,NA,0.3918,NA,-0.3273,0.3889666666666666,2
Masitinib,0.3645,0.3733,0.5082,0.3974,0.4254,-0.3582,0.41376,0
Efavirenz,0.3631,NA,0.3424,0.4899,NA,-0.3327,0.39846666666666664,2
Ofloxacin,0.36,NA,0.3522,0.47,0.3823,-0.3371,0.391125,1
COT-10B,0.3588,0.3484,0.5482,0.6272,0.4608,-0.427,0.46868,0
MLS002729057,0.3583,NA,NA,0.4279,0.4697,-0.3518,0.41863333333333336,2
GSK-1070916,0.3573,0.3705,0.4679,0.7828,0.5003,-0.3536,0.49576,0
Tigecycline,0.3564,0.3413,NA,0.5829,0.3414,-0.3392,0.40549999999999997,1
SMR000075319,0.3558,NA,0.5587,0.671,0.4458,-0.4078,0.507825,1
Lasalocid,0.3557,NA,NA,0.3544,0.4188,-0.3609,0.3763,2
3-Methyladenine,0.3554,NA,NA,0.3532,NA,-0.3721,0.3543,3
Pifithrin,0.3549,0.3404,0.354,0.4864,NA,-0.3225,0.38392499999999996,1
RG2833 (RGFP109),0.3542,NA,NA,0.4037,NA,-0.4001,0.37895,3
Danusertib,0.3529,NA,0.3974,0.7774,0.433,-0.3228,0.49017499999999997,1
Dacinostat,0.3512,NA,NA,0.5071,NA,-0.3659,0.42915000000000003,3
Inolitazone (dihydrochloride),0.3505,NA,0.4272,0.3857,0.396,-0.3414,0.38985000000000003,1
Pevonedistat,0.3492,0.3822,0.3437,0.6188,0.4932,-0.3249,0.43742000000000003,0
CHEMBL1394132,0.3487,NA,NA,0.6038,NA,-0.3214,0.47625,3
AGK 2,0.3486,0.4228,0.4979,0.4918,0.389,-0.3486,0.43002,0
Adarotene,0.3484,NA,0.4499,0.7154,NA,-0.3245,0.5045666666666667,2
Ttnpb,0.3481,NA,0.3227,NA,NA,-0.3285,0.33540000000000003,3
CHEMBL2133926,0.3466,NA,0.4343,0.3984,0.3378,-0.4011,0.37927500000000003,1
vincristine,0.3464,NA,NA,0.3897,0.3718,-0.3947,0.3693,2
Phorbol 12-myristate-13-acetate,0.345,NA,0.634,0.4681,0.4294,-0.3297,0.469125,1
OSI-027,0.3439,0.3378,0.3322,0.4151,0.3777,-0.3319,0.36134,0
BS-181,0.3432,0.3336,NA,0.4471,0.4475,-0.3234,0.39285000000000003,1
"Triazolothiadiazine, 28",0.3417,NA,NA,NA,0.4133,-0.3289,0.3775,3
MAYBRIDGE4_003028,0.3415,NA,NA,0.5259,0.3529,-0.4426,0.40676666666666667,2
Panobinostat,0.3407,0.4557,NA,0.4897,0.4909,-0.3233,0.44425000000000003,1
CHEMBL2131973,0.3402,NA,NA,0.3866,0.4256,-0.3259,0.3841333333333333,2
Meclofenamic acid,0.3386,NA,0.4242,0.398,0.3688,-0.3402,0.3824,1
Resminostat,0.3386,0.3693,NA,0.4002,NA,-0.4659,0.3693666666666667,2
Quizartinib,0.3379,0.4161,0.5489,0.4967,0.4556,-0.4554,0.45104,0
SCHEMBL12684744,0.3342,NA,NA,0.4093,0.505,-0.3254,0.4161666666666667,2
AZ628,0.3334,0.3614,0.6001,0.5233,0.3993,-0.3338,0.4435,0
SCHEMBL2608041,0.3332,NA,0.5687,0.4687,NA,-0.4645,0.45686666666666664,2
CHEMBL2144875,0.333,NA,0.5194,0.3639,NA,-0.3984,0.4054333333333333,2
Carvedilol,0.3325,0.3469,NA,0.4493,0.3515,-0.4437,0.37005,1
AZD4547,0.33,0.3232,0.348,0.5094,0.4374,-0.3341,0.3896,0
CHEMBL2359798,0.3297,NA,0.4447,NA,NA,-0.4024,0.3872,3
Toremifene,0.3295,0.3427,0.4914,0.5518,0.3637,-0.3629,0.41582,0
CHEMBL1720543,0.3294,0.3871,0.3801,0.7576,0.3922,-0.3745,0.44928,0
Ursolic acid,0.3284,NA,0.616,0.4294,NA,-0.3484,0.45793333333333336,2
AC1O7M2R,0.3281,NA,0.5094,NA,0.5524,-0.3418,0.4633,2
ST50903421,0.3261,NA,0.572,NA,NA,-0.4118,0.44904999999999995,3
Dorsomorphin,0.3238,NA,0.3224,0.5281,0.4822,-0.3344,0.414125,1
Glyburide,0.3231,NA,0.5776,0.4449,0.4553,-0.3628,0.450225,1
GSK-J1,0.323,NA,NA,0.5635,0.37,-0.3781,0.41883333333333334,2
Amitriptyline,0.3218,NA,0.3661,0.4065,0.3521,-0.3878,0.361625,1
Zileuton,NA,0.4986,0.3456,NA,0.4081,-0.3342,0.4174333333333333,2
PIK 75,NA,0.4378,NA,0.4551,NA,-0.4145,0.44645,3
PDK1 Inhibitor,NA,0.4369,0.4159,0.4064,0.4457,-0.3408,0.42622499999999997,1
NUTLIN 3,NA,0.4301,0.4571,0.754,0.374,-0.3283,0.5038,1
MW-STK33-100,NA,0.4255,NA,0.3326,0.3756,-0.3252,0.3779,2
252916-29-3,NA,0.4208,0.4735,NA,NA,-0.3481,0.44715,3
ST072947,NA,0.4164,0.3219,0.339,0.3436,-0.3841,0.355225,1
Sunitinib,NA,0.4074,0.401,0.4159,0.5759,-0.3427,0.45005,1
BMS-299897,NA,0.4061,NA,0.4643,0.3854,-0.3239,0.4186,2
MBX-2982,NA,0.4055,0.4625,NA,NA,-0.4211,0.43400000000000005,3
Pomalidomide,NA,0.393,0.5878,NA,0.3571,-0.3268,0.4459666666666667,2
PD-198306,NA,0.3919,NA,0.3808,0.3387,-0.3295,0.37046666666666667,2
Primaquine,NA,0.3916,0.4467,0.6501,0.3736,-0.4113,0.4655,1
PP 2,NA,0.3849,0.362,0.4955,0.4008,-0.3246,0.4108,1
PHA-767491,NA,0.3848,0.3259,0.4511,0.36,-0.334,0.38045,1
ABT-751,NA,0.3836,NA,0.5567,NA,-0.3296,0.47014999999999996,3
Flunisolide,NA,0.3832,NA,0.4575,0.3621,-0.3345,0.4009333333333333,2
5-Nitroso-8-cinnolinol,NA,0.3826,NA,0.5564,0.3382,-0.3477,0.42573333333333335,2
Spironolactone,NA,0.378,NA,0.4029,NA,-0.3532,0.39044999999999996,3
AC1NWALC,NA,0.3749,0.591,0.5502,NA,-0.3429,0.5053666666666666,2
VRT752271,NA,0.3748,0.3684,0.4598,NA,-0.3254,0.401,2
Licarbazepine,NA,0.3732,NA,0.3951,NA,-0.3575,0.38415,3
L-690488,NA,0.373,0.3653,0.5163,0.4858,-0.4795,0.4351,1
"2-(2,4-Dichlorophenoxy)-n-(4-methyl-2-nitrophenyl)acetamide",NA,0.3712,0.4011,0.4126,NA,-0.339,0.3949666666666667,2
CHEMBL3188661,NA,0.3711,0.3879,0.4718,NA,-0.3602,0.41026666666666667,2
Ethacrynic acid,NA,0.3674,0.3682,0.3625,0.4943,-0.342,0.3981,1
4-Methoxy-2-(4-propoxyphenyl)quinazoline,NA,0.3609,0.3594,0.4957,NA,-0.3813,0.4053333333333333,2
BMS-509744,NA,0.3607,0.3413,0.4296,0.345,-0.368,0.36915,1
Lidoflazine,NA,0.3577,0.4872,0.4986,NA,-0.3311,0.44783333333333336,2
Pseudopelletierine,NA,0.3561,0.4139,0.4399,NA,-0.3233,0.4033,2
HY-11007,NA,0.356,NA,0.3977,0.3821,-0.3264,0.3786,2
Emend,NA,0.354,0.3692,NA,NA,-0.3211,0.3616,3
PRESTWICK3_000646,NA,0.347,0.549,0.4973,NA,-0.3557,0.46443333333333336,2
Berberine,NA,0.3452,0.7262,0.7018,NA,-0.4361,0.5910666666666666,2
Reversine,NA,0.3427,0.6215,0.4055,0.3839,-0.3873,0.4384,1
Indigo Red,NA,0.3425,0.5384,NA,NA,-0.4039,0.44045,3
1166227-08-2,NA,0.3402,NA,0.4381,0.3384,-0.332,0.3722333333333333,2
Mycophenolate Mofetil,NA,0.3401,NA,0.6372,0.4187,-0.3338,0.4653333333333333,2
Fumonisin-B1,NA,0.3395,NA,0.4317,0.3562,-0.3276,0.3758,2
Acetylcysteine,NA,0.3395,NA,0.4724,0.331,-0.3331,0.3809666666666667,2
AC1MJ3VH,NA,0.3387,0.3441,0.8532,0.4798,-0.3219,0.50395,1
Tunicamycin From Streptomyces Sp.,NA,0.3382,NA,0.6119,0.3752,-0.3775,0.44176666666666664,2
Idelalisib,NA,0.3373,0.351,0.4279,0.3322,-0.3212,0.3621,1
Adapalene,NA,0.3368,0.3561,0.6942,NA,-0.3472,0.4623666666666667,2
SCHEMBL17857056,NA,0.3341,NA,0.4767,0.4012,-0.3503,0.404,2
PI828,NA,0.3331,0.3492,0.4368,NA,-0.3426,0.37303333333333333,2
CHEMBL1698064,NA,0.3327,0.398,0.6094,NA,-0.354,0.44670000000000004,2
Anisomycin,NA,0.3288,0.4508,0.4521,NA,-0.3282,0.41056666666666664,2
F1679-0128,NA,0.3269,0.498,0.6386,NA,-0.3416,0.48783333333333334,2
CHEMBL2057941,NA,0.3268,0.4323,0.813,NA,-0.3379,0.5240333333333334,2
AC1NSZCT,NA,0.3251,NA,0.4147,0.3482,-0.3704,0.3626666666666667,2
Thiothixene,NA,0.3225,0.3696,0.5079,0.3286,-0.3314,0.38215,1
Pitavastatin Calcium,NA,0.5338,0.3285,0.6613,NA,-0.329,0.5078666666666667,2
GSK-1904529A,NA,0.4747,NA,0.5712,0.4905,-0.3496,0.5121333333333333,2
Valsartan,NA,0.4697,0.352,0.5252,0.3728,-0.3572,0.429925,1
Diloxanide Furoate,NA,0.4685,0.5279,0.336,0.3568,-0.3605,0.4223,1
Gliclazide,NA,0.4613,0.371,0.4496,NA,-0.361,0.4273,2
BIX01294,NA,0.461,0.3907,0.4605,0.5385,-0.3338,0.462675,1
Minoxidil,NA,0.4477,NA,0.5314,0.3569,-0.3221,0.4453333333333333,2
UNII-MET7ZRB8Y7,NA,0.4474,0.3525,0.4226,0.4767,-0.3676,0.4248,1
CHEMBL2132289,NA,0.4474,0.4992,0.5213,0.3965,-0.3363,0.4661,1
Floxuridine,NA,0.4437,0.5117,0.7622,0.3813,-0.3773,0.524725,1
MLS002729074,NA,0.4306,0.3683,0.6042,0.5258,-0.3335,0.482225,1
Irinotecan,NA,0.4296,0.6771,0.8578,0.4538,-0.3212,0.604575,1
SPECTRUM_001522,NA,0.428,NA,0.3441,0.371,-0.3277,0.38103333333333333,2
Etoposide,NA,0.4186,0.5508,0.7963,0.3762,-0.3259,0.535475,1
MLS001065858,NA,0.4148,NA,0.374,NA,-0.3516,0.3944,3
CHEMBL1706858,NA,0.4144,0.4402,0.7802,0.3217,-0.3593,0.489125,1
Budesonide,NA,0.4066,0.3948,0.367,0.3249,-0.324,0.373325,1
Cytarabine,NA,0.4045,0.4191,0.6529,0.4499,-0.3805,0.48160000000000003,1
5-Nonyloxytryptamine,NA,0.3977,NA,0.356,NA,-0.3255,0.37685,3
Teniposide,NA,0.3909,0.4658,0.9339,0.4906,-0.3277,0.5703,1
Fdurd,NA,0.3907,NA,0.6691,NA,-0.3251,0.5299,3
SCHEMBL12187882,NA,0.3873,NA,0.3943,0.3277,-0.348,0.36976666666666663,2
"4,11-Diethyl-4,9-dihydroxy-1H-pyrano[3',4':6,7]indolizino[1,2-b]quinoline-3,14(4H,12H)-dione",NA,0.3858,0.4872,0.888,0.4631,-0.3277,0.556025,1
Camptothecin,NA,0.3841,0.399,0.8285,0.4314,-0.3269,0.51075,1
Epirizole,NA,0.3839,NA,0.455,NA,-0.3274,0.41945,3
6-fluoro-3-hydroxypyrazine-2-carboxamide,NA,0.3833,0.582,0.3422,NA,-0.3518,0.4358333333333333,2
Danazol,NA,0.3792,NA,0.4235,0.3843,-0.3491,0.39566666666666667,2
Fludarabine,NA,0.3777,0.4098,0.6346,0.3466,-0.3311,0.442175,1
CHEMBL277800,NA,0.3758,0.5316,0.7827,0.4783,-0.3247,0.5421,1
Propylthiouracil,NA,0.3712,0.6677,NA,0.3758,-0.3795,0.47156666666666663,2
Fluticasone Propionate,NA,0.3701,0.322,0.4069,NA,-0.3452,0.36633333333333334,2
Minaprine,NA,0.3693,NA,0.3891,NA,-0.3608,0.3792,3
Zuclomiphene,NA,0.3611,0.3693,0.3898,0.4401,-0.3761,0.390075,1
Bupropion,NA,0.3507,0.3884,0.3898,NA,-0.3516,0.3763,2
Olprinone (Hydrochloride),NA,0.3481,0.3824,NA,NA,-0.4237,0.36525,3
Lavendustin C,NA,0.3473,NA,NA,0.4384,-0.345,0.39285000000000003,3
17-DMAG (Alvespimycin) HCl,NA,0.3427,NA,0.6153,0.5732,-0.3388,0.5104,2
Bendroflumethiazide,NA,0.3413,NA,0.3305,0.3967,-0.3826,0.3561666666666667,2
etoposide,NA,0.3411,0.3883,0.7519,NA,-0.3231,0.4937666666666667,2
Maprotiline,NA,0.3383,NA,0.4546,NA,-0.3998,0.39644999999999997,3
BRD-K74316684,NA,0.3342,NA,0.4407,NA,-0.3678,0.38744999999999996,3
6266-99-5,NA,0.3315,0.4255,0.8289,NA,-0.3272,0.5286333333333333,2
Pracinostat,NA,0.3297,0.3802,0.4517,NA,-0.3457,0.3872,2
GDC-0980 (RG7422),NA,0.3282,0.5746,0.4746,0.3323,-0.3289,0.427425,1
Methotrexate,NA,0.327,0.4217,0.5318,NA,-0.3404,0.42683333333333334,2
CHEMBL2360506,NA,0.3264,NA,0.3844,0.3787,-0.3742,0.3631666666666667,2
Nafadotride,NA,0.3211,NA,0.4648,0.3682,-0.3452,0.3847,2
Ornidazole,NA,NA,0.7422,0.3817,NA,-0.4561,0.56195,3
Dinoprost,NA,NA,0.7272,0.3999,NA,-0.3315,0.56355,3
BRD-K43623238,NA,NA,0.7174,NA,0.436,-0.4292,0.5767,3
"Forskolin, NKH477",NA,NA,0.716,NA,0.3774,-0.3932,0.5467,3
Colforsin,NA,NA,0.7135,0.4454,0.4451,-0.3805,0.5346666666666666,2
Avicin-G,NA,NA,0.7021,0.5155,0.3887,-0.3285,0.5354333333333333,2
Alprostadil,NA,NA,0.6968,0.4111,NA,-0.4306,0.5539499999999999,3
CPI-613,NA,NA,0.6946,NA,0.4015,-0.4271,0.54805,3
"Temsirolimus (CCI-779, NSC 683864)",NA,NA,0.682,0.478,NA,-0.4826,0.5800000000000001,3
FAMPRIDINE,NA,NA,0.6811,NA,0.4188,-0.3546,0.54995,3
Hemado,NA,NA,0.6742,0.3897,NA,-0.3833,0.53195,3
Prothiaden Spofa,NA,NA,0.6701,NA,0.4362,-0.4339,0.55315,3
Iguratimod,NA,NA,0.6468,0.3952,NA,-0.3815,0.521,3
"Tazac, Axid, Axid Ar, Nizatidine",NA,NA,0.6464,0.4253,NA,-0.4302,0.5358499999999999,3
AC1NWALF,NA,NA,0.6458,0.5804,0.5903,-0.3276,0.6055,2
SCHEMBL8922766,NA,NA,0.6441,NA,0.4564,-0.3692,0.55025,3
BRD-A10420615-001-02-8,NA,NA,0.6368,0.3332,0.5312,-0.4232,0.5004,2
BRD-K03651937,NA,NA,0.621,NA,0.3476,-0.3695,0.4843,3
GR-79236,NA,NA,0.6173,0.3355,0.3509,-0.3348,0.43456666666666666,2
Taranabant,NA,NA,0.6089,0.4526,0.3243,-0.4481,0.4619333333333333,2
BRD-K67090983,NA,NA,0.5892,0.5244,NA,-0.4527,0.5568,3
Warfarin,NA,NA,0.5888,0.3901,NA,-0.4212,0.48945,3
Procyclidine,NA,NA,0.5856,NA,0.3375,-0.3672,0.46155,3
CHEMBL2357390,NA,NA,0.5819,NA,0.3755,-0.4197,0.4787,3
Tipiracil (hydrochloride),NA,NA,0.5787,0.4694,NA,-0.3522,0.52405,3
NSC25485,NA,NA,0.5747,0.5583,NA,-0.3464,0.5665,3
Riluzole,NA,NA,0.5653,0.6457,0.3315,-0.373,0.5141666666666667,2
Methandriol,NA,NA,0.5649,0.366,NA,-0.3391,0.46545,3
Bufalin,NA,NA,0.5602,0.6025,NA,-0.3237,0.58135,3
BRD-K60297835,NA,NA,0.56,NA,0.3406,-0.3765,0.45030000000000003,3
TGX 221,NA,NA,0.5587,0.4237,0.4112,-0.3328,0.46453333333333335,2
OSI-906 (Linsitinib),NA,NA,0.5553,0.3905,NA,-0.3746,0.4729,3
BRD-K69888333,NA,NA,0.5533,0.5955,NA,-0.4313,0.5744,3
SPECTRUM2_001084,NA,NA,0.5486,0.5245,NA,-0.3242,0.53655,3
Xanthohumol,NA,NA,0.5357,NA,0.3477,-0.3664,0.4417,3
BRD-K01335708,NA,NA,0.5345,0.4756,NA,-0.3399,0.50505,3
LY2801653,NA,NA,0.534,0.6104,0.4063,-0.3423,0.5169,2
SAN1_003817,NA,NA,0.5293,0.5349,NA,-0.3225,0.5321,3
Isocycloheximide,NA,NA,0.526,0.4423,NA,-0.3482,0.48415,3
SB 242235,NA,NA,0.5196,0.5938,NA,-0.3656,0.5567,3
Lintitript,NA,NA,0.5128,NA,0.4222,-0.3719,0.4675,3
PX 12,NA,NA,0.4936,0.5106,0.3937,-0.3839,0.4659666666666667,2
Cycloheximide,NA,NA,0.4927,0.5957,0.3856,-0.3302,0.49133333333333334,2
MDL 72832,NA,NA,0.4893,0.338,NA,-0.4083,0.41365,3
REGADENOSON,NA,NA,0.4891,0.3629,NA,-0.3373,0.426,3
Diphenyleneiodonium,NA,NA,0.4868,0.7292,NA,-0.3684,0.608,3
Pralatrexate,NA,NA,0.485,0.6117,NA,-0.3326,0.54835,3
Raltitrexed,NA,NA,0.4828,0.6439,0.3906,-0.3331,0.5057666666666667,2
CHEMBL2136858,NA,NA,0.4828,0.3849,NA,-0.4135,0.43385,3
Ganciclovir,NA,NA,0.4812,0.3596,NA,-0.35,0.4204,3
1268524-70-4,NA,NA,0.4805,0.5,NA,-0.3216,0.49024999999999996,3
Metaproterenol,NA,NA,0.4794,0.4535,0.4077,-0.3354,0.4468666666666667,2
SCHEMBL10026606,NA,NA,0.4775,0.3976,NA,-0.3337,0.43755,3
Dapivirine (TMC120),NA,NA,0.4771,0.7473,NA,-0.3407,0.6122,3
Cisapride,NA,NA,0.4762,0.5659,NA,-0.3512,0.52105,3
BRD-K55113501-001-01-2,NA,NA,0.4752,0.3485,NA,-0.3303,0.41185,3
BRD-K68340318,NA,NA,0.473,NA,0.3578,-0.3798,0.4154,3
CHEMBL2359459,NA,NA,0.4696,NA,0.3594,-0.3955,0.4145,3
KPT-330,NA,NA,0.4682,0.6149,NA,-0.3354,0.54155,3
2-Aminopurine,NA,NA,0.4654,0.3334,NA,-0.4247,0.3994,3
Donitriptan hydrochloride,NA,NA,0.4637,0.6855,0.3239,-0.3211,0.4910333333333333,2
CHEMBL2361177,NA,NA,0.4635,NA,0.7565,-0.4009,0.61,3
SCHEMBL10061624,NA,NA,0.4632,NA,0.7404,-0.3452,0.6018,3
TENOVIN-1,NA,NA,0.4628,0.7289,NA,-0.4115,0.59585,3
BRD-K76418961,NA,NA,0.4626,0.8576,0.41,-0.4341,0.5767333333333333,2
Somatostatin,NA,NA,0.4607,NA,0.3803,-0.3338,0.4205,3
SMP2_000249,NA,NA,0.4568,0.4904,0.3646,-0.3392,0.43726666666666664,2
Cobicistat (GS-9350),NA,NA,0.453,0.4442,NA,-0.3307,0.4486,3
Broad-Sai-609,NA,NA,0.4517,0.427,NA,-0.3731,0.43935,3
BRD-K47512679,NA,NA,0.4516,NA,0.3261,-0.3633,0.38885000000000003,3
N-[4-(Acridin-9-ylmethyl)-3-methoxyphenyl]methanesulfonamide,NA,NA,0.4485,0.7054,NA,-0.3343,0.5769500000000001,3
Arglabin,NA,NA,0.4481,0.4453,NA,-0.3263,0.4467,3
Carmofur,NA,NA,0.4475,0.6397,NA,-0.3376,0.5436000000000001,3
Obatoclax,NA,NA,0.4464,0.388,0.408,-0.347,0.41413333333333335,2
"6,10,10B-Trihydroxy-3,4a,7,7,10a-pentamethyl-1-oxo-3-vinyldodecahydro-1H-benzo[f]chromen-5-yl acetate",NA,NA,0.445,0.3506,0.3865,-0.3377,0.39403333333333335,2
CHEMBL2130568,NA,NA,0.445,0.5112,0.3366,-0.3234,0.43093333333333333,2
Clofarabine,NA,NA,0.4433,0.6972,NA,-0.3752,0.57025,3
NCGC00172397-01,NA,NA,0.4428,0.3841,0.3541,-0.3327,0.39366666666666666,2
BRD-K63423329,NA,NA,0.4408,0.4154,NA,-0.3235,0.42810000000000004,3
Atorvastatin,NA,NA,0.4407,0.4956,NA,-0.3215,0.46814999999999996,3
Pioglitazone,NA,NA,0.4407,0.4005,0.4003,-0.3611,0.41383333333333333,2
Clofoctol,NA,NA,0.439,0.3424,0.3645,-0.3768,0.3819666666666667,2
BRD-K28610502-001-01-0,NA,NA,0.439,0.4209,NA,-0.3557,0.42995,3
Gly-Gly-Palo,NA,NA,0.4339,0.4021,NA,-0.3331,0.41800000000000004,3
Felodipine,NA,NA,0.4299,NA,0.4959,-0.3449,0.4629,3
Afuresertib,NA,NA,0.4293,0.465,NA,-0.3504,0.44715000000000005,3
Amethopterin,NA,NA,0.427,0.441,NA,-0.3655,0.434,3
CHEMBL2142321,NA,NA,0.4197,0.4758,NA,-0.3596,0.44775,3
CHEMBL2356523,NA,NA,0.4182,0.4572,NA,-0.3631,0.4377,3
CHEMBL2141722,NA,NA,0.4172,0.4718,0.3319,-0.323,0.40696666666666664,2
CHEMBL2139070,NA,NA,0.4141,0.4529,NA,-0.4537,0.4335,3
nimodipine,NA,NA,0.4129,0.4691,NA,-0.3588,0.441,3
Emodic acid,NA,NA,0.4102,0.6427,NA,-0.3661,0.5264500000000001,3
Ammonium Glycyrrhizinate,NA,NA,0.4074,0.4165,NA,-0.3477,0.41195,3
MRE-269,NA,NA,0.4066,0.5318,NA,-0.3436,0.46920000000000006,3
Mometasone Furoate,NA,NA,0.4058,0.4659,NA,-0.3551,0.43584999999999996,3
AV-412 (free base),NA,NA,0.4054,0.4276,NA,-0.3252,0.4165,3
Tremulacin,NA,NA,0.4044,0.7477,0.5684,-0.3581,0.5735,2
BRD-K42197878,NA,NA,0.4044,0.8341,0.5527,-0.3225,0.5970666666666666,2
CHEMBL1716096,NA,NA,0.4039,0.6683,0.4877,-0.5637,0.5199666666666667,2
CHEMBL2135649,NA,NA,0.4035,0.3741,NA,-0.4122,0.38880000000000003,3
BRD-K60067222,NA,NA,0.4027,0.3389,NA,-0.4333,0.3708,3
BRD-K99999497,NA,NA,0.3997,0.4477,NA,-0.6075,0.42369999999999997,3
MAZ51,NA,NA,0.3985,0.6615,NA,-0.3407,0.53,3
313516-66-4,NA,NA,0.3968,NA,0.4239,-0.3459,0.41035,3
Lexibulin,NA,NA,0.3933,0.5531,0.3771,-0.3245,0.44116666666666665,2
CHEMBL2131985,NA,NA,0.393,NA,0.3804,-0.3938,0.38670000000000004,3
UNII-5J49Q6B70F,NA,NA,0.3922,NA,0.5033,-0.4827,0.44775,3
Altrenogest,NA,NA,0.3917,0.4858,NA,-0.381,0.43875,3
ML228,NA,NA,0.3899,0.4701,NA,-0.4044,0.43000000000000005,3
(+)-Camptothecin,NA,NA,0.3896,0.6217,NA,-0.4361,0.50565,3
DOCETAXEL,NA,NA,0.3872,0.703,NA,-0.3801,0.5450999999999999,3
AC1LUIBL,NA,NA,0.3849,0.3795,0.4221,-0.494,0.3955,2
Indirubin-3'monoxime,NA,NA,0.3848,0.4155,0.471,-0.4029,0.4237666666666666,2
BRD-K84528570,NA,NA,0.3818,0.8093,0.3286,-0.3667,0.5065666666666666,2
Phorbol Myristate Acetate,NA,NA,0.3804,0.5334,NA,-0.3308,0.4569,3
SN-38,NA,NA,0.3752,0.702,0.3498,-0.3237,0.4756666666666666,2
NCGC00166323-01,NA,NA,0.3734,0.6675,0.461,-0.332,0.5006333333333334,2
NCGC00011767,NA,NA,0.3706,0.3733,NA,-0.3647,0.37195,3
Benfluorex,NA,NA,0.3698,0.4445,NA,-0.3838,0.40715,3
RG7388,NA,NA,0.3686,0.847,0.3877,-0.3285,0.5344333333333333,2
Mbcq,NA,NA,0.368,0.4411,0.4615,-0.3596,0.4235333333333333,2
Ticagrelor,NA,NA,0.3646,0.412,NA,-0.4662,0.3883,3
sirolimus,NA,NA,0.362,NA,0.3629,-0.3296,0.36245,3
MLS002607797,NA,NA,0.3619,0.7652,NA,-0.3226,0.56355,3
TH-302,NA,NA,0.3606,0.7126,0.3367,-0.324,0.46996666666666664,2
3-Aminobenzamide,NA,NA,0.3583,0.3573,0.6319,-0.4166,0.44916666666666666,2
Amonafide,NA,NA,0.3533,0.7912,0.4271,-0.3288,0.5238666666666667,2
Lypressin,NA,NA,0.3526,0.3509,0.3791,-0.3947,0.36086666666666667,2
BRD-K21387011,NA,NA,0.3508,NA,0.3541,-0.3348,0.35245000000000004,3
Pimobendan,NA,NA,0.3498,0.7677,0.3301,-0.3243,0.48253333333333337,2
NU-7026,NA,NA,0.3493,0.5337,NA,-0.3403,0.4415,3
Sepantronium,NA,NA,0.3484,0.4329,0.3937,-0.3683,0.39166666666666666,2
"ICI182, 780",NA,NA,0.3439,0.3522,NA,-0.3349,0.34804999999999997,3
Butein,NA,NA,0.3425,0.4874,0.582,-0.3393,0.47063333333333335,2
CHEMBL2142877,NA,NA,0.3411,0.4972,0.364,-0.3328,0.40076666666666666,2
CHEMBL2358729,NA,NA,0.3409,0.3622,NA,-0.3818,0.35155000000000003,3
"Methyl-6,7-dimethoxy-4-ethyl-beta-carboline-3-carboxylate",NA,NA,0.3382,0.3672,NA,-0.3426,0.3527,3
CHEMDIV3_005068,NA,NA,0.337,0.6243,0.4729,-0.3318,0.47806666666666664,2
Bitopertin,NA,NA,0.3349,0.449,0.4268,-0.3982,0.4035666666666667,2
Cediranib,NA,NA,0.3347,0.4089,0.3918,-0.3242,0.3784666666666667,2
NMS-1286937,NA,NA,0.3285,0.4875,NA,-0.3216,0.40800000000000003,3
Vitinoin,NA,NA,0.3261,0.5148,NA,-0.3321,0.42045,3
CID 75037095,NA,NA,0.3255,0.4191,NA,-0.344,0.37229999999999996,3
Topotecan,NA,NA,0.3232,0.5328,NA,-0.3311,0.42800000000000005,3
Raloxifene,NA,NA,0.5095,0.4588,0.4071,-0.3282,0.45846666666666663,2
Pimasertib,NA,NA,0.4986,0.5329,NA,-0.3482,0.51575,3
I-BET151,NA,NA,0.4514,0.44,NA,-0.3297,0.4457,3
Taurocholate,NA,NA,0.4236,NA,0.4644,-0.4683,0.44399999999999995,3
Levonorgestrel,NA,NA,0.3891,0.5143,0.3897,-0.3238,0.4310333333333333,2
R547,NA,NA,0.3852,0.459,NA,-0.3223,0.42210000000000003,3
Abexinostat,NA,NA,0.3596,0.4423,0.3314,-0.3221,0.37776666666666664,2
BRD-K41087962,NA,NA,0.3547,0.7941,0.4656,-0.3414,0.5381333333333334,2
MLS001250347,NA,NA,0.3472,0.3668,NA,-0.3325,0.357,3
BRD-K04856990,NA,NA,0.3433,0.3798,NA,-0.443,0.36155000000000004,3
DY131,NA,NA,0.3417,0.5955,0.4714,-0.3616,0.46953333333333336,2
NSC650841,NA,NA,0.3404,0.4424,0.4278,-0.3305,0.40353333333333335,2
Ischemin,NA,NA,0.3336,0.4743,0.4617,-0.3211,0.4232,2
4-(Trans-4-butylcyclohexyl)benzoic acid,NA,NA,0.3311,0.4223,NA,-0.3225,0.37670000000000003,3
Galeterone,NA,NA,0.331,NA,0.4042,-0.3315,0.36760000000000004,3
MDL 29951,NA,NA,0.3299,0.3461,0.333,-0.3943,0.3363333333333334,2
Bithionol,NA,NA,0.3249,0.4479,0.3308,-0.3781,0.3678666666666667,2
AP26113,NA,NA,0.3243,0.4405,NA,-0.3391,0.38239999999999996,3
PRIMA 1,NA,NA,0.324,NA,0.3673,-0.329,0.34565,3
AMG 232,NA,NA,0.3218,0.7939,0.3592,-0.3286,0.49163333333333337,2
ENMD-2076,NA,NA,NA,0.6855,0.4131,-0.3246,0.5493,3
CHEMBL1887751,NA,NA,NA,0.6771,0.3252,-0.4187,0.50115,3
Protionamide,NA,NA,NA,0.6687,0.4246,-0.3665,0.54665,3
C23H24CLN3O5,NA,NA,NA,0.637,0.3427,-0.3369,0.48985,3
Axitinib,NA,NA,NA,0.6308,0.4889,-0.3408,0.55985,3
Homosalate,NA,NA,NA,0.6224,0.4734,-0.3837,0.5478999999999999,3
CEP-701,NA,NA,NA,0.6021,0.5087,-0.3435,0.5554,3
"O-(OCTAHYDRO-1H-4,7-METHANOINDEN-5-YL) HYDROGEN CARBONODITHIOATE",NA,NA,NA,0.5995,0.3771,-0.3914,0.4883,3
Busulfan,NA,NA,NA,0.5884,0.3752,-0.3632,0.4818,3
BRD-K32568627,NA,NA,NA,0.5828,0.407,-0.4028,0.4949,3
NSC141540,NA,NA,NA,0.5786,0.3396,-0.3278,0.4591,3
SCHEMBL16892136,NA,NA,NA,0.5276,0.3666,-0.328,0.44709999999999994,3
Rhodomyrtoxin B,NA,NA,NA,0.4855,0.4237,-0.4461,0.4546,3
Thioguanosine,NA,NA,NA,0.446,0.4531,-0.3434,0.44955,3
BRD-K53501402,NA,NA,NA,0.4447,0.3533,-0.3782,0.399,3
BRD-K38477985,NA,NA,NA,0.4265,0.3958,-0.3697,0.41115,3
"MEK162 (ARRY-162, ARRY-438162)",NA,NA,NA,0.4222,0.4029,-0.3243,0.41255,3
SPOX1_000823,NA,NA,NA,0.4157,0.4846,-0.4254,0.45015,3
ZINC28755859,NA,NA,NA,0.3833,0.3619,-0.3573,0.3726,3
CHEMBL2357518,NA,NA,NA,0.3649,0.3641,-0.3347,0.3645,3
CGP-7930,NA,NA,NA,0.3453,0.4419,-0.45,0.3936,3
"2-(4-chlorophenyl)-3-(2-methoxyphenyl)hexahydro-1H-pyrrolo[1,2-c]imidazol-1-one",NA,NA,NA,0.3299,0.3444,-0.3333,0.33715,3
Dehydroepiandrosterone Acetate,NA,NA,NA,0.5291,0.7035,-0.3589,0.6163000000000001,3
Amylocaine,NA,NA,NA,0.517,0.4185,-0.3361,0.46775,3
10-DEBC,NA,NA,NA,0.505,0.5593,-0.4205,0.53215,3
MLS002703102,NA,NA,NA,0.4899,0.4085,-0.3513,0.4492,3
MLS-0435541.0001,NA,NA,NA,0.4674,0.63,-0.3862,0.5487,3
MLS002222336,NA,NA,NA,0.4648,0.3568,-0.3349,0.4108,3
MLS-0435432.0001,NA,NA,NA,0.4485,0.3316,-0.3335,0.39005,3
Pazufloxacin,NA,NA,NA,0.4412,0.4415,-0.3446,0.44135,3
CHEMBL1868923,NA,NA,NA,0.4257,0.4195,-0.3389,0.4226,3
GR-55562,NA,NA,NA,0.4061,0.3245,-0.4549,0.3653,3
Scriptaid,NA,NA,NA,0.3934,0.5873,-0.3273,0.49035000000000006,3
SPECTRUM3_001992,NA,NA,NA,0.3921,0.3497,-0.3312,0.3709,3
Diflorasone Diacetate,NA,NA,NA,0.3855,0.3493,-0.3507,0.3674,3
VX-11E,NA,NA,NA,0.3835,0.4846,-0.3277,0.43405,3
PCL2_000154,NA,NA,NA,0.3832,0.4825,-0.4019,0.43284999999999996,3
BRD-K08663380,NA,NA,NA,0.3757,0.4541,-0.3295,0.4149,3
Bepotastine Besilate,NA,NA,NA,0.3725,0.3711,-0.3238,0.3718,3
MLS000778276,NA,NA,NA,0.371,0.5563,-0.3719,0.46365,3
Nitazoxanide,NA,NA,NA,0.3693,0.3716,-0.4272,0.37045,3
Voriconazole,NA,NA,NA,0.3685,0.4444,-0.3559,0.40645,3
HMS2093P09,NA,NA,NA,0.3555,0.3587,-0.3551,0.3571,3
BRD-K90543092-001-01-2,NA,NA,NA,0.3447,0.4129,-0.3444,0.3788,3
karakoline,NA,NA,NA,0.3445,0.3845,-0.4223,0.3645,3
