compound,avg,sdev,fda_status,covidc,covidm,a549,ace2,selected,top,ident
(+)-Camptothecin,0.46469958333333333,0.06120432198110414,fda,1,0,0,0,0,0,1
10-DEBC,0.5306095833333333,0.04501764409606879,non_fda,1,0,4,0,0,0,5
1166227-08-2,0.5170060416666666,0.10126119776580894,non_fda,1,0,4,0,0,0,5
1268524-70-4,0.5086760416666667,0.04888918846899329,non_fda,1,0,4,0,0,0,5
"13-Hydroxy-8,14,19-trimethoxy-4,10,12,16-tetramethyl-3,20,22-trioxo-2-azabicyclo[16.3.1]docosa-1(21),4,6,10,18-pentaen-9-yl carbamate",0.6214239583333334,0.03630293877143365,non_fda,1,0,4,8,0,0,13
"13-Methyl-7-[9-(4,4,5,5,5-pentafluoropentylsulfinyl)nonyl]-6,7,8,9,11,12,14,15,16,17-decahydrocyclopenta[a]phenanthrene-3,17-diol",0.48654270833333335,0.06074244116497588,non_fda,1,0,4,0,0,0,5
16Beta-bromoandrosterone,0.46582104166666666,0.06451721043882432,non_fda,1,0,4,0,0,0,5
179324-69-7,0.5269297916666666,0.06390834788131086,non_fda,1,2,4,0,0,0,7
3-(4-Pyridyl)indole,0.5266466666666667,0.0758844870327409,non_fda,1,0,4,8,0,0,13
3-Aminobenzamide,0.5090547916666667,0.057630743500140344,non_fda,1,0,4,0,0,0,5
"3,6-Dimethyl-9-[6-(oxiran-2-yl)-6-oxohexyl]decahydropyrrolo[1,2-a][1,4,7,10]tetraazacyclododecine-1,4,7,10-tetrone",0.45067395833333335,0.0617382141952121,non_fda,1,0,0,0,0,0,1
331771-20-1,0.5117097916666666,0.04798585426843032,non_fda,1,2,4,0,0,0,7
"4,11-Diethyl-4,9-dihydroxy-1H-pyrano[3',4':6,7]indolizino[1,2-b]quinoline-3,14(4H,12H)-dione",0.5112285416666666,0.05566534459106904,non_fda,1,0,4,8,0,0,13
4LY1,0.43293,0.0471370321425347,non_fda,1,0,4,0,0,0,5
5-(6-Aminopurin-9-yl)-2-methyltetrahydrofuran-3-ol,0.5048385416666666,0.04484219994140918,non_fda,1,0,4,0,0,0,5
5-Nitroso-8-cinnolinol,0.4921466666666667,0.057681109648804935,non_fda,1,0,4,0,0,0,5
"6,10,10B-Trihydroxy-3,4a,7,7,10a-pentamethyl-1-oxo-3-vinyldodecahydro-1H-benzo[f]chromen-5-yl acetate",0.42165625,0.04961468271662563,non_fda,1,0,4,0,0,0,5
6266-99-5,0.47245,0.07429107743536861,non_fda,1,0,4,0,0,0,5
7-Nitroindazole,0.48289479166666666,0.07448306281018065,non_fda,1,0,4,0,0,0,5
761437-28-9,0.501205,0.0325547569976279,non_fda,1,0,4,0,0,0,5
Abexinostat,0.46524916666666666,0.05646562785067946,fda,1,0,4,0,0,0,5
ABT-751,0.46209770833333336,0.06594968745450751,non_fda,1,0,4,0,0,0,5
AC1L2X6Z,0.485153125,0.05879096662495376,non_fda,1,0,0,0,0,0,1
AC1MJ3VH,0.48724270833333333,0.049337177182438685,non_fda,1,0,4,8,0,0,13
AC1NSOND,0.455754375,0.06175715756305383,non_fda,1,0,4,0,0,0,5
AC1NSZCT,0.45314437500000004,0.06697244323693888,non_fda,1,0,4,0,0,0,5
AC1NWALC,0.46576249999999997,0.04533253916496248,non_fda,1,0,4,0,0,0,5
AC1NWALF,0.503576875,0.054532004163839444,non_fda,1,0,4,0,0,0,5
AC1O7M2R,0.42153541666666666,0.05019197387104264,non_fda,1,0,4,0,0,0,5
AC1O9EM7,0.5048312500000001,0.0634890919499325,non_fda,1,0,4,0,0,0,5
AC1OCDAW,0.467659375,0.03993489553881953,non_fda,1,0,4,8,0,0,13
AC1Q6JJ5,0.542104375,0.03899654466721564,non_fda,1,0,4,8,0,0,13
Adapalene,0.45820833333333333,0.05041632309997064,fda,1,0,4,0,0,0,5
Afuresertib,0.4734247916666667,0.04212105301972019,fda,1,0,4,0,0,0,5
AGK 2,0.4837929166666667,0.052835322253009534,non_fda,1,0,4,8,0,0,13
AKT Inhibitor VIII,0.5773820833333333,0.07070364432217414,non_fda,1,0,4,0,0,0,5
Alectinib,0.465755,0.050931636814178935,fda,1,0,4,0,0,0,5
Alisertib,0.49354750000000003,0.060860490291907994,fda,1,0,4,0,0,0,5
Altrenogest,0.445483125,0.05693645040980216,fda,1,0,4,0,0,0,5
amcinonide,0.5038358333333334,0.06695697236593587,fda,1,0,4,8,0,0,13
Aminopurvalanol,0.49172354166666665,0.07157942558454831,fda,1,0,4,8,0,0,13
Amitriptyline,0.48158229166666666,0.06173463307241177,fda,1,0,4,8,0,0,13
Ammonium Glycyrrhizinate,0.5214958333333334,0.10152220562087383,fda,1,0,4,0,0,0,5
Amonafide,0.46053520833333333,0.05202639116190311,fda,1,0,4,0,0,0,5
AMSACRINE,0.48063333333333336,0.05120543048457958,fda,1,0,4,8,0,0,13
Amuvatinib,0.51939,0.0498955480407392,fda,1,0,4,8,16,0,29
AP26113,0.454773125,0.054530322425594434,non_fda,1,0,4,0,0,0,5
apigenin,0.4905875,0.04581734785303178,fda,1,0,4,0,0,0,5
"Apitolisib (gdc-0980, rg7422)",0.49423,0.06999538780723855,fda,1,0,4,0,0,0,5
AS-605240,0.559306875,0.034852587051132165,non_fda,1,0,4,8,0,0,13
ASN 05257430,0.47415395833333335,0.07738846813285813,non_fda,1,0,4,0,0,0,5
AT 7867,0.518169375,0.05246003189078464,non_fda,1,0,4,0,0,0,5
AT-7519,0.5185185416666667,0.055931445669077214,non_fda,1,0,4,8,0,0,13
AT-9283,0.5085164583333334,0.042938074960337996,non_fda,1,0,4,0,0,0,5
Atorvastatin,0.479309375,0.06187451433792084,fda,1,0,4,0,0,0,5
Auranofin,0.48186958333333335,0.07454580024872108,fda,1,0,4,8,0,0,13
Aurora A Inhibitor I,0.5303983333333333,0.042867843213136254,non_fda,1,0,4,0,0,0,5
Avicin-D,0.4938664583333333,0.0674741329651211,fda,1,0,4,8,0,0,13
Avicin-G,0.51749375,0.055971521746572016,fda,1,0,4,8,16,0,29
AZ20,0.4911627083333333,0.04837382222787985,non_fda,1,2,4,0,0,0,7
AZ628,0.5285035416666667,0.05809182673733505,non_fda,1,0,4,8,0,0,13
AZD-1152-HQPA,0.5327916666666667,0.060595355321245006,non_fda,1,0,4,0,0,0,5
AZD-1775,0.5794341666666667,0.059166468349768214,non_fda,1,0,4,8,0,0,13
AZD-5438,0.50718875,0.06347483323152445,non_fda,1,0,4,8,0,0,13
AZD-8055,0.5454985416666667,0.06873358337581824,non_fda,1,0,4,0,0,0,5
AZD-8330,0.5338077083333334,0.05568774276620342,non_fda,1,0,4,0,0,0,5
AZD4547,0.520085,0.0689824756214007,non_fda,1,0,4,0,0,0,5
Bazedoxifene HCl,0.49909375,0.05147982339967674,fda,1,0,4,0,0,0,5
Betahistine,0.48746375,0.06653841783672261,fda,1,0,0,0,0,0,1
"Betamethasone 17,21-dipropionate",0.4681416666666667,0.10199255652890354,non_fda,1,0,4,0,0,0,5
BG-51,0.46373333333333333,0.05060802111121963,non_fda,1,0,4,0,0,0,5
BI-2536,0.5314783333333333,0.06944973019820289,non_fda,1,0,4,0,0,0,5
BIIB 021,0.5127139583333333,0.10638795521967424,non_fda,1,0,4,0,0,0,5
Bithionol,0.4679920833333333,0.06849196417208951,fda,1,0,4,0,0,0,5
Bitopertin,0.45502916666666665,0.07422227810745445,fda,1,0,4,0,0,0,5
BIX01294,0.5365941666666667,0.0724377302590257,non_fda,1,0,4,0,0,0,5
BMS-299897,0.4910825,0.06781232167850156,non_fda,1,0,4,0,0,0,5
BMS-509744,0.46851770833333334,0.052923704150989924,non_fda,1,0,4,0,0,0,5
BMS-536924,0.5347095833333333,0.09079158719920472,non_fda,1,0,4,0,0,0,5
BMS-754807,0.4907185416666667,0.06988505997343124,non_fda,1,0,4,0,0,0,5
Bosutinib,0.5361566666666667,0.05065914857285883,fda,1,2,4,0,16,0,23
BRD-A24396574-001-01-5,0.527208125,0.04259508715278762,non_fda,1,0,4,8,0,0,13
BRD-A25736793,0.5142477083333333,0.059265778342059094,non_fda,1,0,4,0,0,0,5
BRD-A43331270-001-01-6,0.52864875,0.07406071668136315,non_fda,1,0,4,0,0,0,5
BRD-K01425431,0.49497020833333333,0.057786720219100134,non_fda,1,0,4,0,0,0,5
BRD-K01621458,0.463884375,0.04721970756463958,non_fda,1,0,4,0,0,0,5
BRD-K08663380,0.43503625,0.039037513965760974,non_fda,1,0,0,0,0,0,1
BRD-K41087962,0.4954729166666667,0.04755626256683128,non_fda,1,0,4,0,0,0,5
BRD-K60067222,0.4174791666666667,0.036568477567261407,non_fda,1,0,4,0,0,0,5
BRD-K67090983,0.43311041666666666,0.06535033864420825,non_fda,1,0,4,0,0,0,5
Brefeldin A,0.5305397916666666,0.051135425466586365,fda,1,0,4,0,16,0,21
BS-181,0.5054916666666667,0.05755675142089746,non_fda,1,0,4,0,0,0,5
Budesonide,0.461630625,0.07521486551997879,fda,1,0,4,0,0,0,5
Bufalin,0.47410104166666667,0.06121458814965065,fda,1,0,4,0,0,0,5
Bupropion,0.47263916666666667,0.06991784863635685,fda,1,0,4,0,0,0,5
Busulfan,0.5011860416666667,0.09409749724223267,fda,1,0,0,0,0,0,1
Butein,0.44439812500000003,0.03820698437601595,fda,1,0,4,0,0,0,5
BX-795,0.5237520833333333,0.05592046347020223,non_fda,1,0,4,8,0,0,13
C21H27N7O3,0.5040889583333333,0.05267101244078849,non_fda,1,0,4,0,0,0,5
C24H25CLFN5O3,0.5220364583333333,0.04625799645533202,non_fda,1,0,4,8,0,0,13
Calcitriol,0.5105539583333333,0.05245217646412217,fda,1,0,4,0,16,0,21
Calmidazolium,0.46885208333333334,0.07027499396503506,fda,1,0,4,0,0,0,5
Camptothecin,0.48610895833333334,0.04682349760246638,fda,1,0,4,0,0,0,5
Canertinib,0.5584545833333333,0.040987264066714726,fda,1,0,4,8,16,0,29
Carvedilol,0.4602685416666667,0.06831244603789675,fda,1,0,4,0,0,0,5
CBIOL_001848,0.48938333333333334,0.04248531655779292,non_fda,1,0,4,0,0,0,5
Cediranib,0.50880875,0.07693532191222763,fda,1,0,4,0,0,0,5
CGK733,0.498210625,0.04934049912514717,non_fda,1,2,4,0,0,0,7
CHEMBL1083527,0.529329375,0.06337113580428394,non_fda,1,0,4,0,0,0,5
CHEMBL1673039,0.524233125,0.07803477516638242,non_fda,1,0,4,0,0,0,5
CHEMBL1698064,0.42875375,0.0346353711388888,non_fda,1,0,0,0,0,0,1
CHEMBL1716096,0.44762833333333335,0.05690595239738957,non_fda,1,0,0,0,0,0,1
CHEMBL1720543,0.46647333333333335,0.07476374225221444,non_fda,1,0,4,0,0,0,5
CHEMBL2131973,0.4769072916666667,0.06790638082168422,non_fda,1,0,4,0,0,0,5
CHEMBL2132289,0.5084060416666667,0.038236182616227604,non_fda,1,0,4,0,0,0,5
CHEMBL2133926,0.436946875,0.05686746948881679,non_fda,1,0,4,0,0,0,5
CHEMBL2135649,0.4114291666666667,0.05353661464028948,non_fda,1,0,4,0,0,0,5
CHEMBL2135770,0.44595,0.03951836824277324,non_fda,1,0,4,0,0,0,5
CHEMBL2136735,0.541993125,0.05600842876220253,non_fda,1,0,4,0,0,0,5
CHEMBL2136858,0.4315822916666667,0.03612541053688295,non_fda,1,0,4,0,0,0,5
CHEMBL2139070,0.4416541666666667,0.03809982371954386,non_fda,1,0,0,0,0,0,1
CHEMBL2141722,0.484723125,0.05562025075454097,non_fda,1,0,4,0,0,0,5
CHEMBL2143628,0.433338125,0.0448527586651148,non_fda,1,0,0,0,0,0,1
CHEMBL2359798,0.4723379166666667,0.060728343496013804,non_fda,1,0,4,0,0,0,5
CHEMBL2360495,0.488835,0.06252337494952881,non_fda,1,0,4,0,0,0,5
CHEMBL2360506,0.4380145833333333,0.06314255959605428,non_fda,1,0,4,0,0,0,5
CHEMBL277800,0.4703145833333333,0.07204285744285652,non_fda,1,0,4,0,0,0,5
CHEMBL3182395,0.500249375,0.07280658086609147,non_fda,1,2,4,0,0,0,7
CHEMBL3183436,0.5028375,0.05201281078459698,non_fda,1,0,4,0,0,0,5
CHEMBL3188661,0.46934166666666666,0.033604983651096695,non_fda,1,0,4,8,0,0,13
Chlorambucil,0.49897791666666663,0.055185157998266614,fda,1,0,4,0,0,0,5
CI-1040,0.5192764583333334,0.05873217965083279,non_fda,1,2,4,8,0,0,15
Cisapride,0.504090625,0.0908209226381195,fda,1,0,0,0,0,0,1
Cladribine,0.5235356250000001,0.0403051246686271,fda,1,2,4,0,16,0,23
Clofarabine,0.488709375,0.05851735962710703,fda,1,0,4,0,0,0,5
Cobicistat (GS-9350),0.46305375,0.04688356822643575,fda,1,0,4,0,0,0,5
COL-3,0.49781875,0.08487290724329273,non_fda,1,0,4,0,0,0,5
Colforsin,0.48739375,0.05598532311034599,fda,1,0,4,0,0,0,5
COT-10B,0.5617852083333333,0.08032955562861081,non_fda,1,0,4,0,0,0,5
Crizotinib,0.5337958333333334,0.06667670974352455,fda,1,0,4,0,0,0,5
Cucurbitacin I,0.45687999999999995,0.07717871593164234,fda,1,0,4,0,0,0,5
CX-5461,0.509753125,0.0794250598694635,non_fda,1,0,4,0,0,0,5
Cycloheximide,0.4871666666666667,0.02280920421289171,fda,1,0,4,0,0,0,5
Cymarin,0.47051229166666664,0.04235282868439185,fda,1,0,4,0,0,0,5
Cyproheptadine,0.45690520833333337,0.06367656934603619,fda,1,0,4,0,0,0,5
Cytarabine,0.48071562500000004,0.04450131205429308,fda,1,0,4,0,0,0,5
Cytochalasin B,0.47270249999999997,0.02725146155975595,fda,1,0,4,0,0,0,5
Dabrafenib,0.5311889583333333,0.06987383166492087,fda,1,0,4,8,0,0,13
Dacinostat,0.4725991666666667,0.05035588458858022,fda,1,0,4,0,0,0,5
Dacomitinib,0.4913122916666667,0.0315409263854438,fda,1,0,4,0,0,0,5
Dactolisib,0.530481875,0.05818875394152944,fda,1,0,4,0,16,0,21
Danusertib,0.491234375,0.023266687473341423,fda,1,0,4,0,0,0,5
Dasatinib,0.5736866666666667,0.03636461284628669,fda,1,0,4,8,16,32,61
DC-45-A2,0.46647916666666667,0.07327070905590825,non_fda,1,0,4,0,0,0,5
Decitabine,0.5103785416666666,0.05445338194372436,fda,1,0,4,8,16,0,29
Desoxymetasone,0.46452375,0.06915617950186123,fda,1,0,4,0,0,0,5
Devazepide,0.43695833333333334,0.026901472196688543,fda,1,0,4,0,0,0,5
Dinoprost,0.46341354166666665,0.05195511645395521,fda,1,0,0,0,0,0,1
Diphenyleneiodonium,0.4691416666666667,0.06209291217251363,fda,1,0,4,0,0,0,5
Dorsomorphin,0.5006529166666667,0.056920718448474246,fda,1,0,4,0,16,0,21
Dovitinib,0.5259683333333334,0.05050322567098662,fda,1,0,4,0,16,0,21
Doxorubicin,0.5039410416666666,0.0638066277839281,fda,1,0,4,0,0,0,5
Elliptecine,0.4666139583333333,0.06236594059882198,fda,1,0,4,8,0,0,13
ENMD-2076,0.48734062499999997,0.0550934011110418,non_fda,1,0,4,0,0,0,5
Entinostat,0.5606102083333333,0.050883319049469244,fda,1,0,4,0,16,0,21
Erlotinib,0.5464577083333333,0.05394715972147085,fda,1,0,4,8,16,32,61
Estradiol,0.4960475,0.06567647893815778,fda,1,0,4,0,0,0,5
Ethacrynic acid,0.4685960416666667,0.05769643251837344,fda,1,0,4,0,0,0,5
F1061-0166,0.46772729166666666,0.061105058748947304,non_fda,1,0,4,0,0,0,5
Fedratinib,0.5986266666666666,0.08415462995968073,fda,1,0,4,0,0,0,5
Felodipine,0.4624770833333333,0.07334169659426619,fda,1,0,4,0,0,0,5
Fenretinide,0.4704389583333333,0.05723070116903692,fda,1,0,4,8,0,0,13
Floxuridine,0.5049820833333333,0.04456319503120134,fda,1,0,4,0,16,0,21
Fludarabine,0.4717572916666667,0.051925897375051364,fda,1,0,4,0,0,0,5
Flunisolide,0.444413125,0.0622181113990252,fda,1,0,4,0,0,0,5
Fluorouracil,0.476038125,0.06659440733607036,fda,1,0,4,0,0,0,5
Fluticasone Propionate,0.47622770833333333,0.11093543231093432,fda,1,0,0,0,0,0,1
Foretinib,0.5539141666666666,0.02861693551749905,fda,1,0,4,8,16,0,29
FR-180204,0.5115410416666667,0.0587162802451195,non_fda,1,0,4,0,0,0,5
Fumonisin-B1,0.4646166666666667,0.06518198395067483,fda,1,0,4,0,0,0,5
Gallocatechin Gallate,0.5111733333333334,0.03448869127975829,fda,1,0,4,8,16,32,61
GDC-0980 (RG7422),0.5036489583333333,0.06979793759140658,non_fda,1,0,4,0,0,0,5
Gefitinib,0.5640254166666666,0.06488961241221845,fda,1,0,4,8,0,0,13
Gemcitabine,0.5481664583333333,0.05233090851553705,fda,1,0,4,0,16,32,53
Gliclazide,0.5048416666666666,0.0839310998605971,fda,1,0,0,0,0,0,1
Glyburide,0.5146104166666666,0.10490211657778886,fda,1,0,4,8,0,0,13
GSK 525762A,0.5269183333333334,0.07301508456889697,non_fda,1,0,4,0,0,0,5
GSK-1070916,0.593660625,0.05396468239489735,non_fda,1,0,4,0,0,0,5
GSK-1904529A,0.5371214583333334,0.03972892528518079,non_fda,1,0,4,0,0,0,5
GSK-2334470,0.4784658333333333,0.040236397178879085,non_fda,1,0,4,0,0,0,5
GSK-3 Inhibitor IX,0.5004804166666666,0.04352017877850111,non_fda,1,2,4,8,0,0,15
GSK429286A,0.49157979166666665,0.04454559307329944,non_fda,1,0,4,0,0,0,5
GW620972X,0.50589625,0.04905681158106385,non_fda,1,2,4,0,0,0,7
GW843682X,0.5179641666666667,0.05735758832873719,non_fda,1,2,4,0,0,0,7
HG-14-10-04,0.5245145833333333,0.06916048972848678,non_fda,1,0,4,0,0,0,5
HSCI1_000314,0.44010041666666666,0.05478479920206984,non_fda,1,0,4,0,0,0,5
HY-11007,0.47333916666666664,0.062016749452856776,non_fda,1,0,4,0,0,0,5
I-BET151,0.48830708333333334,0.03777794795100563,fda,1,0,4,0,0,0,5
ICG-001,0.479506875,0.07326283275876852,non_fda,1,0,4,0,0,0,5
Idelalisib,0.4742635416666667,0.06830993733302984,fda,1,0,4,0,0,0,5
Iguratimod,0.500456875,0.07664409319042234,fda,1,0,4,0,0,0,5
Imatinib,0.5431066666666666,0.03629274635647238,fda,1,0,4,0,16,32,53
IN1549,0.49431250000000004,0.08165859362429904,non_fda,1,0,4,0,0,0,5
Indigo Red,0.4844672916666667,0.07497360344442877,fda,1,2,4,0,0,0,7
Indirubin-3'monoxime,0.45952604166666666,0.04366849856151531,non_fda,1,0,4,0,0,0,5
Indole-3-carbinol,0.41967895833333335,0.0469884329986081,non_fda,1,0,4,0,0,0,5
Infigratinib,0.5149097916666667,0.061517797595347506,fda,1,0,4,0,0,0,5
"Ingenol 3,20-dibenzoate",0.51890875,0.06849009134539097,non_fda,1,0,4,0,0,0,5
Ingenol Mebutate,0.47778125,0.048580295443287944,fda,1,0,4,0,0,0,5
Ischemin,0.47195583333333335,0.06826333733859763,fda,1,0,4,0,0,0,5
Isocycloheximide,0.4387802083333333,0.057730326810789434,fda,1,0,0,0,0,0,1
ITK Inhibitor,0.49073208333333335,0.05627747514353987,non_fda,1,0,4,0,0,0,5
JZL-184,0.5128260416666667,0.04941904664579204,non_fda,1,0,4,0,0,0,5
Kolestevan,0.4617779166666667,0.08024759718377766,fda,1,0,0,0,0,0,1
KPT-330,0.446346875,0.06053449461623065,non_fda,1,0,4,0,0,0,5
KU0060648,0.5269145833333333,0.06621544738219179,non_fda,1,0,4,0,0,0,5
KUC111774N,0.4732516666666667,0.0744948817939331,non_fda,1,0,4,0,0,0,5
KW-2449,0.517845625,0.03331012002353252,non_fda,1,0,4,8,0,0,13
L-690330,0.48918833333333334,0.05827854295577078,non_fda,1,0,4,0,0,0,5
L-690488,0.4890933333333333,0.06156429686443839,non_fda,1,0,4,0,0,0,5
LDN 193189,0.5609310416666666,0.07045184894516018,non_fda,1,0,4,8,0,0,13
LE-135,0.5025391666666666,0.045358018086793704,non_fda,1,0,4,0,0,0,5
Levonorgestrel,0.46449416666666665,0.04325145159505476,fda,1,0,4,0,0,0,5
Lexibulin,0.4811916666666667,0.05273213107412831,fda,1,0,4,0,0,0,5
LGX818,0.449646875,0.04810739885045487,non_fda,1,0,4,8,0,0,13
Lidoflazine,0.5087783333333333,0.044639665719576754,fda,1,0,4,0,16,0,21
Linsitinib,0.49205604166666667,0.05666949117566811,fda,1,0,4,0,0,0,5
Lintitript,0.4497933333333333,0.0429924564442544,fda,1,0,0,0,0,0,1
LRRK2-IN-1,0.5391510416666666,0.05346416683042047,non_fda,1,0,4,0,0,0,5
LY-294002,0.572531875,0.0417144147694004,non_fda,1,0,4,0,0,0,5
LY2801653,0.46965375,0.0807372015595946,non_fda,1,0,4,0,0,0,5
LY2874455,0.46950625,0.03729110922967248,non_fda,1,2,4,0,0,0,7
Lypressin,0.430875,0.06836466572609912,fda,1,0,4,0,0,0,5
Maprotiline,0.49015333333333333,0.07237184809048161,fda,1,0,4,8,0,0,13
Masitinib,0.5155629166666666,0.06802020913955563,fda,1,0,4,0,0,0,5
MAYBRIDGE4_003028,0.5037822916666667,0.08890222072563991,non_fda,1,0,4,0,0,0,5
Megestrol Acetate,0.4547277083333333,0.056893937237590106,fda,1,0,4,0,0,0,5
Methandriol,0.430665625,0.05289852715669144,fda,1,0,0,0,0,0,1
Minoxidil,0.49779833333333334,0.048046349670569845,fda,1,0,4,0,0,0,5
Mitoxantrone,0.5737289583333334,0.06691789624048251,fda,1,0,4,8,0,0,13
ML228,0.484300625,0.05553573391268216,non_fda,1,0,4,0,0,0,5
MLN 2238,0.56291625,0.057953441580905506,non_fda,1,0,4,0,0,0,5
MLN-0128,0.495513125,0.0335403694269995,non_fda,1,0,4,0,0,0,5
MLN-8054,0.5455672916666666,0.045475629178239475,non_fda,1,0,4,8,0,0,13
MLS002222336,0.46585625,0.05188523579451462,non_fda,1,0,4,8,0,0,13
MLS002607797,0.4424208333333334,0.06477233802951321,non_fda,1,0,0,0,0,0,1
MLS002703102,0.45134583333333333,0.056481750634713036,non_fda,1,0,0,0,0,0,1
Momelotinib,0.51403875,0.061014927257305535,fda,1,0,4,0,0,0,5
Mometasone Furoate,0.4442916666666667,0.0646826765895912,fda,1,0,4,0,0,0,5
Mycophenolate Mofetil,0.49026333333333333,0.05787849501257471,fda,1,0,0,0,0,0,1
N-[4-(Acridin-9-ylmethyl)-3-methoxyphenyl]methanesulfonamide,0.48684000000000005,0.0737199341351367,fda,1,0,0,0,0,0,1
N6022,0.480084375,0.05837730119142921,non_fda,1,0,4,8,0,0,13
Nafadotride,0.4399604166666667,0.04569745567706307,fda,1,0,4,0,0,0,5
NCGC00172397-01,0.44708083333333337,0.0516677293515905,non_fda,1,0,4,0,0,0,5
NCGC00346967-01,0.5180354166666666,0.06169204731072627,non_fda,1,0,4,0,0,0,5
Niclosamide,0.5440058333333333,0.08669068921188565,fda,1,0,4,0,0,0,5
Nifedipine,0.5196164583333334,0.08100769726526139,fda,1,0,4,0,0,0,5
Nilotinib,0.522570625,0.07884466076847835,fda,1,0,4,0,0,0,5
Nimodipine,0.496421875,0.07536071259434968,fda,1,0,4,8,0,0,13
noscapine,0.46944020833333333,0.044993241348161295,fda,1,0,4,0,0,0,5
NSC25485,0.46219958333333333,0.053904083699513224,non_fda,1,0,4,0,0,0,5
NSC95397,0.505745,0.05173948140167513,non_fda,1,0,4,0,0,0,5
NU-7026,0.48837375,0.061863488332702984,non_fda,1,0,4,8,0,0,13
NUTLIN 3,0.5209641666666667,0.06499047914398752,non_fda,1,0,4,0,0,0,5
NVP-AUY922,0.5598458333333334,0.06800032390212307,fda,1,0,4,0,0,0,5
NVP-BHG712,0.47666375,0.04285525928301317,fda,1,0,4,0,0,0,5
O-Demethylated Adapalene,0.5284175,0.06728150791371175,fda,1,2,4,0,0,0,7
Obatoclax,0.45059916666666666,0.04455466774933879,fda,1,0,4,0,0,0,5
Ofloxacin,0.43178229166666665,0.05473917854161417,fda,1,0,4,0,0,0,5
Olaparib,0.5150720833333333,0.026338960576416652,fda,1,0,4,0,16,0,21
Oprozomib (ONX 0912),0.4767635416666667,0.0721324965757597,fda,1,0,4,0,0,0,5
Ornidazole,0.48163,0.07199659002066121,fda,1,0,0,0,0,0,1
OSI-027,0.464056875,0.06159518271488896,non_fda,1,0,4,0,0,0,5
OSI-906 (Linsitinib),0.4686802083333333,0.05608132840424981,non_fda,1,0,4,0,0,0,5
Osimertinib,0.48601062500000003,0.06965562506449138,fda,1,0,4,8,0,0,13
Oxetane,0.5193502083333333,0.09451695113961397,fda,1,0,4,8,0,0,13
Palbociclib,0.5423610416666667,0.06632549440962016,fda,1,0,4,0,0,0,5
Panobinostat,0.50772625,0.05624247687786467,fda,1,0,4,0,16,32,53
Paricalcitol,0.47647083333333334,0.06938247914782532,fda,1,0,0,0,0,0,1
PD-0325901,0.5668114583333334,0.061747042596344975,non_fda,1,2,4,8,0,0,15
PDK1 Inhibitor,0.5090868749999999,0.047392179436862726,non_fda,1,0,4,0,0,0,5
Pevonedistat,0.51280375,0.044825814750604986,fda,1,0,4,0,16,0,21
PF-03758309,0.5160341666666667,0.06135540179450444,non_fda,1,0,4,0,0,0,5
PF-04217903,0.5224235416666667,0.03460473646860366,non_fda,1,0,4,8,0,0,13
PF-562271,0.5296975,0.03721585721935514,non_fda,1,0,4,0,0,0,5
PF431396,0.5249414583333334,0.05715938170601473,non_fda,1,0,4,0,0,0,5
PFI-1,0.5123564583333333,0.048538705521269876,non_fda,1,0,4,0,0,0,5
PHA-767491,0.48260270833333335,0.04719980464663551,non_fda,1,0,4,0,0,0,5
PHA-793887,0.5201791666666666,0.04656029923743365,non_fda,1,0,4,0,0,0,5
Phenoxazine,0.4891375,0.07917284174413135,fda,1,0,4,0,0,0,5
Phorbol 12-myristate-13-acetate,0.506140625,0.07865971493162811,non_fda,1,0,4,0,0,0,5
Phorbol Myristate Acetate,0.492849375,0.054000044524801595,fda,1,0,4,0,0,0,5
PI-103,0.5555395833333333,0.05338453408956866,non_fda,1,0,4,0,0,0,5
Pictilisib,0.5377472916666667,0.047849820760121925,fda,1,0,4,0,16,0,21
Pifithrin,0.4714847916666667,0.06394007168446005,fda,1,0,4,0,0,0,5
PIK 75,0.4951785416666667,0.06143141794444177,non_fda,1,0,4,8,0,0,13
PIK-93,0.4783070833333333,0.05663417901180585,non_fda,1,0,4,0,0,0,5
Pilaralisib,0.47570875,0.06120984268131578,fda,1,0,4,0,0,0,5
Pimasertib,0.4832925,0.042923816991029186,fda,1,0,4,0,0,0,5
Pimobendan,0.442646875,0.0670985590437235,fda,1,0,4,8,0,0,13
Pinacidil,0.4586722916666667,0.05875125529856145,fda,1,0,4,8,0,0,13
Pioglitazone,0.46870125,0.057988806054094316,fda,1,0,4,0,0,0,5
Pitavastatin Calcium,0.5059758333333333,0.05816954777964919,fda,1,0,4,0,16,0,21
PLX-4720,0.511695625,0.06259118847372665,non_fda,1,0,4,0,0,0,5
Pomalidomide,0.4706147916666667,0.06811555451011347,fda,1,0,4,0,0,0,5
PP 2,0.4635589583333333,0.07474716079407828,non_fda,1,0,4,0,0,0,5
Pracinostat,0.5008333333333334,0.06422580786593304,fda,1,0,4,0,0,0,5
Pralatrexate,0.47606770833333334,0.054698973546980334,fda,1,0,4,0,0,0,5
PRIMA 1,0.4297125,0.07729544471577562,non_fda,1,0,4,0,0,0,5
Primaquine,0.47666479166666664,0.0667214626557201,fda,1,0,4,0,0,0,5
Prochlorperazine,0.4762375,0.06905018203371291,fda,1,0,4,0,0,0,5
Purmorphamine,0.462080625,0.0543208509174409,fda,1,0,0,0,0,0,1
Puromycin,0.4808260416666667,0.06261755919067763,fda,1,0,4,0,0,0,5
PX 12,0.49438145833333336,0.05231927017170254,non_fda,1,0,4,0,0,0,5
Pyrimethamine,0.4868166666666667,0.029223901720099445,fda,1,0,4,0,0,0,5
pyrvinium-pamoate,0.5366093749999999,0.07278207960110447,fda,1,2,4,0,0,0,7
Quiflapon,0.4549860416666667,0.040278622110950436,fda,1,0,4,0,0,0,5
Quinacrine,0.5103452083333333,0.0713781234517277,fda,1,0,4,8,0,0,13
Quizartinib,0.5378139583333333,0.050187294745967836,fda,1,0,4,8,16,0,29
R547,0.47306479166666665,0.08229991938335025,non_fda,1,0,4,0,0,0,5
Radicicol,0.55476125,0.06091961745670626,fda,1,2,4,8,0,0,15
Raloxifene,0.53375125,0.04923045330221192,fda,1,0,4,0,16,0,21
Raltitrexed,0.42961208333333334,0.059407924968037186,fda,1,0,4,0,0,0,5
Rebastinib,0.5224895833333334,0.07609072812209643,fda,1,0,4,8,0,0,13
Resminostat,0.43764020833333334,0.07304460708469002,fda,1,0,4,0,0,0,5
Resveratrol,0.493845625,0.05871117546560937,fda,1,0,4,0,0,0,5
Reversine,0.495913125,0.08717252505323421,fda,1,0,4,0,0,0,5
RG7388,0.471690625,0.06682091611246532,non_fda,1,0,4,0,0,0,5
Riluzole,0.4845820833333333,0.059777472244122415,fda,1,0,4,0,0,0,5
Rottlerin,0.527905,0.07056284346999793,fda,1,0,4,0,0,0,5
Ruxolitinib,0.5467054166666666,0.05966819200464494,fda,1,0,4,0,16,0,21
SAN1_003817,0.48057500000000003,0.0591478006474338,non_fda,1,0,4,0,0,0,5
Saracatinib,0.5468495833333333,0.04974074653314527,fda,1,0,4,0,16,32,53
SB-203580,0.5078,0.08359677558906735,non_fda,1,0,4,0,0,0,5
SB-216763,0.53514375,0.054234675765207095,non_fda,1,0,4,8,0,0,13
SCHEMBL13991002,0.47605000000000003,0.057542742567783675,non_fda,1,0,4,0,0,0,5
SCHEMBL14379041,0.5118666666666667,0.09341240071394621,non_fda,1,0,4,0,0,0,5
SCHEMBL15556278,0.46393,0.0636944118490284,non_fda,1,0,4,8,0,0,13
SCHEMBL16226502,0.51760875,0.030845725884750094,non_fda,1,0,4,0,0,0,5
SCHEMBL16892136,0.45500104166666666,0.04955491030831036,non_fda,1,0,4,0,0,0,5
SCHEMBL17857056,0.445526875,0.0655218232179748,non_fda,1,0,4,0,0,0,5
SCHEMBL2608041,0.4282110416666667,0.04280173614949182,non_fda,1,0,4,0,0,0,5
SCHEMBL3958507,0.5063922916666667,0.06759588414924869,non_fda,1,0,4,0,0,0,5
SCHEMBL570779,0.48061041666666665,0.06616651096149365,non_fda,1,0,4,0,0,0,5
SCHEMBL6851809,0.5253058333333334,0.0477332619712156,non_fda,1,0,4,0,0,0,5
SCHEMBL6874948,0.527794375,0.04742954168610079,non_fda,1,0,4,0,0,0,5
Scriptaid,0.465984375,0.05092163260747554,fda,1,0,4,0,0,0,5
Selumetinib,0.54926875,0.04081289438663087,fda,1,2,4,8,16,0,31
Sepantronium,0.51175375,0.07501700482752992,fda,1,0,4,0,0,0,5
Simvastatin,0.506036875,0.054831815773163504,fda,1,0,4,8,16,32,61
Sirolimus,0.60796375,0.05964330298592985,fda,1,0,4,8,16,32,61
SMP2_000249,0.439711875,0.03077041007301506,non_fda,1,0,4,0,0,0,5
SMR000075319,0.5609879166666667,0.07371992496674949,non_fda,1,0,0,0,0,0,1
SMR000651449,0.465491875,0.05408182557467968,non_fda,1,0,4,0,0,0,5
Sorafenib,0.5261152083333334,0.05132650237046471,fda,1,0,4,8,16,0,29
SPECTRUM_001522,0.46685770833333334,0.1029210663371797,non_fda,1,0,4,0,0,0,5
SPECTRUM_001645,0.44219625,0.09898070158926524,non_fda,1,0,4,0,0,0,5
SPECTRUM2_001084,0.48077854166666667,0.061731854666014635,non_fda,1,0,4,0,0,0,5
SPECTRUM3_001992,0.42600625000000003,0.0426237374132235,non_fda,1,0,4,0,0,0,5
Spironolactone,0.44399479166666667,0.08738624521018468,fda,1,0,4,0,0,0,5
SPOX1_000823,0.45110416666666664,0.05018324476910152,non_fda,1,0,4,0,0,0,5
ST072947,0.4357639583333333,0.06163126805070375,non_fda,1,0,4,0,0,0,5
STK178014,0.468711875,0.06910786485826238,non_fda,1,0,4,0,0,0,5
STK219801,0.5370254166666667,0.050826416420507094,non_fda,1,0,4,0,0,0,5
SU 11274,0.5023652083333333,0.046835693089486985,non_fda,1,0,4,0,0,0,5
Sunitinib,0.5097691666666666,0.05012624021345015,fda,1,0,4,0,16,0,21
Syrosingopine,0.43442187499999996,0.06484101511253051,fda,1,0,4,0,0,0,5
Tacedinaline,0.52570625,0.06434714505543905,fda,1,0,4,0,0,0,5
TAE-684,0.5246177083333333,0.03264735975782339,non_fda,1,0,4,0,0,0,5
Taranabant,0.501259375,0.07955378689088631,fda,1,0,4,0,0,0,5
TAS-103 (dihydrochloride),0.47668229166666665,0.03989733686399739,non_fda,1,0,4,0,0,0,5
"Temsirolimus (CCI-779, NSC 683864)",0.49797083333333336,0.07034647910887845,fda,1,0,4,0,0,0,5
Teniposide,0.5208364583333334,0.05925261726479408,fda,1,0,4,0,16,0,21
TGX 221,0.5097289583333333,0.05648009688023906,non_fda,1,0,4,0,0,0,5
Thioridazine,0.54256,0.06579263414047849,fda,1,0,4,8,0,0,13
Thiothixene,0.5078570833333333,0.08363586665937695,fda,1,0,0,0,0,0,1
Tigecycline,0.4571270833333333,0.06500169918261355,fda,1,0,4,8,0,0,13
Tivozanib,0.5221691666666667,0.04491884932412197,fda,1,0,4,0,16,0,21
TL Aurora 09,0.44182083333333333,0.052023015930527675,fda,1,0,4,0,0,0,5
Toremifene,0.5347514583333334,0.06150752081667647,fda,1,0,4,0,0,0,5
TORIN1,0.5202854166666667,0.07006121781036517,non_fda,1,0,4,0,0,0,5
Tosedostat,0.5103764583333333,0.07303594995658994,fda,1,0,4,0,0,0,5
Tozasertib,0.586670625,0.049142188046343065,fda,1,0,4,0,16,0,21
Trametinib,0.5211739583333334,0.050350460835027144,fda,1,0,4,8,16,32,61
Tretinoin,0.51013166666666665,0.06747786496561269,fda,1,0,4,0,0,0,5
Triacsin C,0.46452333333333334,0.06910916504239609,fda,1,0,4,0,0,0,5
"Trichostatin A, Streptomyces Sp.",0.5653785416666667,0.0777402850023846,fda,1,0,4,0,0,0,5
Troglitazone,0.5412533333333333,0.0498953303553533,fda,1,2,4,0,16,0,23
TSU-68,0.49762979166666665,0.06232425052515132,non_fda,1,0,4,0,0,0,5
Tubastatin A,0.47029229166666664,0.03473029717716059,fda,1,0,4,0,0,0,5
Tyrphostin AG-1478,0.5272520833333333,0.06171892436844968,non_fda,1,0,4,8,0,0,13
UNC0638,0.48545520833333333,0.0535542298170705,non_fda,1,0,4,0,0,0,5
UNII-MET7ZRB8Y7,0.47434145833333335,0.054027706717982814,non_fda,1,0,4,0,0,0,5
Ursolic acid,0.5277627083333334,0.0975704308900877,fda,1,0,4,0,0,0,5
Vemurafenib,0.543334375,0.06086903208866322,fda,1,0,4,8,0,0,13
Verapamil,0.4805345833333333,0.058808089793823536,fda,1,0,4,0,0,0,5
vincristine,0.44871083333333334,0.061365269422286726,fda,1,0,4,0,0,0,5
Voriconazole,0.487028125,0.06314935447795283,fda,1,0,4,0,0,0,5
Vorinostat,0.593263125,0.06619967592375896,fda,1,0,4,8,0,0,13
VRT752271,0.462671875,0.04419416281068911,non_fda,1,2,0,0,0,0,3
VX-11E,0.4607177083333333,0.023965771904244402,non_fda,1,0,4,0,0,0,5
Warfarin,0.48809437499999997,0.06567669544483469,fda,1,0,4,0,0,0,5
WH-4-025,0.5176535416666667,0.03951807362719449,non_fda,1,0,4,0,0,0,5
Wortmannin,0.607270625,0.056569611632641244,fda,1,0,4,8,16,0,29
WZ 3146,0.4649802083333333,0.0571053051106094,non_fda,1,0,4,0,0,0,5
WZ 4002,0.53987,0.05852915885021998,non_fda,1,0,4,8,0,0,13
XAV 939,0.48896229166666666,0.04071456213434778,non_fda,1,0,4,8,0,0,13
Y-39983,0.5401297916666666,0.017463938410097163,non_fda,1,0,4,8,0,0,13
Zileuton,0.4911010416666667,0.06681451766334409,fda,1,0,4,0,0,0,5
ZINC77024257,0.5352302083333333,0.05091626838311608,non_fda,1,0,4,0,0,0,5
ZSTK 474,0.52387125,0.04651018857273562,non_fda,1,0,4,8,0,0,13
Zuclomiphene,0.5323195833333333,0.07680259237187037,fda,1,0,4,0,0,0,5
"(1Ar,7as,10as,10br)-1a,5-Dimethyl-8-methylidene-2,3,6,7,7a,8,10a,10b-octahydrooxireno[9,10]cyclodeca[1,2-b]furan-9(1ah)-one",0.47815416666666666,0.03812036301231241,fda,0,2,4,0,0,0,6
A-443654,0.511674375,0.06229009880133885,non_fda,0,2,4,8,0,0,14
Albendazole,0.5015364583333334,0.04618968765412165,fda,0,2,4,0,16,0,22
BX 912,0.502791875,0.024787577668994393,non_fda,0,2,4,0,0,0,6
CC-401,0.514661875,0.048244971120754744,non_fda,0,2,4,0,0,0,6
cortisone-acetate,0.43661833333333333,0.050425912202245515,fda,0,2,4,0,0,0,6
CP-724714,0.5273854166666667,0.0334959359149354,non_fda,0,2,4,0,0,0,6
"Cyclohexanecarboxamide, 4-(1-aminoethyl)-n-4-pyridinyl-, trans-",0.5112772916666667,0.06881203965540984,fda,0,2,4,0,0,0,6
Dolastatin 10,0.4370645833333333,0.051446189669863994,non_fda,0,2,4,0,0,0,6
GSK-461364,0.5607977083333333,0.06376289422625928,non_fda,0,2,4,8,0,0,14
GW-5074,0.5072775,0.04238387530316554,non_fda,0,2,4,0,0,0,6
HMN-214,0.5303641666666666,0.06343075154268504,non_fda,0,2,4,0,0,0,6
Kinetin Riboside,0.48114812500000004,0.04393879931527326,fda,0,2,4,0,0,0,6
Mebendazole,0.49956354166666667,0.05783562146178625,fda,0,2,4,0,0,0,6
MLS002264453,0.42889479166666666,0.06697621363741282,non_fda,0,2,4,0,0,0,6
MLS002264466,0.42770208333333337,0.0751611160644622,non_fda,0,2,4,0,0,0,6
Neratinib,0.567248125,0.07546755229602702,fda,0,2,4,0,0,0,6
Parthenolide,0.49133166666666667,0.05436925398211224,fda,0,2,4,8,0,0,14
Pazopanib,0.51050625,0.05954641857974838,fda,0,2,4,0,16,0,22
Pelitinib,0.5021718749999999,0.0429640330423932,fda,0,2,4,0,16,0,22
Plinabulin,0.4424433333333333,0.07314788169745859,fda,0,2,4,0,0,0,6
Podofilox,0.455575625,0.04086227542764842,fda,0,2,4,0,0,0,6
SCHEMBL618594,0.48562875,0.043964583371976014,non_fda,0,2,4,0,0,0,6
TAK-733,0.47497770833333336,0.034509902983327116,non_fda,0,2,4,0,0,0,6
Thioguanine,0.46285729166666667,0.06527796707060529,fda,0,2,4,0,0,0,6
Tivantinib,0.5271972916666666,0.03918729193446195,fda,0,2,4,0,16,0,22
TPCA-1,0.5340245833333334,0.04936959510099819,non_fda,0,2,4,8,0,0,14
Withaferin A,0.5664339583333333,0.03464506872921431,fda,0,2,4,8,16,32,62
WYE 125132,0.5296922916666666,0.03529248279752913,non_fda,0,2,4,0,0,0,6
ZK-93423,0.4412391666666666,0.0567296912755765,non_fda,0,2,4,0,0,0,6
(3-Isopropoxyphenyl)(1-((5-methyl-1-propyl-1H-pyrazol-4-yl)methyl)piperidin-3-yl)methanone,0.455278125,0.0615820495609313,fda,0,0,4,8,0,0,12
(R)-(-)-Jq1 enantiomer,0.45915395833333333,0.037146575136812285,non_fda,0,0,4,0,0,0,4
(S)-(-)-BAY K 8644,0.4886260416666667,0.09193673392281695,fda,0,0,4,0,0,0,4
(Z) Fluvoxamine,0.5166354166666667,0.07531315332193739,fda,0,0,4,0,0,0,4
1-(5-Isoquinolinesulfonyl)piperazine,0.48005,0.05024202218910774,non_fda,0,0,4,0,0,0,4
10-{3-[4-(2-Chloroethyl)piperazin-1-yl]propyl}-2-(trifluoromethyl)-10H-phenothiazine,0.43467333333333336,0.05472705355918444,non_fda,0,0,4,0,0,0,4
114798-26-4,0.4983164583333334,0.059854271906243976,non_fda,0,0,4,0,0,0,4
1228746-78-8,0.475090625,0.07399310529837512,non_fda,0,0,4,0,0,0,4
127408-30-4,0.485421875,0.04874232030220208,non_fda,0,0,4,0,0,0,4
1446-61-3,0.47093958333333336,0.04919740458657913,non_fda,0,0,4,0,0,0,4
15D-PGJ2,0.4367158333333333,0.04041364946028027,non_fda,0,0,4,0,0,0,4
"16,16-Dimethyl prostaglandin e2",0.517195625,0.06782840070364252,non_fda,0,0,4,0,0,0,4
"2-(4-(4-Chloro-1,2-diphenylbut-1-en-1-yl)phenoxy)-n,n-dimethylethanamine",0.50102125,0.0698964241639921,non_fda,0,0,4,0,0,0,4
2-(Ethylmercuriothio)benzoic acid,0.4597291666666667,0.03623820918260041,non_fda,0,0,4,0,0,0,4
"2-[(Dimethylamino)methyl]-2,3-dihydro-1H-inden-1-one",0.47898,0.1489042095730387,non_fda,0,0,4,0,0,0,4
"2,3',4,5'-Tetramethoxystilbene",0.441180625,0.03237818592447577,non_fda,0,0,4,0,0,0,4
3-Chloro-l-alanine,0.5138429166666667,0.05666517161718265,non_fda,0,0,4,0,0,0,4
"3,5-Bis(4-methylbenzylidene)piperidin-4-one",0.5240787499999999,0.07797226002834964,non_fda,0,0,4,0,0,0,4
"3,7-Bis(dimethylamino)phenothiazin-5-ium",0.5056983333333334,0.052076703021783625,non_fda,0,0,4,8,0,0,12
301836-43-1,0.5030283333333333,0.030095012045187823,non_fda,0,0,4,0,0,0,4
32703-82-5,0.5058477083333334,0.11723446509242046,non_fda,0,0,4,0,0,0,4
"376348-65-1, Uk-427857, uk427857",0.48168500000000003,0.0395732163311709,non_fda,0,0,4,0,0,0,4
"4-(3-Ethyl[1,2,4]triazolo[3,4-b][1,3,4]thiadiazol-6-yl)aniline",0.45744666666666667,0.044396976445027395,non_fda,0,0,4,0,0,0,4
4-Deoxyuridine,0.5014310416666666,0.0789103873799789,non_fda,0,0,4,0,0,0,4
4-Hydroxytamoxifen,0.47829374999999996,0.04272662633785032,non_fda,0,0,4,0,0,0,4
423735-93-7,0.50817125,0.07903686286705136,non_fda,0,0,4,0,0,0,4
4449-51-8,0.44783125,0.06265506363421823,non_fda,0,0,4,0,0,0,4
5-BrdU,0.43798333333333334,0.048299572774080805,non_fda,0,0,4,0,0,0,4
"5,6-Dichlorobenzimidazole riboside",0.452115,0.06521963094281857,non_fda,0,0,4,0,0,0,4
"6-(7-Hydroxy-6,7-dihydro-5H-pyrrolo[1,2-c]imidazol-7-yl)-n-methyl-2-naphthamide",0.49339125,0.08795084566830404,non_fda,0,0,4,0,0,0,4
79966-13-5,0.474483125,0.06625723539667736,non_fda,0,0,4,0,0,0,4
"8-Cyclohexyl-2,3,3a,4,5,6-hexahydro-1H-pyrazino[3,2,1-jk]carbazole",0.4755775,0.0739171646410455,non_fda,0,0,4,0,0,0,4
848193-68-0,0.542688125,0.051522380138238254,non_fda,0,0,4,8,0,0,12
852475-26-4,0.4639520833333333,0.048017434166441816,non_fda,0,0,4,0,0,0,4
869288-64-2,0.5425966666666667,0.06034396869560792,non_fda,0,0,4,8,0,0,12
"9-[3-(3,5-Dimethylpiperazin-1-yl)propyl]-9H-carbazole",0.45951145833333334,0.06488061547668098,non_fda,0,0,4,0,0,0,4
9-Cis retinol,0.4723452083333333,0.05962137017294723,non_fda,0,0,4,0,0,0,4
"9-Fluoro-11,17,21-trihydroxy-16-methylpregna-1,4-diene-3,20-dione",0.471865,0.08735125283262156,non_fda,0,0,4,8,0,0,12
936890-98-1,0.48278770833333334,0.03946035568244814,non_fda,0,0,4,0,0,0,4
ABT-199 (GDC-0199),0.463478125,0.07409695693169659,non_fda,0,0,4,0,0,0,4
ABT737,0.5067920833333334,0.018843841648017407,non_fda,0,0,4,0,0,0,4
AC1L1IKY,0.45002916666666665,0.047495905420846876,non_fda,0,0,4,0,0,0,4
AC1L1JM9,0.4672791666666667,0.0786632787809625,non_fda,0,0,4,0,0,0,4
AC1LDBAO,0.5045716666666666,0.05863585832701719,non_fda,0,0,4,0,0,0,4
AC1LWZG4,0.47956624999999997,0.06842324956295168,non_fda,0,0,4,0,0,0,4
AC1M52QF,0.4662135416666667,0.054373381373007554,non_fda,0,0,4,0,0,0,4
AC1MEVG9,0.4666270833333333,0.03990243725648766,non_fda,0,0,4,0,0,0,4
AC1MSUFC,0.492506875,0.06598488295752784,non_fda,0,0,4,0,0,0,4
AC1NWAJL,0.5051645833333334,0.09192306444405407,non_fda,0,0,4,0,0,0,4
AC1NWALX,0.41966041666666665,0.04051635466129304,non_fda,0,0,4,0,0,0,4
AC1NWAML,0.5012052083333334,0.06963113840278541,non_fda,0,0,4,0,0,0,4
AC1NWAOX,0.45765520833333334,0.06050565465137673,non_fda,0,0,4,0,0,0,4
AC1NWAPO,0.44094979166666665,0.06201971902521221,non_fda,0,0,4,0,0,0,4
AC1NWAQV,0.451441875,0.10975856406343815,non_fda,0,0,4,0,0,0,4
AC1NXRFO,0.47238833333333335,0.061938996338819684,non_fda,0,0,4,0,0,0,4
AC1O9CBL,0.476725,0.051366598444069524,non_fda,0,0,4,0,0,0,4
AC1O9X68,0.47545208333333333,0.03056172187960017,non_fda,0,0,4,0,0,0,4
AC1O9ZP5,0.4796239583333334,0.07470701867718281,non_fda,0,0,4,0,0,0,4
AC1OAV9H,0.49666020833333335,0.07267153937593354,non_fda,0,0,4,0,0,0,4
Acarbose,0.47063020833333336,0.06049766178373841,fda,0,0,4,0,0,0,4
Acyclovir,0.4502072916666667,0.0675849185765435,fda,0,0,4,0,0,0,4
AEE788 (NVP-AEE788),0.478950625,0.04186963269499613,non_fda,0,0,4,0,0,0,4
Afatinib,0.4822710416666666,0.051043693879567836,fda,0,0,4,0,0,0,4
AG 14361,0.5065525,0.07822909704581263,non_fda,0,0,4,0,0,0,4
AG-957,0.45785875,0.04383462596998599,non_fda,0,0,4,0,0,0,4
AKT Inhibitor IV,0.5068902083333333,0.06961473824772743,non_fda,0,0,4,8,0,0,12
"AKT Inhibitor V, Triciribine",0.4758014583333333,0.05764516110446671,non_fda,0,0,4,0,0,0,4
ALDA 1,0.4230770833333333,0.06479486429867824,non_fda,0,0,4,0,0,0,4
Aliskiren,0.4449239583333333,0.08403143608640785,fda,0,0,4,8,0,0,12
Alitretinoin,0.45652895833333335,0.052924699089932685,fda,0,0,4,0,0,0,4
Allitinib,0.49836625,0.07743272207674405,fda,0,0,4,0,0,0,4
Aloisine,0.443870625,0.05278731395170729,fda,0,0,4,0,0,0,4
Alpelisib,0.5101241666666667,0.04093116321609028,fda,0,0,4,0,16,0,20
altrenogest,0.44097625,0.048321514858438434,fda,0,0,4,0,0,0,4
Alvespimycin,0.47423145833333336,0.049271252101814454,fda,0,0,4,0,0,0,4
Alvimopan (monohydrate),0.495215625,0.08696006933917548,fda,0,0,4,0,0,0,4
Alvocidib,0.5156183333333333,0.04619553499175655,fda,0,0,4,8,16,32,60
AM-580,0.48968375000000003,0.04547349485933782,non_fda,0,0,4,0,0,0,4
Ambrisentan,0.4574229166666667,0.049308705393463374,fda,0,0,4,0,0,0,4
AMIKACIN HYDRATE,0.5006895833333334,0.0625527491291239,fda,0,0,4,0,0,0,4
Amiloride,0.492428125,0.05703561108026811,fda,0,0,4,0,0,0,4
Aminolevulinic acid,0.47874916666666667,0.06818833199774667,fda,0,0,4,0,0,0,4
Amiodarone,0.47888833333333336,0.050871489169449925,fda,0,0,4,0,0,0,4
Amlodipine,0.5022104166666667,0.084116219175454,fda,0,0,4,0,0,0,4
Amodiaquine,0.4938533333333333,0.04792648304418057,fda,0,0,4,0,0,0,4
Amoxapine,0.5026366666666666,0.07470264735220948,fda,0,0,4,0,0,0,4
Amoxicillin,0.47604166666666664,0.08685176662037086,fda,0,0,4,0,0,0,4
ANISODAMINE HYDROBROMIDE,0.4502510416666667,0.07910120933465156,fda,0,0,4,0,0,0,4
Antimycin A,0.43091875,0.02343202459852145,fda,0,0,4,0,0,0,4
AO-081/15245014,0.45741041666666665,0.06481488639971482,non_fda,0,0,4,0,0,0,4
Apatinib Hydrochloride,0.49438125,0.07263454411647348,fda,0,0,4,0,0,0,4
Apigenin,0.42845,0.039466133009985985,fda,0,0,4,8,0,0,12
Apomorphine,0.4566375,0.06996674933069826,fda,0,0,4,0,0,0,4
Apremilast (CC-10004),0.4895979166666667,0.07181836405596137,fda,0,0,4,0,0,0,4
Arachidonyl Trifluoromethylketone,0.5093097916666667,0.05315092524420884,fda,0,0,4,0,16,0,20
Arundine,0.44582791666666666,0.050437551484995645,fda,0,0,4,0,0,0,4
AS601245,0.5128616666666667,0.04691394833535861,non_fda,0,0,4,8,0,0,12
Asenapine maleate,0.4896552083333333,0.10750131347827138,fda,0,0,4,0,0,0,4
Azacitidine,0.5397433333333334,0.06695672512069935,fda,0,0,4,0,0,0,4
AZD 1480,0.4847739583333333,0.07469999836349363,non_fda,0,0,4,8,0,0,12
AZD-1152HQPA,0.4399775,0.0413093146708031,non_fda,0,0,4,0,0,0,4
AZD-6482,0.49193145833333335,0.03738679710761903,non_fda,0,0,4,0,0,0,4
AZD1208,0.4885697916666667,0.06708373261305309,non_fda,0,0,4,0,0,0,4
AZD7545,0.47317625,0.05465029742400076,non_fda,0,0,4,0,0,0,4
AZD7762,0.4892770833333333,0.056422420356177616,non_fda,0,0,4,0,0,0,4
Azithromycin,0.5823433333333333,0.09171128370018874,fda,0,0,4,8,0,0,12
Batimastat,0.4709204166666667,0.05832912503017437,fda,0,0,4,0,0,0,4
BAY 61-3606,0.52213875,0.05038387474111702,non_fda,0,0,4,8,0,0,12
BAY 87-2243,0.4563535416666667,0.05743584759052887,non_fda,0,0,4,0,0,0,4
BAY-117821,0.4721035416666667,0.06729376693722228,non_fda,0,0,4,0,0,0,4
BCPP000194,0.47926979166666667,0.06460873621721228,non_fda,0,0,4,0,0,0,4
BDBM50127227,0.47906791666666665,0.03863932670292737,non_fda,0,0,4,0,0,0,4
Belinostat,0.48746354166666667,0.04987274602009917,fda,0,0,4,0,0,0,4
Bemegride,0.47373229166666664,0.05886686829859161,fda,0,0,4,0,0,0,4
Benzamil,0.48750625000000003,0.06684770014653424,fda,0,0,4,0,0,0,4
Benzbromarone,0.45614895833333335,0.051698338302925466,fda,0,0,4,8,0,0,12
Benzohydroxamate,0.48788229166666663,0.08138661267657152,fda,0,0,4,0,0,0,4
Benzthiazide,0.45314375,0.039115598862918634,fda,0,0,4,0,0,0,4
Benzydamine,0.475915,0.02577588925074491,fda,0,0,4,0,0,0,4
Benzylpenicillin,0.48335937500000004,0.06731164496848295,fda,0,0,4,0,0,0,4
Beta-Narcotine,0.44983791666666667,0.0523488562946426,fda,0,0,4,0,0,0,4
BGT-226,0.48222333333333334,0.05076150109729611,non_fda,0,0,4,0,0,0,4
BIBR-1532,0.5170370833333333,0.05999528609624126,non_fda,0,0,4,0,0,0,4
Bicalutamide,0.469046875,0.045452704779537535,fda,0,0,4,0,0,0,4
BIO2_000029,0.4657925,0.02900891005705682,non_fda,0,0,4,0,0,0,4
BIO2_000413,0.45011666666666666,0.04169052935734011,non_fda,0,0,4,8,0,0,12
Birinapant,0.4641689583333333,0.057935017770579675,fda,0,0,4,0,0,0,4
Bisacodyl,0.447804375,0.0522724757836624,fda,0,0,4,0,0,0,4
Blebbistatin,0.47156125000000004,0.022627127554970143,fda,0,0,4,0,0,0,4
BML-259,0.47771458333333333,0.051452083917798,non_fda,0,0,4,0,0,0,4
BMN 673,0.4874383333333333,0.05205374936559201,non_fda,0,0,4,0,0,0,4
BMS-345541,0.519516875,0.05754556933034525,non_fda,0,0,4,8,0,0,12
BMS-387032,0.5168570833333334,0.051659419927656026,non_fda,0,0,4,8,0,0,12
BMS-777607,0.5064452083333334,0.07175097091006992,non_fda,0,0,4,0,0,0,4
Brazilin,0.44700208333333336,0.04949423101503689,fda,0,0,4,0,0,0,4
BRD-A01645196,0.44715041666666666,0.04346377981895723,non_fda,0,0,4,0,0,0,4
BRD-A07407288,0.48721916666666665,0.05072319820076693,non_fda,0,0,4,0,0,0,4
BRD-A28746609,0.47694729166666666,0.03586894901059968,non_fda,0,0,4,0,0,0,4
BRD-A62647958,0.4376125,0.08237428167666189,non_fda,0,0,4,0,0,0,4
BRD-A69951442-001-01-3,0.4761116666666667,0.050723993156552974,non_fda,0,0,4,0,0,0,4
BRD-A73513677,0.4523729166666667,0.05605656648273538,non_fda,0,0,4,0,0,0,4
BRD-K00141503,0.45411875,0.04106589380408723,non_fda,0,0,4,0,0,0,4
BRD-K00199686,0.43217,0.048150415218503405,non_fda,0,0,4,0,0,0,4
BRD-K10010115,0.4586541666666667,0.05090305503508372,non_fda,0,0,4,0,0,0,4
BRD-K10436544,0.51049375,0.06618355739040634,non_fda,0,0,4,0,0,0,4
BRD-K35638681,0.4511777083333333,0.06242140434011131,non_fda,0,0,4,0,0,0,4
BRD-K41335306,0.48640625000000004,0.04103133982962639,non_fda,0,0,4,0,0,0,4
BRD-K42573370-001-01-1,0.44518125,0.05137450145550406,non_fda,0,0,4,8,0,0,12
BRD-K49477330,0.456873125,0.06764403304576412,non_fda,0,0,4,0,0,0,4
BRD-K51556300-001-01-9,0.47237208333333336,0.06504849128803225,non_fda,0,0,4,0,0,0,4
BRD-K54343811,0.45924791666666664,0.061021113108822286,non_fda,0,0,4,0,0,0,4
BRD-K73008154,0.4570822916666667,0.04587505167107076,non_fda,0,0,4,0,0,0,4
BRD-K76938712,0.4256802083333333,0.04142317423664301,non_fda,0,0,4,0,0,0,4
BRD-K79657514,0.445478125,0.041825097590351905,non_fda,0,0,4,0,0,0,4
BRD-K83816656,0.4304614583333333,0.06411337024982905,non_fda,0,0,4,0,0,0,4
BRD-K94544211,0.45083229166666666,0.04679715524301969,non_fda,0,0,4,0,0,0,4
BRD-U86222656,0.47314375,0.0455944677682658,non_fda,0,0,4,8,0,0,12
BRD-U88878891,0.47725625,0.0551323175235349,non_fda,0,0,4,0,0,0,4
BRD32048,0.46940624999999997,0.07482237202969971,non_fda,0,0,4,8,0,0,12
BRN 1087718,0.47315104166666666,0.044218005749808276,non_fda,0,0,4,0,0,0,4
Broad-Sai-045,0.47606104166666663,0.05927786073203275,non_fda,0,0,4,0,0,0,4
Broad-Sai-296,0.47124125,0.08349153383917114,non_fda,0,0,4,0,0,0,4
Broad-Sai-424,0.44910104166666664,0.041802710865022644,non_fda,0,0,4,0,0,0,4
Broad-Sai-443,0.4183295833333333,0.045158400972277746,non_fda,0,0,4,0,0,0,4
Broad-Sai-560,0.4709479166666667,0.0628004533382055,non_fda,0,0,4,0,0,0,4
Broad-Sai-686,0.47761458333333334,0.09482588789816103,non_fda,0,0,4,0,0,0,4
Bromopyruvate,0.473378125,0.06250274199342322,fda,0,0,4,0,0,0,4
BSPBIO_001592,0.4844470833333333,0.05968537017807335,non_fda,0,0,4,0,0,0,4
Bumetanide,0.4805375,0.08844475037585679,fda,0,0,4,0,0,0,4
Buparlisib,0.5551164583333333,0.06100366849779193,fda,0,0,4,0,0,0,4
C-Fms Inhibitor,0.4875216666666667,0.06692116750563651,non_fda,0,0,4,0,0,0,4
C30H33N3O5S,0.5023379166666667,0.05920951760653361,non_fda,0,0,4,8,0,0,12
Cabazitaxel,0.4754991666666667,0.061965193935981586,fda,0,0,4,0,0,0,4
Cabozantinib,0.5203279166666667,0.03135513315548846,fda,0,0,4,8,16,0,28
Capsaicin,0.4442902083333333,0.03911751261525156,fda,0,0,4,0,0,0,4
Capsazepine,0.45936958333333333,0.015816423696011245,fda,0,0,4,0,0,0,4
Carbacyclin,0.43862875,0.0574539211624798,fda,0,0,4,0,0,0,4
Carbamazepine,0.47250125,0.06610477974668053,fda,0,0,4,0,0,0,4
CAY-10594,0.4868766666666667,0.06922169376215513,non_fda,0,0,4,0,0,0,4
CAY10577,0.42208958333333335,0.046897351549328135,non_fda,0,0,4,0,0,0,4
CAY10603,0.505164375,0.036896458931670234,non_fda,0,0,4,0,0,0,4
CAY10618,0.4783585416666667,0.05757834063144779,non_fda,0,0,4,0,0,0,4
CCT 018159,0.467940625,0.0811183274260191,non_fda,0,0,4,0,0,0,4
CEPHARANTHINE,0.4907635416666667,0.06550057780817178,fda,0,0,4,0,0,0,4
Cercosporin,0.45765625,0.032375790653457526,fda,0,0,4,0,0,0,4
Cerulenin,0.5307999999999999,0.08515004961830616,fda,0,0,4,0,0,0,4
CGP 60474,0.5190925,0.06408118076761249,non_fda,0,0,4,8,0,0,12
CGP-12177,0.4497452083333333,0.06201128335267409,non_fda,0,0,4,0,0,0,4
CGP71683A,0.468331875,0.07908097021627403,non_fda,0,0,4,0,0,0,4
CGS-15943,0.5026652083333334,0.07206186016766021,non_fda,0,0,4,0,0,0,4
Chaetocin,0.5287422916666666,0.04033247727286622,fda,0,0,4,8,16,0,28
ChEBI91594,0.45924791666666664,0.07859000788576194,non_fda,0,0,4,0,0,0,4
Chelerythrine,0.486250625,0.06670340816081181,fda,0,0,4,8,0,0,12
CHEMBL1222381,0.47526145833333333,0.07314422162205587,non_fda,0,0,4,0,0,0,4
CHEMBL1242477,0.5171091666666666,0.07564869978634846,non_fda,0,0,4,0,0,0,4
CHEMBL1374544,0.4445385416666667,0.03886789003462945,non_fda,0,0,4,0,0,0,4
CHEMBL1406616,0.49223020833333336,0.05788299499741728,non_fda,0,0,4,0,0,0,4
CHEMBL1434137,0.5006410416666667,0.047429250760771806,non_fda,0,0,4,0,0,0,4
CHEMBL1474387,0.454084375,0.050550654784648874,non_fda,0,0,4,0,0,0,4
CHEMBL1515144,0.4453416666666667,0.03327491637140218,non_fda,0,0,4,0,0,0,4
CHEMBL179288,0.5229691666666667,0.05789660622095877,non_fda,0,0,4,0,0,0,4
CHEMBL1950303,0.49235229166666666,0.08438224407438903,non_fda,0,0,4,0,0,0,4
CHEMBL2130683,0.44662875,0.0831070162393903,non_fda,0,0,4,0,0,0,4
CHEMBL2132717,0.4704583333333333,0.08570222707835821,non_fda,0,0,4,0,0,0,4
CHEMBL2138369,0.4503125,0.07299437451144752,non_fda,0,0,4,0,0,0,4
CHEMBL2141330,0.4568,0.058731584922087,non_fda,0,0,4,0,0,0,4
CHEMBL214378,0.4440825,0.029882456059680408,non_fda,0,0,4,0,0,0,4
CHEMBL2333346,0.4619020833333333,0.058349087530779796,non_fda,0,0,4,0,0,0,4
CHEMBL2355399,0.45449875,0.050150288860757924,non_fda,0,0,4,8,0,0,12
CHEMBL2355513,0.45642520833333333,0.059086058607558126,non_fda,0,0,4,8,0,0,12
CHEMBL2355586,0.43047916666666663,0.035313722938509005,non_fda,0,0,4,0,0,0,4
CHEMBL2358826,0.46554270833333333,0.06698734028665833,non_fda,0,0,4,0,0,0,4
CHEMBL2381524,0.4607820833333333,0.05359113196414508,non_fda,0,0,4,0,0,0,4
CHEMBL258148,0.498209375,0.041070903276920284,non_fda,0,0,4,0,0,0,4
CHEMBL299879,0.48689541666666664,0.06467286992675901,non_fda,0,0,4,0,0,0,4
CHEMBL3182405,0.49931333333333333,0.06749017572245326,non_fda,0,0,4,0,0,0,4
CHEMBL3185054,0.46396333333333334,0.05461554964927171,non_fda,0,0,4,0,0,0,4
CHEMBL3186197,0.46754270833333333,0.07685188695485508,non_fda,0,0,4,0,0,0,4
CHEMBL3347630,0.5042029166666666,0.03696549139088836,non_fda,0,0,4,8,0,0,12
CHEMBL399379,0.5372322916666666,0.07739571416160794,non_fda,0,0,4,0,0,0,4
CHEMBL416418,0.5047379166666667,0.04571471633384733,non_fda,0,0,4,0,0,0,4
CHEMBL436817,0.501900625,0.06150817729825501,non_fda,0,0,4,0,0,0,4
CHEMBL552425,0.5252166666666667,0.06746972296860508,non_fda,0,0,4,0,0,0,4
CHEMBL585951,0.5172745833333333,0.04797626128229443,non_fda,0,0,4,8,0,0,12
CHEMDIV1_009700,0.4306979166666667,0.04994023844230824,non_fda,0,0,4,0,0,0,4
CHIR-265,0.489364375,0.047811788701525124,non_fda,0,0,4,0,0,0,4
CHIR-99021,0.48243416666666666,0.02871442719897229,non_fda,0,0,4,0,0,0,4
Chloroquine,0.599386875,0.10180918997732614,fda,0,0,4,0,0,0,4
Chloroxine,0.4477116666666667,0.021494944163760337,fda,0,0,4,0,0,0,4
Chlorpromazine,0.49168354166666667,0.0563185314833622,fda,0,0,4,0,0,0,4
Chlorprothixene,0.47397395833333333,0.06839806638254502,fda,0,0,4,0,0,0,4
Chlorthalidone,0.44424583333333334,0.057656302915405654,fda,0,0,4,0,0,0,4
CID 6167421,0.469709375,0.07726407965356413,non_fda,0,0,4,0,0,0,4
CID 75060947,0.446775,0.06449811182175358,non_fda,0,0,4,0,0,0,4
CID-2858522,0.5077002083333333,0.042419790281071394,non_fda,0,0,4,0,0,0,4
CID755673,0.42561770833333334,0.02325324198147023,non_fda,0,0,4,0,0,0,4
Cidoxepin,0.48258104166666665,0.05251989874548608,fda,0,0,4,0,0,0,4
Ciglitazone,0.42794479166666666,0.0810725051421859,fda,0,0,4,0,0,0,4
Cilomilast,0.4384825,0.04286794179951941,fda,0,0,4,0,0,0,4
Cilostazol,0.4967691666666667,0.10059371366328729,fda,0,0,4,0,0,0,4
Cimetidine,0.46959083333333335,0.09197919771287832,fda,0,0,4,0,0,0,4
CL-976,0.45624291666666666,0.049855880237400604,non_fda,0,0,4,0,0,0,4
CLIMBAZOLE,0.44930416666666667,0.0660326258645787,fda,0,0,4,0,0,0,4
Clinafloxacin,0.433728125,0.052024951838894454,fda,0,0,4,0,0,0,4
Clofazimine,0.46728770833333333,0.049242963423983654,fda,0,0,4,0,0,0,4
Clonidine,0.49296666666666666,0.08107896993104542,fda,0,0,4,0,0,0,4
Closantel,0.4613320833333333,0.07182629937802217,fda,0,0,4,0,0,0,4
Clozapine,0.4829779166666667,0.06732501982358438,fda,0,0,4,0,0,0,4
CO-1686 (AVL-301),0.44522500000000004,0.04224322642236773,non_fda,0,0,4,0,0,0,4
Cobimetinib,0.45131208333333334,0.040876611436125664,fda,0,0,4,0,0,0,4
Conivaptan HCl,0.4718375,0.07904661712288154,fda,0,0,4,0,0,0,4
COT Inhibitor-2,0.508388125,0.03206623501636888,non_fda,0,0,4,0,0,0,4
CP466722,0.5247960416666667,0.039175729082644335,non_fda,0,0,4,0,0,0,4
Cromakalim,0.5099208333333334,0.06605494316001655,fda,0,0,4,0,0,0,4
CT-200783,0.46842875,0.0578564319643275,non_fda,0,0,4,8,0,0,12
Cucurbitacin-I,0.48068229166666665,0.05887754654579271,fda,0,0,4,0,0,0,4
Curcumin,0.4977304166666667,0.05783521872698686,fda,0,0,4,8,0,0,12
Cyclosporin A,0.5034629166666666,0.055199530397919076,fda,0,0,4,0,16,0,20
Cyclosporine,0.4931316666666667,0.07790841447514989,fda,0,0,4,8,0,0,12
CYTO7H11,0.5005052083333333,0.07877398560114932,non_fda,0,0,4,0,0,0,4
D-64131,0.46627854166666666,0.06155663584873598,non_fda,0,0,4,0,0,0,4
Dabigatran Etexilate,0.4819539583333333,0.06690533263403621,fda,0,0,4,0,0,0,4
Daminozide,0.45037499999999997,0.04955447399435435,fda,0,0,4,8,0,0,12
Daunorubicin,0.4508385416666667,0.05288415666849288,fda,0,0,4,8,0,0,12
Defactinib,0.454028125,0.04892119106550715,fda,0,0,4,0,0,0,4
Dequalinium,0.46495729166666666,0.05743498402222233,fda,0,0,4,0,0,0,4
Dexamethasone Acetate,0.5037095833333334,0.04621147941756807,fda,0,0,4,0,16,32,52
Dexniguldipine,0.46362312499999997,0.05513229471899517,fda,0,0,4,0,0,0,4
DG-041,0.49421666666666664,0.0320978591606732,non_fda,0,0,4,0,0,0,4
Diclofenac,0.423175625,0.05330647142685531,fda,0,0,4,0,0,0,4
Diclofensine (hydrochloride),0.4829125,0.06864708270775761,fda,0,0,4,0,0,0,4
DICUMAROL,0.468690625,0.07720159595118947,fda,0,0,4,0,0,0,4
Diflunisal,0.47552916666666667,0.05302123376684789,fda,0,0,4,8,0,0,12
Digoxigenin,0.4584375,0.04306715017972719,fda,0,0,4,0,0,0,4
Digoxin,0.46473375,0.043236655724214916,fda,0,0,4,0,0,0,4
Dilazep,0.47652937500000003,0.06447685394306116,fda,0,0,4,8,0,0,12
DIMINAZENE ACETURATE,0.48473125,0.06411962000544652,fda,0,0,4,0,0,0,4
Dinaciclib,0.46753770833333336,0.0493497481453947,fda,0,0,4,0,0,0,4
Dipivefrin,0.44056666666666666,0.06235439674674749,fda,0,0,4,0,0,0,4
Disopyramide,0.48251770833333335,0.08182330707145202,fda,0,0,4,0,0,0,4
Disulfiram,0.465045625,0.05427385053170356,fda,0,0,4,0,0,0,4
Dopamine,0.47287,0.08454472044755695,fda,0,0,4,0,0,0,4
Doramapimod,0.495733125,0.06294479128215115,fda,0,0,4,0,0,0,4
Doxepin,0.45196458333333334,0.046264673723287214,fda,0,0,4,0,0,0,4
Duloxetine,0.5019789583333334,0.06033728919507996,fda,0,0,4,0,0,0,4
Econazole,0.44931666666666664,0.051416127573001597,fda,0,0,4,0,0,0,4
EI-346-ERLOTINIB-ANALOG,0.45066666666666666,0.05536247887748812,non_fda,0,0,4,0,0,0,4
Elesclomol,0.5148516666666667,0.048933461049852786,fda,0,0,4,0,16,32,52
EMD-1214063,0.4948447916666667,0.05623779496115806,non_fda,0,0,4,0,0,0,4
EMF-sumo1-1,0.4969977083333333,0.05571855576286596,fda,0,0,4,0,0,0,4
Enalapril,0.47390750000000004,0.08936360213480617,fda,0,0,4,0,0,0,4
Enclomiphene,0.47817645833333333,0.06372670985978776,fda,0,0,4,0,0,0,4
Enzalutamide,0.47544166666666665,0.05505438526858316,fda,0,0,4,0,0,0,4
Enzastaurin,0.518655625,0.04177503213963884,fda,0,0,4,8,16,0,28
Epigalocatechin Gallate,0.5006235416666667,0.08362985704421663,fda,0,0,4,0,0,0,4
Erastin,0.4971333333333333,0.061899908326213615,fda,0,0,4,0,0,0,4
Erismodegib,0.4930416666666667,0.08205496899340065,fda,0,0,4,0,0,0,4
ESTRAMUSTINE,0.4740504166666667,0.08440118323547142,fda,0,0,4,0,0,0,4
Estriol,0.45681062499999997,0.0790549598854498,fda,0,0,4,0,0,0,4
Etanidazole,0.5384739583333333,0.08342032904731973,fda,0,0,4,0,0,0,4
Etazolate,0.4453958333333333,0.05845239668800099,fda,0,0,4,0,0,0,4
ETOPOSIDE,0.493478125,0.06873866976442111,fda,0,0,4,0,0,0,4
Etravirine (TMC125),0.4809572916666667,0.06422762355659888,fda,0,0,4,0,0,0,4
Everolimus,0.484723125,0.06812386287058823,fda,0,0,4,0,0,0,4
Evodiamine,0.43408104166666667,0.03759677394486803,fda,0,0,4,0,0,0,4
EX-8678,0.51831125,0.05175278092942032,non_fda,0,0,4,0,0,0,4
EX527,0.45181375,0.04910488213006865,non_fda,0,0,4,0,0,0,4
F1298-0937,0.418115625,0.055676599206100456,non_fda,0,0,4,0,0,0,4
Falnidamol,0.5293447916666667,0.05423704065413831,fda,0,0,4,8,16,0,28
Famotidine,0.4438270833333333,0.07228445308458864,fda,0,0,4,0,0,0,4
Fasudil,0.43227125,0.05414686177681749,fda,0,0,4,0,0,0,4
Febuxostat,0.41484895833333335,0.07872412606408263,fda,0,0,4,0,0,0,4
Felbamate,0.4667425,0.0644760211795273,fda,0,0,4,0,0,0,4
Fenoldopam,0.43658729166666665,0.058352528732474034,fda,0,0,4,0,0,0,4
FGIN1-27,0.470028125,0.057585581917626465,non_fda,0,0,4,0,0,0,4
FK 866,0.49923125,0.05771793598118848,non_fda,0,0,4,0,0,0,4
FK888,0.501675,0.054267902641827404,non_fda,0,0,4,8,0,0,12
Flufenamic acid,0.46196354166666664,0.06082335794557706,fda,0,0,4,8,0,0,12
Fluoropyruvate,0.48863020833333337,0.0648937869909729,fda,0,0,4,0,0,0,4
Fluoxetine,0.4843075,0.04408966804787068,fda,0,0,4,0,0,0,4
Fluphenazine,0.4970475,0.07494156995381707,fda,0,0,4,0,0,0,4
Fluspirilene,0.5242489583333333,0.07033186825340194,fda,0,0,4,0,0,0,4
Flutamide,0.5343091666666667,0.06295730539956904,fda,0,0,4,0,0,0,4
Formoterol,0.46769791666666666,0.052214868494185426,fda,0,0,4,0,0,0,4
FPL-55712,0.45637395833333333,0.08998961122111915,non_fda,0,0,4,0,0,0,4
FPL64176,0.4439972916666667,0.041378409406715506,non_fda,0,0,4,0,0,0,4
FTI276,0.47728666666666664,0.059764132731188475,non_fda,0,0,4,0,0,0,4
Gabexate,0.4827547916666667,0.05909316286988089,fda,0,0,4,0,0,0,4
galantamine,0.47518333333333335,0.035683725293103166,fda,0,0,4,0,0,0,4
GANT58,0.4127164583333333,0.03891804810882981,non_fda,0,0,4,0,0,0,4
Gemfibrozil,0.4456833333333333,0.047965522505299035,fda,0,0,4,0,0,0,4
Gemifloxacin,0.4188927083333333,0.0703732581669327,fda,0,0,4,0,0,0,4
Genistein,0.5169083333333333,0.040758984441450624,fda,0,0,4,0,16,32,52
Gestrinone,0.4248020833333333,0.044390665969305,fda,0,0,4,0,0,0,4
GF-109203,0.54031125,0.06352057359346543,non_fda,0,0,4,0,0,0,4
Gibberellin A3,0.46300416666666666,0.07974335072046439,fda,0,0,4,0,0,0,4
Glimepiride,0.48271145833333334,0.03666547858938284,fda,0,0,4,0,0,0,4
Gliquidone,0.4437270833333333,0.046266353125652984,fda,0,0,4,0,0,0,4
Golvatinib (E7050),0.47218333333333334,0.05189547779025998,fda,0,0,4,0,0,0,4
Gossypol,0.48434604166666667,0.07233369006351303,fda,0,0,4,0,0,0,4
GSK 1059615,0.5798375,0.06270068779527065,non_fda,0,0,4,0,0,0,4
GSK 3BETA Inhibitor VIII,0.42306895833333336,0.04695039439746361,non_fda,0,0,4,0,0,0,4
GSK J4,0.493948125,0.07024714974976758,fda,0,0,4,0,0,0,4
GSK-3 Inhibitor II,0.46960729166666665,0.04921832262978981,non_fda,0,0,4,8,0,0,12
GSK-J2,0.4644622916666667,0.058652100227199966,fda,0,0,4,0,0,0,4
GSK1292263,0.43417083333333334,0.08164505678618299,non_fda,0,0,4,0,0,0,4
GSK256066,0.4357229166666667,0.07634992798278326,non_fda,0,0,4,0,0,0,4
Guanadrel,0.501740625,0.07515216250063483,fda,0,0,4,0,0,0,4
GW 405833,0.50415375,0.05231778943219436,non_fda,0,0,4,0,0,0,4
GW7647,0.47186875,0.10747209916166282,non_fda,0,0,4,0,0,0,4
H7,0.43855875,0.05472476915010009,non_fda,0,0,4,0,0,0,4
"HDACi1,2+3_mix",0.4676589583333333,0.0870200628524209,non_fda,0,0,4,0,0,0,4
Hexachlorophene,0.4307283333333333,0.05848033821667337,fda,0,0,4,0,0,0,4
HG-6-64-01,0.437784375,0.04204025292292391,non_fda,0,0,4,0,0,0,4
HG-9-91-01,0.49068541666666665,0.046041263262615435,non_fda,0,0,4,8,0,0,12
HG6-64-1,0.4508722916666667,0.06399673949369152,non_fda,0,0,4,0,0,0,4
Hinokitiol,0.45729604166666665,0.03431577391860683,fda,0,0,4,0,0,0,4
HLI-373,0.4928929166666667,0.07286240070916666,non_fda,0,0,4,8,0,0,12
Homochlorcyclizine,0.430025625,0.04973071197401523,fda,0,0,4,0,0,0,4
Honokiol,0.4701972916666667,0.06375034505936804,fda,0,0,4,0,0,0,4
Hydroflumethiazide,0.45062708333333334,0.03192832366696598,fda,0,0,4,0,0,0,4
Hydroxyl,0.46828458333333334,0.06220812386817668,fda,0,0,4,8,0,0,12
Ichthynone,0.4341520833333333,0.017423999225434354,fda,0,0,4,0,0,0,4
"ICI 182,780",0.4403272916666667,0.04473697715924963,non_fda,0,0,4,0,0,0,4
"ICI 192,605",0.4657791666666667,0.052610089102726555,non_fda,0,0,4,0,0,0,4
Idebenone,0.46818166666666666,0.0650988944143313,fda,0,0,4,0,0,0,4
Ilomastat,0.48729333333333336,0.07996277004738388,fda,0,0,4,0,0,0,4
Iloprost,0.427115625,0.04122801998273056,fda,0,0,4,0,0,0,4
IMD-0354,0.527409375,0.0597472627249567,non_fda,0,0,4,0,0,0,4
IN1345,0.45085416666666667,0.057117538761110705,non_fda,0,0,4,0,0,0,4
IN1541,0.4923385416666667,0.05556595207240044,non_fda,0,0,4,0,0,0,4
INCA-6,0.45353125,0.06598060828488062,non_fda,0,0,4,0,0,0,4
Indolophenanthridine,0.46687541666666665,0.04553426210227209,fda,0,0,4,0,0,0,4
Iniparib,0.460195625,0.03921788353339948,fda,0,0,4,0,0,0,4
IOX2,0.4702089583333333,0.09969844204788658,non_fda,0,0,4,0,0,0,4
Ipatasertib,0.476931875,0.06530835389475423,fda,0,0,4,0,0,0,4
IPRATROPIUM BROMIDE,0.45500166666666664,0.06835805329874198,fda,0,0,4,0,0,0,4
Isoliquiritigenin,0.5311045833333333,0.0717601785089952,fda,0,0,4,0,0,0,4
Istaroxime (hydrochloride),0.46327125,0.05786850437852992,fda,0,0,4,0,0,0,4
Itrazole,0.529821875,0.041955846173388045,fda,0,0,4,0,16,32,52
Ivacaftor (VX-770),0.47794666666666663,0.08250104815110984,fda,0,0,4,0,0,0,4
Ivermectin,0.4615120833333333,0.06728976950443742,fda,0,0,4,0,0,0,4
IWR-1-ENDO,0.464645625,0.054314443436561256,non_fda,0,0,4,0,0,0,4
Ixabepilone,0.4541966666666667,0.06647943286198217,fda,0,0,4,0,0,0,4
JLK-6,0.4553552083333333,0.059629013614455634,non_fda,0,0,4,0,0,0,4
JNJ-38877605,0.47430104166666665,0.052629983162909864,non_fda,0,0,4,0,0,0,4
JNK-IN-2,0.4466322916666666,0.042778396870842235,fda,0,0,4,0,0,0,4
JW 55,0.46988125000000003,0.06083713454366607,non_fda,0,0,4,0,0,0,4
Kenpaullone,0.45922708333333334,0.051565770290713235,fda,0,0,4,0,0,0,4
Ketanserin,0.44351145833333333,0.04327432267209013,fda,0,0,4,0,0,0,4
Ketorolac,0.4855172916666667,0.08292464967044641,fda,0,0,4,0,0,0,4
KI8751,0.4404,0.04853701520734556,non_fda,0,0,4,0,0,0,4
KO143,0.5266579166666666,0.0714448760575659,non_fda,0,0,4,0,0,0,4
KU-55933,0.5123458333333334,0.0642871807619331,non_fda,0,0,4,0,0,0,4
KUC111109N,0.4451627083333333,0.04641324761227822,non_fda,0,0,4,0,0,0,4
L-Sulforaphane,0.532109375,0.028482488381369384,fda,0,0,4,0,16,0,20
Lanacordin,0.45645625,0.04027778710317352,fda,0,0,4,0,0,0,4
Lapatinib,0.5268256250000001,0.04676710576565999,fda,0,0,4,8,16,0,28
Latrunculin B,0.4941125,0.05397752673897853,fda,0,0,4,0,0,0,4
Lenalidomide,0.4588947916666667,0.06788922202392576,fda,0,0,4,8,0,0,12
Lestaurtinib,0.46486041666666666,0.06505528307640197,fda,0,0,4,8,0,0,12
Levosulpiride,0.4223854166666666,0.047997638365762076,fda,0,0,4,0,0,0,4
Levothyroxine,0.43523541666666665,0.051367295071632776,fda,0,0,4,0,0,0,4
Linifanib,0.52604875,0.08243104099574905,fda,0,0,4,8,0,0,12
Lisinopril,0.5068104166666667,0.07869118208475985,fda,0,0,4,0,0,0,4
Lonafarnib,0.45965520833333334,0.042159314938237664,fda,0,0,4,8,0,0,12
Lonidamine,0.5079529166666666,0.07093318721873378,fda,0,0,4,0,0,0,4
Loperamide,0.5362470833333334,0.07859870071298788,fda,0,0,4,0,0,0,4
LY 2183240,0.5304783333333333,0.071765709219942,non_fda,0,0,4,0,0,0,4
LY 303511,0.42685729166666664,0.044976506971034065,non_fda,0,0,4,0,0,0,4
LY2157299,0.44612,0.038991008090388767,non_fda,0,0,4,0,0,0,4
LY2784544,0.4620322916666667,0.0838021199391734,non_fda,0,0,4,0,0,0,4
M3M3FBS,0.5183741666666667,0.0715056651990285,non_fda,0,0,4,0,0,0,4
Manumycin-A,0.5364085416666666,0.054366117734210885,fda,0,0,4,0,16,0,20
Maxacalcitol-D6,0.48427416666666667,0.05988417621635211,fda,0,0,4,0,0,0,4
MD-041,0.44828645833333336,0.05813408589807157,non_fda,0,0,4,0,0,0,4
MD-II-038,0.4495354166666667,0.04761035754784176,fda,0,0,4,0,0,0,4
Medrysone,0.44116895833333336,0.05356431676133961,fda,0,0,4,0,0,0,4
Meisoindigo,0.47239270833333336,0.05390912868435135,fda,0,0,4,0,0,0,4
Menadione,0.5184722916666666,0.04993857871820986,fda,0,0,4,0,16,0,20
Mercaptopurine,0.42578020833333335,0.03097059599394623,fda,0,0,4,0,0,0,4
Mesoridazine,0.4776708333333333,0.06187588303041542,fda,0,0,4,8,0,0,12
Metformin,0.456324375,0.04387872877419406,fda,0,0,4,0,0,0,4
Methixene,0.47249458333333333,0.04065223842164756,fda,0,0,4,0,0,0,4
Methocarbamol,0.49748125,0.04128597078825413,fda,0,0,4,0,0,0,4
Methoxsalen,0.4473083333333333,0.05837741395709012,fda,0,0,4,0,0,0,4
Metoclopramide,0.4443635416666667,0.05279021974141823,fda,0,0,4,0,0,0,4
Metronidazole,0.463646875,0.04563242458343733,fda,0,0,4,0,0,0,4
MG-132,0.52366375,0.06987604160992111,non_fda,0,0,4,0,0,0,4
MGCD-265,0.49070708333333335,0.03967376509865397,non_fda,0,0,4,0,0,0,4
Mianserin,0.5065333333333333,0.07601330292930455,fda,0,0,4,0,0,0,4
Mibefradil,0.5249070833333334,0.058630805061695504,fda,0,0,4,0,16,0,20
Midostaurin,0.48884041666666667,0.051129209732762596,fda,0,0,4,0,0,0,4
Milrinone,0.50341875,0.06879189080895674,fda,0,0,4,0,0,0,4
MK-2206,0.5885035416666667,0.06282851218359677,non_fda,0,0,4,0,0,0,4
MK-5108,0.4784660416666667,0.07258111897522956,non_fda,0,0,4,0,0,0,4
MK-5172,0.46180625,0.07632743904644572,non_fda,0,0,4,0,0,0,4
ML162,0.5091597916666667,0.0458669619179788,non_fda,0,0,4,8,0,0,12
ML239,0.46300708333333335,0.0675846397663054,non_fda,0,0,4,0,0,0,4
MLN9708,0.44281291666666667,0.04833332136083597,non_fda,0,0,4,0,0,0,4
MLS000038106,0.4998691666666667,0.06623009917332102,non_fda,0,0,4,0,0,0,4
MLS000038113,0.47354104166666666,0.08092459227007191,non_fda,0,0,4,0,0,0,4
MLS000089581,0.43891270833333335,0.04760508207778805,non_fda,0,0,4,8,0,0,12
MLS000106215,0.4424222916666667,0.04604123556305391,non_fda,0,0,4,0,0,0,4
MLS000564806,0.464550625,0.05707052782288019,non_fda,0,0,4,0,0,0,4
MLS000583951,0.50631625,0.04515553776749234,non_fda,0,0,4,0,0,0,4
MLS000583956,0.5028514583333333,0.04123542108351171,non_fda,0,0,4,0,0,0,4
MLS000583957,0.48430625,0.0663506977675897,non_fda,0,0,4,0,0,0,4
MLS000583963,0.46686875,0.0795217196982676,non_fda,0,0,4,0,0,0,4
MLS000709026,0.532521875,0.04601680305974424,non_fda,0,0,4,0,0,0,4
MLS000860958,0.44750333333333336,0.08800363751500853,non_fda,0,0,4,0,0,0,4
MLS001033149,0.48598562500000003,0.05884573206016243,non_fda,0,0,4,0,0,0,4
MLS001116157,0.44356249999999997,0.04470656666726493,non_fda,0,0,4,0,0,0,4
MLS001116217,0.44291604166666665,0.04679330210802202,non_fda,0,0,4,0,0,0,4
MLS001172197,0.48867666666666665,0.05728533013270236,non_fda,0,0,4,0,0,0,4
MLS001207806,0.42804625,0.06105232589039489,non_fda,0,0,4,0,0,0,4
MLS001210968,0.41870729166666665,0.052214221713597776,non_fda,0,0,4,0,0,0,4
MLS002264437,0.43214125,0.07099501073320531,non_fda,0,0,4,0,0,0,4
MLS002264450,0.43736895833333334,0.05669485988387292,non_fda,0,0,4,0,0,0,4
MLS002264451,0.4417360416666667,0.06469355420369137,non_fda,0,0,4,0,0,0,4
MLS002264454,0.45300708333333334,0.05587210914186359,non_fda,0,0,4,0,0,0,4
MLS002264463,0.42625875,0.05840381573035341,non_fda,0,0,4,0,0,0,4
MLS002264465,0.40339895833333334,0.04072072724950003,non_fda,0,0,4,0,0,0,4
MLS002699429,0.4456629166666667,0.047850656650301866,non_fda,0,0,4,0,0,0,4
MLS002699913,0.454578125,0.06911241861988393,non_fda,0,0,4,0,0,0,4
MLS002703099,0.43544229166666665,0.08328034000232455,non_fda,0,0,4,0,0,0,4
MLS003129913,0.47167,0.06548147109788276,non_fda,0,0,4,0,0,0,4
MLS003179196,0.42180208333333336,0.03157083643639571,non_fda,0,0,4,0,0,0,4
MLS003448149,0.4762616666666667,0.07486925243064611,non_fda,0,0,4,0,0,0,4
MLS003587254,0.45781041666666666,0.05257910362393814,non_fda,0,0,4,0,0,0,4
MLS003672589,0.49771916666666666,0.07187742326073727,non_fda,0,0,4,8,0,0,12
MLS006011051,0.5112683333333333,0.06563653928178183,non_fda,0,0,4,0,0,0,4
Mocetinostat,0.4870791666666667,0.06232572728613788,fda,0,0,4,8,0,0,12
Motesanib,0.5026297916666667,0.06716832296455698,fda,0,0,4,0,0,0,4
Moxonidine,0.4665066666666666,0.06259779427119655,fda,0,0,4,0,0,0,4
MST-312,0.4866464583333333,0.06749218018453329,non_fda,0,0,4,0,0,0,4
Mubritinib (TAK 165),0.46141354166666665,0.09664173364183613,fda,0,0,4,0,0,0,4
MW-SHH-61,0.45658125,0.04794119139467925,fda,0,0,4,0,0,0,4
Mycophenolic acid,0.4867779166666667,0.029875260651715446,fda,0,0,4,0,0,0,4
"N-(3-Fluoro-4-((7-methoxyquinolin-4-yl)oxy)phenyl)-1-(2-hydroxy-2-methylpropyl)-5-methyl-3-oxo-2-phenyl-2,3-dihydro-1H-pyrazole-4-carboxamide",0.5059008333333334,0.054169780100997975,fda,0,0,4,0,16,0,20
"N-(4-Hydroxyphenyl)icosa-5,8,11,14-tetraenamide",0.4456145833333333,0.0591725238130398,fda,0,0,4,0,0,0,4
N-[4-Chloro-3-(trifluoromethyl)phenyl]-2-ethoxybenzamide,0.473876875,0.061667316646751485,fda,0,0,4,0,0,0,4
N9-Isopropylolomoucine,0.5130129166666667,0.06614904039394434,non_fda,0,0,4,0,0,0,4
Nafronyl,0.4492464583333333,0.046081422301179085,fda,0,0,4,0,0,0,4
naftidrofuryl,0.48632875,0.12909805271836833,fda,0,0,4,0,0,0,4
Narciclasine,0.48394312500000003,0.05578246563012247,fda,0,0,4,8,0,0,12
Nateglinide,0.4678791666666667,0.050117795369493394,fda,0,0,4,0,0,0,4
Navitoclax,0.5022233333333334,0.026467194923959308,fda,0,0,4,0,16,0,20
NCH-51,0.49789375,0.03911032187013697,non_fda,0,0,4,0,0,0,4
Necrostatin,0.45562104166666667,0.0487952106918121,fda,0,0,4,0,0,0,4
Nefazodone,0.45751624999999996,0.05321430814983014,fda,0,0,4,8,0,0,12
Nemonapride,0.491276875,0.03637139684262525,fda,0,0,4,0,0,0,4
Netupitant,0.4438875,0.06368463315431754,fda,0,0,4,0,0,0,4
Niacin,0.46839166666666665,0.04712366793199653,fda,0,0,4,0,0,0,4
Nicardipine,0.516804375,0.06391765725275414,fda,0,0,4,0,0,0,4
Nicergoline,0.4662354166666667,0.08313089229026834,fda,0,0,4,0,0,0,4
Niguldipine,0.47151125,0.08799847489546947,fda,0,0,4,0,0,0,4
Nimesulide,0.4395322916666667,0.06539642095527798,fda,0,0,4,0,0,0,4
Nitrendipine,0.46270020833333336,0.05436300548559277,fda,0,0,4,0,0,0,4
NNC 05-2090,0.4740991666666667,0.07391565510125457,non_fda,0,0,4,0,0,0,4
NONOXYNOL 9,0.43943020833333335,0.06593737738836113,non_fda,0,0,4,0,0,0,4
Nortriptyline,0.5130370833333333,0.045448540032342395,fda,0,0,4,8,16,0,28
Novobiocin,0.45414374999999996,0.08151030168484205,fda,0,0,4,0,0,0,4
NSC 663284,0.4809825,0.06269700612456808,non_fda,0,0,4,0,0,0,4
NSC23766,0.48078479166666666,0.04931364050675799,non_fda,0,0,4,0,0,0,4
NSC643180,0.448153125,0.05917167885166855,non_fda,0,0,4,0,0,0,4
NSC653260,0.441091875,0.0424980261487248,non_fda,0,0,4,0,0,0,4
NU-7441,0.5033333333333333,0.050100172852409114,non_fda,0,0,4,0,0,0,4
NU1025,0.4997402083333333,0.04440498623722539,non_fda,0,0,4,0,0,0,4
NVP-AEW541,0.4515395833333333,0.052084121554035585,fda,0,0,4,0,0,0,4
Oligomycin A,0.45238229166666666,0.05527981193787569,fda,0,0,4,0,0,0,4
Olmesartan Medoxomil,0.46377625,0.04038835464674724,fda,0,0,4,0,0,0,4
OM137,0.43109583333333334,0.06879531334973983,non_fda,0,0,4,0,0,0,4
Orlistat,0.48678187500000003,0.08487001063922862,fda,0,0,4,0,0,0,4
Orphenadrine,0.490643125,0.08254718498866918,fda,0,0,4,0,0,0,4
OSI-930,0.4887458333333333,0.06929527016086066,non_fda,0,0,4,0,0,0,4
Otenabant,0.4435895833333333,0.04337532940957209,fda,0,0,4,0,0,0,4
Oxaprozin,0.44584583333333333,0.06701881221325988,fda,0,0,4,0,0,0,4
Oxfendazole,0.47244729166666666,0.029152935733046833,fda,0,0,4,0,0,0,4
Ozagrel,0.50286125,0.08339725723360031,fda,0,0,4,0,0,0,4
PAC-1,0.49800333333333335,0.06624822727188,non_fda,0,0,4,0,0,0,4
Pala,0.43035625,0.04644603536782109,fda,0,0,4,0,0,0,4
Palmitoyl Dopamine,0.470490625,0.061075282786170665,fda,0,0,4,0,0,0,4
Papp,0.4610675,0.082318437571942,fda,0,0,4,0,0,0,4
Paroxetine,0.5042114583333334,0.08812188547434498,fda,0,0,4,0,0,0,4
PCI-32765,0.49781437500000003,0.05196021351803017,non_fda,0,0,4,0,0,0,4
PCI-34051,0.456669375,0.052394290166142055,non_fda,0,0,4,8,0,0,12
PCL2_000057,0.4918766666666667,0.07539773378767735,non_fda,0,0,4,0,0,0,4
PD-173074,0.5239199999999999,0.06767638710383829,non_fda,0,0,4,0,0,0,4
PD-407824,0.45305416666666665,0.06571609225863963,non_fda,0,0,4,0,0,0,4
PD-98059,0.4819904166666667,0.04047079017931445,non_fda,0,0,4,0,0,0,4
Penfluridol,0.5271845833333333,0.0554502856616656,fda,0,0,4,0,16,0,20
Penitrem A,0.4653541666666667,0.057397214895653074,fda,0,0,4,0,0,0,4
Pentobarbital,0.45975062499999997,0.039317611909926616,fda,0,0,4,0,0,0,4
Pentoxifylline,0.4541375,0.051610768533043846,fda,0,0,4,0,0,0,4
Perhexiline,0.5355622916666667,0.06663910177119012,fda,0,0,4,0,0,0,4
Perindopril,0.4591104166666667,0.07488920768428095,fda,0,0,4,0,0,0,4
PF 3845,0.44985458333333334,0.05943371188586278,non_fda,0,0,4,8,0,0,12
PF-3084014,0.46892395833333333,0.0593693063163962,non_fda,0,0,4,0,0,0,4
PF477736,0.49920916666666665,0.0718533938843421,non_fda,0,0,4,0,0,0,4
PF750,0.5188152083333333,0.049246501692187764,non_fda,0,0,4,0,0,0,4
PG 490,0.49116041666666665,0.052838866540283635,non_fda,0,0,4,8,0,0,12
PHA-665752,0.53225,0.07660360011122193,non_fda,0,0,4,0,0,0,4
Phenformin,0.46182249999999997,0.03226858788800208,fda,0,0,4,0,0,0,4
Phenolphthalein,0.43846291666666665,0.05959484705106377,fda,0,0,4,0,0,0,4
Phentolamine,0.44575833333333337,0.05719071963787843,fda,0,0,4,8,0,0,12
Phenytoin,0.45802,0.044008897837697424,fda,0,0,4,8,0,0,12
Phloretin,0.48385083333333334,0.04460799784151462,fda,0,0,4,0,0,0,4
Piceatannol,0.4481202083333333,0.03403438080144397,fda,0,0,4,0,0,0,4
Pifithrin MU,0.5168814583333333,0.07560462156990257,fda,0,0,4,0,0,0,4
PIK 90,0.4682385416666667,0.05667928814928014,non_fda,0,0,4,0,0,0,4
Pimozide,0.5230033333333334,0.07359941514928947,fda,0,0,4,0,0,0,4
Pindolol,0.4843366666666667,0.08324746286233518,fda,0,0,4,0,0,0,4
Piperidolate,0.5148239583333334,0.08588772749858406,fda,0,0,4,0,0,0,4
Piplartine,0.520601875,0.05103989559560947,fda,0,0,4,8,16,0,28
Pirarubicin,0.45172395833333334,0.04421104630998247,fda,0,0,4,0,0,0,4
Piribedil,0.4457966666666667,0.06709892408003583,fda,0,0,4,0,0,0,4
PJ34,0.4793791666666667,0.03386039733872755,non_fda,0,0,4,0,0,0,4
PK-11195,0.5120585416666666,0.035039340310497324,non_fda,0,0,4,0,0,0,4
PKC Beta Inhibitor,0.47016395833333335,0.08528748309667879,non_fda,0,0,4,0,0,0,4
PNU-74654,0.5183916666666667,0.07047165716999788,non_fda,0,0,4,0,0,0,4
Ponatinib,0.504141875,0.07040324608901943,fda,0,0,4,0,0,0,4
PP-30,0.5107572916666666,0.07931171729791282,non_fda,0,0,4,0,0,0,4
Pramipexole,0.492165625,0.11858160745970758,fda,0,0,4,0,0,0,4
Prazosin,0.45282895833333336,0.0701163472602859,fda,0,0,4,0,0,0,4
Prednicarbate,0.442904375,0.04858044149636912,fda,0,0,4,0,0,0,4
PRL-3InhibitorI,0.4955116666666667,0.0236363429475989,non_fda,0,0,4,0,0,0,4
Probucol,0.45867479166666664,0.07657397199345975,fda,0,0,4,0,0,0,4
Promazine,0.49481729166666666,0.05086151072241435,fda,0,0,4,8,0,0,12
Promethazine,0.43705,0.05772268061293463,fda,0,0,4,0,0,0,4
Propafenone,0.46194395833333335,0.0753488924089265,fda,0,0,4,0,0,0,4
Proscillaridin A,0.4513202083333333,0.05480119268222947,fda,0,0,4,0,0,0,4
Prosteride,0.4528989583333333,0.046170952705785945,fda,0,0,4,0,0,0,4
Prostoglandin A1,0.4891675,0.05418077632348832,fda,0,0,4,0,0,0,4
Protriptyline,0.5017627083333334,0.0830855902064275,fda,0,0,4,0,0,0,4
PS-1145,0.436428125,0.06354261145862786,non_fda,0,0,4,8,0,0,12
PSI-7977,0.48615416666666667,0.07309053406998009,non_fda,0,0,4,0,0,0,4
Pterostilbene,0.4725583333333333,0.040417323961272796,fda,0,0,4,0,0,0,4
Purvalanola,0.4298035416666667,0.038783994729432135,fda,0,0,4,0,0,0,4
Pyrazolanthrone,0.48667333333333335,0.07536994386948216,fda,0,0,4,8,0,0,12
QL47,0.5048541666666666,0.05299951094413474,non_fda,0,0,4,0,0,0,4
Quercetin,0.47691208333333335,0.05391594175379312,fda,0,0,4,0,0,0,4
Quetiapine,0.466823125,0.038351059053251105,fda,0,0,4,0,0,0,4
Quinidine,0.444278125,0.0786858792793616,fda,0,0,4,0,0,0,4
Quinine,0.47647833333333334,0.0765779018593132,fda,0,0,4,0,0,0,4
Quinoclamine,0.46454,0.05908938030040349,fda,0,0,4,0,0,0,4
Quisinostat,0.452796875,0.04428368750362429,fda,0,0,4,0,0,0,4
Rabeprazole,0.425471875,0.03458141903408121,fda,0,0,4,0,0,0,4
Rabusertib,0.4752220833333333,0.04231496763923522,fda,0,0,4,0,0,0,4
Racecadotril,0.48492708333333334,0.08714394993866585,fda,0,0,4,0,0,0,4
Radezolid,0.4107208333333333,0.0604062981250681,fda,0,0,4,0,0,0,4
Ranolazine,0.484540625,0.09866166688561881,fda,0,0,4,0,0,0,4
Refametinib,0.4330366666666667,0.03798621399887405,fda,0,0,4,8,0,0,12
Regorafenib,0.4871770833333333,0.05045534132334808,fda,0,0,4,8,0,0,12
Reserpine,0.4834322916666667,0.07264589444771896,fda,0,0,4,0,0,0,4
REV-5901,0.48252541666666665,0.09626974038239457,non_fda,0,0,4,0,0,0,4
RG 108,0.4949975,0.061887170260540615,non_fda,0,0,4,0,0,0,4
Rhamnetin,0.4364458333333333,0.05861587154368172,fda,0,0,4,0,0,0,4
Ribavirin,0.47918645833333334,0.09138561676292868,fda,0,0,4,0,0,0,4
Ricolinostat,0.5027666666666667,0.05493312265909673,fda,0,0,4,8,16,0,28
Rifabutin,0.4941275,0.08647678056556063,fda,0,0,4,0,0,0,4
rifampicin,0.52099625,0.046271177448817966,fda,0,0,4,0,16,0,20
Rigosertib,0.4896154166666667,0.04843327505281127,fda,0,0,4,0,0,0,4
Rilmenidine,0.48573416666666663,0.052865588824357476,fda,0,0,4,0,0,0,4
Rilpivirine,0.45552291666666667,0.034466951835768804,fda,0,0,4,0,0,0,4
Rimcazole,0.5123727083333334,0.1091073155926009,fda,0,0,4,0,0,0,4
Rita,0.5090166666666667,0.09126650622616253,fda,0,0,4,0,0,0,4
RO-281675,0.4903547916666667,0.039122502511063556,non_fda,0,0,4,0,0,0,4
Ropinirole,0.4818233333333333,0.04703274646962678,fda,0,0,4,0,0,0,4
Rosiglitazone,0.5140002083333334,0.07690620920727362,fda,0,0,4,0,0,0,4
Rosuvastatin,0.5084185416666667,0.06316696859732777,fda,0,0,4,0,0,0,4
RS-39604,0.48226125,0.0632324475660907,non_fda,0,0,4,0,0,0,4
RS504393,0.470788125,0.05857314826749773,non_fda,0,0,4,0,0,0,4
Rucaparib,0.523588125,0.07347913751771468,fda,0,0,4,0,0,0,4
SA-1921456,0.47477020833333333,0.08021883297480265,non_fda,0,0,4,0,0,0,4
SA-1921599,0.44700729166666664,0.05548659702267516,non_fda,0,0,4,0,0,0,4
SA-1938820,0.443975,0.032439501689163944,non_fda,0,0,4,0,0,0,4
SA-90377,0.4215520833333333,0.0366621603697353,non_fda,0,0,4,0,0,0,4
Salermide,0.5207047916666667,0.07609439288750947,fda,0,0,4,0,0,0,4
Salmeterol,0.4820125,0.060378946188693466,fda,0,0,4,0,0,0,4
SAR245409,0.46302020833333335,0.05321768552584916,non_fda,0,0,4,0,0,0,4
SB 239063,0.44063645833333337,0.07025579961620465,non_fda,0,0,4,0,0,0,4
SB-202190,0.46256708333333335,0.05792954013658755,non_fda,0,0,4,0,0,0,4
SB-366791,0.47492708333333333,0.07705256551330746,non_fda,0,0,4,0,0,0,4
SB225002,0.48422604166666666,0.08297186186329379,non_fda,0,0,4,0,0,0,4
SB239063,0.472785,0.03544262597091654,non_fda,0,0,4,0,0,0,4
SB525334,0.4898210416666667,0.061993910677271405,non_fda,0,0,4,0,0,0,4
SB590885,0.5347175,0.044828533244543514,non_fda,0,0,4,8,0,0,12
SC_I_004,0.44056270833333333,0.046768509822972835,non_fda,0,0,4,0,0,0,4
SCH-79797,0.48446500000000003,0.05909554751175664,non_fda,0,0,4,0,0,0,4
SCHEMBL15422032,0.4715020833333333,0.042389180857499945,non_fda,0,0,4,0,0,0,4
SCHEMBL15422156,0.4357566666666667,0.05356849610174971,non_fda,0,0,4,0,0,0,4
SCHEMBL15422533,0.44946875,0.03480508160250661,non_fda,0,0,4,0,0,0,4
SCHEMBL1564574,0.5215858333333333,0.06907830240168335,non_fda,0,0,4,8,0,0,12
SCHEMBL16065773,0.47639479166666665,0.04089941468744747,non_fda,0,0,4,0,0,0,4
SCHEMBL1670775,0.43478645833333335,0.06450016179650865,non_fda,0,0,4,0,0,0,4
SCHEMBL16980224,0.560998125,0.028240871336403302,non_fda,0,0,4,0,0,0,4
SCHEMBL16980377,0.45472645833333336,0.046047462698634564,non_fda,0,0,4,0,0,0,4
SCHEMBL17052537,0.4895247916666667,0.04381648295925461,non_fda,0,0,4,0,0,0,4
SCHEMBL17378613,0.49305791666666665,0.04702786650039917,non_fda,0,0,4,8,0,0,12
SCHEMBL17497408,0.46072104166666666,0.04510568984396096,non_fda,0,0,4,0,0,0,4
SCHEMBL17497626,0.46841229166666665,0.04921278357714299,non_fda,0,0,4,8,0,0,12
SCHEMBL3954849,0.5103785416666666,0.04150123885545704,non_fda,0,0,4,0,0,0,4
SCHEMBL5945809,0.46314395833333333,0.05190758055426987,non_fda,0,0,4,0,0,0,4
SDZ-201106,0.44864479166666665,0.05906406663119201,non_fda,0,0,4,0,0,0,4
Secnidazole,0.49522666666666665,0.09941774764111155,fda,0,0,4,0,0,0,4
Securinine,0.4385625,0.02627562468107949,fda,0,0,4,0,0,0,4
Seliciclib,0.5225816666666666,0.05772394314925493,fda,0,0,4,0,16,0,20
Semaxanib,0.48461583333333336,0.07326771323833305,fda,0,0,4,0,0,0,4
Seocalcitol,0.4452627083333333,0.03619323725457934,fda,0,0,4,0,0,0,4
Sertindole,0.46646895833333335,0.06095132450308653,fda,0,0,4,0,0,0,4
SGI-1776,0.5120897916666667,0.04306134201970137,non_fda,0,0,4,0,0,0,4
SGX-523,0.497630625,0.052869127681995635,non_fda,0,0,4,0,0,0,4
Siguazodan,0.46067708333333335,0.08139671317488567,fda,0,0,4,0,0,0,4
Sildenafil,0.46484875,0.032982366377582416,fda,0,0,4,0,0,0,4
Sitagliptin,0.4415585416666667,0.05722281985582312,fda,0,0,4,0,0,0,4
SJ 172550,0.4766958333333333,0.07719763276142769,non_fda,0,0,4,0,0,0,4
Skatole,0.447825,0.08277017665111717,fda,0,0,4,0,0,0,4
SKF 81297,0.4618508333333333,0.05410769366265821,non_fda,0,0,4,0,0,0,4
SKF 86002,0.41503125,0.056191628222905854,non_fda,0,0,4,0,0,0,4
SKF96365,0.45123104166666667,0.04138890940069535,non_fda,0,0,4,0,0,0,4
Skiii,0.5047095833333334,0.038357497670981684,fda,0,0,4,0,16,0,20
SMR000031368,0.4751927083333333,0.0680381191938935,non_fda,0,0,4,0,0,0,4
SMR000162699,0.43760375,0.05800774544444578,non_fda,0,0,4,0,0,0,4
SMR000178575,0.429721875,0.07073131826624297,non_fda,0,0,4,0,0,0,4
SMR000206936,0.459016875,0.050520099571009176,non_fda,0,0,4,0,0,0,4
SMR000217164,0.5086725,0.042894996294939314,non_fda,0,0,4,0,0,0,4
SMR001317659,0.47683770833333333,0.042013914540658566,non_fda,0,0,4,0,0,0,4
sn-Glycero-3-phosphocholine,0.44688541666666665,0.050432535037193756,fda,0,0,4,0,0,0,4
sorafenib,0.4663979166666667,0.06300631546670916,fda,0,0,4,0,0,0,4
SPECTRUM_000011,0.49175291666666665,0.040853342918044856,non_fda,0,0,4,0,0,0,4
SPECTRUM_000224,0.458375,0.0529937138754915,non_fda,0,0,4,0,0,0,4
SPECTRUM_000897,0.46820333333333336,0.05082947289790996,non_fda,0,0,4,0,0,0,4
SPECTRUM_001048,0.46303395833333333,0.06638740512085523,non_fda,0,0,4,0,0,0,4
SPECTRUM_001092,0.49933354166666666,0.11031207686348092,non_fda,0,0,4,0,0,0,4
SPECTRUM_001418,0.4280014583333333,0.05784111462293419,non_fda,0,0,4,0,0,0,4
SPECTRUM_001873,0.461884375,0.09073617416626818,non_fda,0,0,4,0,0,0,4
SPOX1_002925,0.5012989583333334,0.1019732022490935,non_fda,0,0,4,0,0,0,4
SR 33805 oxalate,0.45961875,0.06673073480235255,non_fda,0,0,4,0,0,0,4
SR-2640,0.441574375,0.03437118069908,non_fda,0,0,4,8,0,0,12
SSR 69071,0.45513875000000004,0.052726835060677324,non_fda,0,0,4,0,0,0,4
ST-4062971,0.44151770833333337,0.02414093475619321,non_fda,0,0,4,0,0,0,4
ST021200,0.48456979166666664,0.062040871055293885,non_fda,0,0,4,0,0,0,4
ST056792,0.45447791666666665,0.05761509747405139,non_fda,0,0,4,0,0,0,4
ST51024947,0.44376875,0.0644109773484007,non_fda,0,0,4,0,0,0,4
Staurosporine,0.4608454166666667,0.05896326211435954,fda,0,0,4,8,0,0,12
STK-674938,0.493975,0.08445778883701668,non_fda,0,0,4,0,0,0,4
STK009254,0.4824645833333333,0.0750028651238452,non_fda,0,0,4,0,0,0,4
STK064652,0.4410675,0.043627054797653504,non_fda,0,0,4,0,0,0,4
STK249718,0.47722708333333336,0.04742653628767373,non_fda,0,0,4,8,0,0,12
STK661558,0.45218125,0.07104187742602448,non_fda,0,0,4,0,0,0,4
Strophanthidin,0.47851895833333336,0.05660214977785038,fda,0,0,4,0,0,0,4
SU-11652,0.5158010416666666,0.05617343950925208,non_fda,0,0,4,8,0,0,12
SU14813,0.459370625,0.06776771230974546,non_fda,0,0,4,0,0,0,4
Sulconazole,0.46956854166666667,0.06688918323376773,fda,0,0,4,0,0,0,4
Sulfadoxine,0.4528989583333333,0.06867577875820292,fda,0,0,4,0,0,0,4
Suloctidil,0.48278333333333334,0.07905563303825579,fda,0,0,4,0,0,0,4
T5285107,0.4276041666666667,0.07155443357532582,non_fda,0,0,4,0,0,0,4
Tacalcitol,0.486990625,0.06590129063900725,fda,0,0,4,0,0,0,4
Tadalafil,0.4649566666666667,0.049153308661584016,fda,0,0,4,0,0,0,4
TAK-715,0.5103537499999999,0.03847173624213141,non_fda,0,0,4,0,0,0,4
Tamatinib,0.52241625,0.039415921615328406,fda,0,0,4,0,16,0,20
Tamoxifen,0.5632604166666667,0.05074170351100178,fda,0,0,4,0,16,32,52
Tanespimycin,0.48017750000000003,0.059218083326439595,fda,0,0,4,0,0,0,4
Targinine,0.44415312500000004,0.06659932088550691,fda,0,0,4,0,0,0,4
Taselisib,0.4740010416666667,0.06931704428009156,fda,0,0,4,0,0,0,4
Telmisartan,0.49836729166666666,0.06956974824293471,fda,0,0,4,0,0,0,4
Temozolomide,0.46972166666666665,0.04910491365676246,fda,0,0,4,0,0,0,4
Terbinafine,0.4431822916666667,0.057920060441419584,fda,0,0,4,0,0,0,4
Terfenadine,0.514790625,0.08088826280906183,fda,0,0,4,0,0,0,4
Terreic-acid,0.446965625,0.05763584994737864,fda,0,0,4,0,0,0,4
TG 100801,0.47089000000000003,0.06504497838187367,non_fda,0,0,4,0,0,0,4
TGX-115,0.4952933333333333,0.05340241692408062,non_fda,0,0,4,0,0,0,4
TH02453-036-P1,0.46522875,0.04638652009611181,non_fda,0,0,4,0,0,0,4
Thalidomide,0.5231097916666667,0.08121499867067278,fda,0,0,4,8,0,0,12
Thiabendazole,0.44295249999999997,0.0399670781483246,fda,0,0,4,0,0,0,4
Thioproperazine,0.45815000000000006,0.06309085537339015,fda,0,0,4,0,0,0,4
Thiostrepton,0.47392541666666665,0.061024777629436894,fda,0,0,4,0,0,0,4
"THR1 Inhibitor, 2",0.44149520833333333,0.05450441706607184,non_fda,0,0,4,0,0,0,4
THZ-2-98-01,0.4888014583333333,0.04214976464787238,non_fda,0,0,4,0,0,0,4
TIBOLONE,0.4476979166666667,0.053293337262991736,fda,0,0,4,0,0,0,4
TIE2 Kinase Inhibitor,0.47321708333333334,0.05445019665414078,non_fda,0,0,4,0,0,0,4
Timolol,0.4397729166666666,0.08515372755474801,fda,0,0,4,0,0,0,4
Tipifarnib,0.526190625,0.05351033154164183,fda,0,0,4,0,16,0,20
Tizanidine,0.4910927083333333,0.09371462988199146,fda,0,0,4,0,0,0,4
TL_HRAS26,0.5485020833333334,0.06494872262359368,non_fda,0,0,4,8,0,0,12
Tocainide,0.42464583333333333,0.04355318838218356,fda,0,0,4,0,0,0,4
Tolazamide,0.4904789583333333,0.04441935414845955,fda,0,0,4,0,0,0,4
Tomelukast,0.43908020833333333,0.06405602953192495,fda,0,0,4,0,0,0,4
TORIN-2,0.508036875,0.05439088046837447,non_fda,0,0,4,0,0,0,4
TP14,0.4700627083333333,0.05188053728670074,non_fda,0,0,4,0,0,0,4
Tranilast,0.4605125,0.06468257459586164,fda,0,0,4,0,0,0,4
Tranylcypromine,0.47605416666666667,0.0605612681701841,fda,0,0,4,0,0,0,4
Trapidil,0.46993854166666665,0.05328214897649654,fda,0,0,4,0,0,0,4
Trazodone,0.45976833333333333,0.06836029336340034,fda,0,0,4,0,0,0,4
Trichostatin,0.515698125,0.04083725085617394,fda,0,0,4,0,16,0,20
Triclosan,0.46776083333333335,0.06855229056759148,fda,0,0,4,0,0,0,4
Trifluoperazine,0.5566610416666666,0.0662323507065024,fda,0,0,4,0,0,0,4
Triflupromazine,0.492171875,0.058935029316239014,fda,0,0,4,0,0,0,4
Trimethobenzamide,0.49373958333333334,0.06573933852694532,fda,0,0,4,0,0,0,4
Trimipramine,0.4537160416666667,0.05787524657246317,fda,0,0,4,0,0,0,4
triptolide,0.44730625,0.048385554996726775,fda,0,0,4,0,0,0,4
Trovafloxacin mesylate,0.46066666666666667,0.05237010385494551,fda,0,0,4,0,0,0,4
TW 37,0.45827520833333335,0.06733213306590222,non_fda,0,0,4,0,0,0,4
TWS 119,0.5010745833333333,0.03828307355002349,non_fda,0,0,4,0,0,0,4
Tyrphostin 1,0.4630914583333333,0.051185735786117896,non_fda,0,0,4,0,0,0,4
Tyrphostin 25,0.44233125,0.042991288973225295,non_fda,0,0,4,0,0,0,4
Tyrphostin AG 879,0.42764708333333334,0.03579585466101764,non_fda,0,0,4,0,0,0,4
Tyrphostin AG-494,0.43371145833333336,0.046591917587433626,non_fda,0,0,4,0,0,0,4
U 0126,0.4684875,0.036591330072954925,non_fda,0,0,4,0,0,0,4
U-0126,0.460528125,0.049246319445402725,non_fda,0,0,4,8,0,0,12
UK 356618,0.4557777083333333,0.04557374016698146,non_fda,0,0,4,0,0,0,4
UNC 669,0.4589260416666667,0.0558038730801371,non_fda,0,0,4,8,0,0,12
UNC-0321,0.4602647916666667,0.07188876076933305,non_fda,0,0,4,0,0,0,4
UNC1215,0.4991802083333334,0.05720262195981389,non_fda,0,0,4,0,0,0,4
UNII-BXU45ZH6LI,0.48243125,0.06514628817740614,non_fda,0,0,4,0,0,0,4
UNII-CVL1685GPH,0.46394,0.059117521158591466,non_fda,0,0,4,0,0,0,4
UNII-U7RWT9J78O,0.485025,0.06491123854070951,non_fda,0,0,4,0,0,0,4
Urapidil,0.43022125,0.04929677270377786,fda,0,0,4,0,0,0,4
Valdecoxib,0.48245458333333335,0.07173791971060188,fda,0,0,4,0,0,0,4
Valproic acid,0.4859991666666667,0.0671357407652231,fda,0,0,4,0,0,0,4
Vandetanib,0.5102741666666667,0.07750133074638346,fda,0,0,4,8,0,0,12
Vanoxerine,0.4776783333333333,0.07476287900411628,fda,0,0,4,0,0,0,4
Veliparib,0.5462447916666667,0.05775485103955503,fda,0,0,4,0,16,0,20
VER 155008,0.48706125,0.06214814224036445,non_fda,0,0,4,0,0,0,4
Vinblastine,0.44302916666666664,0.03736026930071868,fda,0,0,4,0,0,0,4
VX-745,0.5227085416666667,0.045962012501677564,non_fda,0,0,4,8,0,0,12
WHI-P97,0.48395020833333335,0.04436198914949151,fda,0,0,4,0,0,0,4
WZ3105,0.48258520833333335,0.0708126115372691,non_fda,0,0,4,8,0,0,12
XL888,0.44878541666666666,0.06472337271186054,non_fda,0,0,4,0,0,0,4
XMD 8-92,0.505945625,0.04982812225451319,non_fda,0,0,4,0,0,0,4
YK 4-279,0.4288739583333333,0.047730760155582704,non_fda,0,0,4,0,0,0,4
YM 201636,0.5113833333333333,0.0522917083551342,non_fda,0,0,4,0,0,0,4
YM 976,0.5032354166666667,0.08207746410609493,non_fda,0,0,4,0,0,0,4
Zardaverine,0.43681770833333333,0.04306671805372044,fda,0,0,4,0,0,0,4
ZINC01045466,0.4412291666666667,0.04610879517037387,non_fda,0,0,4,0,0,0,4
ZINC01050121,0.494291875,0.03159496863749616,non_fda,0,0,4,0,0,0,4
ZINC6718453,0.50001125,0.06897275808992813,non_fda,0,0,4,0,0,0,4
Ziprasidone,0.436803125,0.0721269279043455,fda,0,0,4,0,0,0,4
ZK 164015,0.450386875,0.04187583049579198,non_fda,0,0,4,0,0,0,4
ZM336372,0.48620979166666667,0.03498813706483753,non_fda,0,0,4,0,0,0,4
ETHYLENEDIAMINE TETRACETATE TETRA-ETHANOLAMINE,0.44694520833333334,0.048010268374534634,fda,0,0,0,8,0,0,8
MLS001173269,0.48122291666666667,0.05329805320270539,non_fda,0,0,0,8,0,0,8
"Pfmrk inhibitor, wr 216174",0.447031875,0.055356313289291074,non_fda,0,0,0,8,0,0,8
Y-26763,0.4374558333333333,0.043361607286953006,non_fda,0,0,0,8,0,0,8
