perturbagen,threshold,max_m,max_c,max_n1,max_a2,max_a3,max_ap,max_a4,max_c5
179324-69-7,0,0.1300360156219268,0.04405644893777245,0.11969602144055391,0.09499908277819337,0.32258030750852107,0.29633693068664563,0.17561665325672896,0.3304907789945007
179324-69-7,0.26,0.13614354827916492,0.038362154766492323,0.19409973140492998,0.10817353560507358,0.36787673055483844,0.32861486003062473,0.20707300334836606,0.37087348707102386
179324-69-7,0.5,0.14778861442572722,0.05606102503493088,0.23830382301438494,0.41558845580271,0.40279774564970794,0.3734182385649177,0.24335034478402623,0.4085802920887985
179324-69-7,0.85,0.15906378748066016,0.029439624878823484,0.34214389319335625,0.503720753772498,0.49621834380794616,0.4354365749680087,0.31261881215345444,0.49478776228940635
179324-69-7,1,0.16626676304943894,0.036832724625033425,0.5151296168999094,0.5453670779463006,0.5016872927804796,0.46793019493946625,0.3484582161471149,0.5043738330416152
A-443654,0,0.07015329013498746,0.015278247194411529,0.09657439060714955,0.020236083010177097,0.18258719529700812,0.15294207344452432,0.11705724127297967,0.3001580000275743
A-443654,0.26,0.06719260042161933,0.02085447888619359,0.15016520766284583,0.0738500555881232,0.21984642236944066,0.17453687927889458,0.13736211018489816,0.35997089488497397
A-443654,0.5,0.06569995705469518,0.0413408990685991,0.14432903087478602,0.3194460120784103,0.2796831325357692,0.2247968773529363,0.15565220432757446,0.4147910280113701
A-443654,0.85,0.07208692876466331,0.0608285891298699,0.28479237250594674,0.7734029887224059,0.35512555444871735,0.27464895866387595,0.1304243554398359,0.49797106087539905
A-443654,1,0.08152596574413591,0.07341762949806713,0.45887365999324253,0.7651162143929394,0.41878275949063,0.31620456417552195,0.11857946970675708,0.5390755395346472
AC1MJ3VH,0,0.08430847964323251,0.03700378794554322,0.0690538860864487,0.036516521914631964,0.1991790927365034,0.15477266553176783,0.06667628369869275,0.2634858028438256
AC1MJ3VH,0.26,0.08126939464321606,0.03361436152990743,0.10659197312527555,0.07380810950665476,0.2313405974541598,0.1751182772582419,0.06848684602501597,0.29325234213167156
AC1MJ3VH,0.5,0.082307470363806,0.029025620739824544,0.24314037696957777,0.4908357649722214,0.25315147039176206,0.19902939080614662,0.07911630579253727,0.33292184778877465
AC1MJ3VH,0.85,0.07312584295338155,0.010185766151620035,0.36885570508318277,0.44773743990483267,0.2971852707797774,0.24941910694567757,0.15865703720320284,0.38642499376833833
AC1MJ3VH,1,0.08079240922332515,0.025601626202841336,0.5167515207426798,0.4051443554645568,0.31929845271969565,0.2705658408249411,0.21393371595690905,0.4123642576110273
AC1NWAML,0,0.06589654546390224,0.09112754155535059,0.06877463865865072,0.04898879132172531,0.09795933322798943,0.06856422341880022,0.036825676431642806,0.13924942794903958
AC1NWAML,0.26,0.07759159696184427,0.10931858153300957,0.1282191578837731,0.075270501583429,0.12188062282842646,0.08282332738544575,0.04391367968425697,0.16227843984620602
AC1NWAML,0.5,0.07921494129491215,0.11410486642991151,0.1982832758293753,0.200327666050976,0.15410347711358763,0.10570788267646417,0.05814012294504214,0.20729439743316508
AC1NWAML,0.85,0.06504109136023545,0.13793046382048915,0.35924343246812246,0.40824839798489965,0.2173749799836462,0.161513376355582,0.10800194314317037,0.20474881665383182
AC1NWAML,1,0.07112466573462388,0.14506404872547068,0.4340638973470573,0.4546876109106666,0.22231033016328403,0.16241693325771225,0.09056707238968867,0.20996149085841675
AC1OCDAW,0,0.05337109430903521,0.00940796599088523,0.04691048423581388,0.03133011825847932,0.15501918112808388,0.10677862188342374,0.055385497239581076,0.2097874882816027
AC1OCDAW,0.26,0.045164798203093645,-0.02086882718683809,0.08602010792918022,0.013898937222544403,0.1840861848639701,0.12683045725537057,0.06098182363804252,0.2427117967088939
AC1OCDAW,0.5,0.03849980935551168,-0.061010231038960944,0.13461177583797498,0.25167945515307755,0.21281312926497342,0.14725213474560817,0.05882869538370622,0.2816605098649354
AC1OCDAW,0.85,0.03730372074659868,-0.06512179567085163,0.01502844035621223,0.3059303553609423,0.28333141888095353,0.1787018126307259,0.06388530913868447,0.3714463922434949
AC1OCDAW,1,0.035343463281400526,-0.037793448970926236,-0.026810650049565322,0.27897331680363935,0.3181475639155952,0.19709151208797898,0.07595546082553432,0.3983732591201557
AKT Inhibitor VIII,0,0.05840943013858179,0.10030502035940769,0.04613942012907333,0.09343571313470526,0.27601823294578864,0.27348771580900233,0.1144551364189265,0.2635411459318472
AKT Inhibitor VIII,0.26,0.059127724482807044,0.1306838929064653,0.12615271841911413,0.10775285236578783,0.3106426591557106,0.30926945234093023,0.1383765781991847,0.311844840168729
AKT Inhibitor VIII,0.5,0.06331604513261685,0.15367586724577925,0.18809897171421205,0.30484437737372183,0.33426753737942144,0.3348022906241739,0.15624696783589279,0.3952182383079693
AKT Inhibitor VIII,0.85,0.07519250613027767,0.17124610833789866,0.4155303095641225,0.36192810876652165,0.3582323040722205,0.3594403285394476,0.18288177160594155,0.4790542389207503
AKT Inhibitor VIII,1,0.07952456077387349,0.1928349368215263,0.5664005669137802,0.3171315417218792,0.3699117900243056,0.3608700997262698,0.2066430323480838,0.4671948433232778
Alpelisib,0,0.023674871888693348,0.05689382215477551,0.08433463615864575,0.09429571133613039,0.2867689193589455,0.2430987836718035,0.1379392695137013,0.288305141035597
Alpelisib,0.26,0.027882009740176912,0.07398118131288382,0.15627563903104422,0.13038917638313732,0.3270654007834278,0.2790760531808894,0.16524810784883256,0.32927078416351885
Alpelisib,0.5,0.03410824736100564,0.06520557889584165,0.27674056890101806,0.25057311538198646,0.33720897504515823,0.29731081939736514,0.17629615765145404,0.3746926703105381
Alpelisib,0.85,0.0462021475720208,0.05011380430527465,0.4367915289436805,0.33591860190070755,0.32485517059843455,0.3096440660298482,0.21822243313578918,0.3874352040074989
Alpelisib,1,0.05204415197027318,0.07099252447355751,0.4461531679723975,0.394483657227906,0.4081566202558479,0.30875668139454526,0.23393456200603904,0.3808222199139519
Alvocidib,0,0.07543019464107889,0.033341915923636584,0.09384194330192204,0.020803958727513335,0.17075722640515012,0.13805343390097458,0.07940629143878183,0.29858044348805163
Alvocidib,0.26,0.07294416652575236,0.0354039561060405,0.12256695437136468,0.04884839773330839,0.19993649629011212,0.16103709971719493,0.08478870715732052,0.34948056333460853
Alvocidib,0.5,0.06801573895250336,0.05610904469966494,0.21610385445587896,0.2608324880824717,0.24525695098413622,0.18773788432555943,0.10347100048857631,0.4056476968516137
Alvocidib,0.85,0.08238002568342363,0.05760717441770233,0.16798083638952,0.4233488135649368,0.2803872458399177,0.22263147238522768,0.13573798551007457,0.4936319560992336
Alvocidib,1,0.09295665509060083,0.08391845536998163,0.21907245752730825,0.3981717803829314,0.3198342032502892,0.2335638760383456,0.166448884361609,0.5218662689273096
Aminopurvalanol,0,0.08434771270216378,-0.02909314724667509,0.06082825445744069,0.039875032662819256,0.2431748124064025,0.19712398220793637,0.06311714573982177,0.30769831286845517
Aminopurvalanol,0.26,0.09179669734113123,-0.048060712862277866,0.09816360587662484,-8.528111747534077e-4,0.27306051137803,0.2251550656739236,0.07053747668670583,0.34723228388358934
Aminopurvalanol,0.5,0.08655762156496204,-0.05181460152978358,0.11405987397096715,0.12894820975190985,0.316883076686048,0.26630516167780166,0.08991551643830822,0.4061210845728101
Aminopurvalanol,0.85,0.09152024352033028,0.02914468183576117,0.11425112393409063,0.2743943909083479,0.360203104048784,0.3055902358199533,0.07903780610935288,0.45039072140637554
Aminopurvalanol,1,0.09656572855455793,0.023725670918338205,0.08655306973885643,0.19788016075841616,0.3839989060905824,0.3170301490776172,0.07649123000637133,0.5013603110697183
AT-7519,0,0.06882645631421226,0.05348552446587284,0.10355463141150312,0.07863513162450547,0.16317691643058446,0.13710207012516962,0.0701976305537276,0.24858687079739494
AT-7519,0.26,0.07480846002189055,0.051020512162286605,0.17912235135920757,0.19115346857570006,0.19090953117829704,0.1624053622035034,0.08460944293606772,0.2939195448403543
AT-7519,0.5,0.0895733941705423,0.06873418456171528,0.24049606822684094,0.31911595850276353,0.23347589325977677,0.1819895737456571,0.09631936629391012,0.3271360130930298
AT-7519,0.85,0.0953912557913345,0.0678959425590046,0.20462964120869195,0.5474915734031021,0.2767304296507973,0.21341609433296244,0.12042958616124239,0.3643488011034252
AT-7519,1,0.09291128200319877,0.1115555901257448,0.33595203561010306,0.5531140850180291,0.32532552448725177,0.23776590757387017,0.17051048707426594,0.36914064445803024
AT-9283,0,0.06980107428999441,0.03801804763345479,0.07738616812355714,0.14864010519749107,0.15492705341164856,0.14881143415902556,0.10666670126631206,0.20962314322701142
AT-9283,0.26,0.0717881038117842,0.05224215487146412,0.13610236115990873,0.23306689999722574,0.1827077209355458,0.1711798796176376,0.1341486440856272,0.23867545399460088
AT-9283,0.5,0.07885631039741631,0.0399197778223581,0.3638947886428069,0.3421183195352401,0.2013150631859366,0.18595316700069003,0.15463979651247695,0.27425370578311004
AT-9283,0.85,0.08059228237946339,0.04413730704075728,0.47928989202969674,0.47671838974247355,0.24036132861976356,0.24417197177967556,0.17490226642003806,0.33929299500855714
AT-9283,1,0.08237633712817041,0.052997651175872296,0.4900578411607721,0.5006872754059176,0.27597540975826756,0.25732490111926537,0.19959347143294345,0.3555727370850505
AZD-1775,0,0.08763266873403312,0.05910379046388758,0.11089873055034175,0.07220943328063131,0.17137209132454714,0.14518226038788862,0.19485488132177223,0.24723642887693123
AZD-1775,0.26,0.08689618012798744,0.07423070903095341,0.15493210180066808,0.19570819848704865,0.20213347166931972,0.16895154708283236,0.23265056327553477,0.28285878536403075
AZD-1775,0.5,0.09251411917403368,0.09552047842132835,0.2091792732482715,0.38812017242201086,0.2468377528850609,0.18968420077669593,0.26825620527430527,0.3246155245150517
AZD-1775,0.85,0.09290509174563073,0.1556532512760957,0.24920063595102893,0.4571046776853547,0.31747540126698565,0.25235989070593423,0.33810824757649044,0.3925548047446918
AZD-1775,1,0.08754190901159925,0.16420845476711002,0.42679797407403164,0.4529642944072682,0.34750969644731194,0.2849654161032758,0.3381417020227943,0.39157552770657683
AZD-5438,0,0.0424838413088952,0.06918394482257215,0.11318378650805191,0.08280832883238547,0.18849061554122432,0.15433192228163264,0.08208022445559901,0.32922527388905776
AZD-5438,0.26,0.04512186048104258,0.09453622636418561,0.15355206206605435,0.17710917821597247,0.2338396003363789,0.18842262498412565,0.10130171131124176,0.39361834306981935
AZD-5438,0.5,0.062541608588101,0.1293050282000755,0.28814007287197235,0.35164265699939956,0.292059308680369,0.2339024864482739,0.12301347164134818,0.4482125156700561
AZD-5438,0.85,0.08171430124311867,0.15334154485627452,0.4514854606288554,0.5886057274985964,0.3567202018381403,0.3006298710964589,0.10539953289135978,0.5471094636475086
AZD-5438,1,0.0841985514571904,0.1491162012579774,0.6245048281530782,0.6113726971221329,0.39070607296212007,0.33494777142549925,0.12775030606911966,0.5667494489409234
BRD-K54343811,0,0.030519077801964833,0.03761443924207637,0.034679694525885735,0.057439427926983234,0.156045335682142,0.13794949617884683,0.09498015311047794,0.13776520449053062
BRD-K54343811,0.26,0.021892014853757316,0.029353988514013617,0.06018175481676529,0.17329875010051618,0.18142089099981046,0.16152032004955966,0.10695536722086073,0.15248016880146925
BRD-K54343811,0.5,0.027997037661487086,0.05261228173915029,0.16336456209777966,0.2249274870159523,0.20787396120498944,0.18802594004652887,0.1170107092144669,0.16440635977461573
BRD-K54343811,0.85,0.03071050421148724,0.06629628901449314,0.2780389754762178,0.30249498075491593,0.2335956210078784,0.22611931150535508,0.16709748204541017,0.18785917277113512
BRD-K54343811,1,0.029943034637618434,0.08091515489282651,0.2667602505103634,0.39138049962410887,0.2531280427004018,0.2412991692597694,0.22354810818152612,0.20459462720415827
Broad-Sai-045,0,0.06211612008569119,0.04881575608790462,0.09173713473255321,0.09728857462143652,0.16182339827024578,0.15370716640386903,0.09588277299899703,0.14438189544306176
Broad-Sai-045,0.26,0.05174800139710654,0.07396002108652007,0.18318984926300522,0.19352600407677384,0.1891245147694807,0.1711518773678807,0.10574219776753759,0.17561565439909188
Broad-Sai-045,0.5,0.051381896863027264,0.09102829739485283,0.38796999199589893,0.3108227169211488,0.2280101667260363,0.2015601641327598,0.12307961912639656,0.20438335666485033
Broad-Sai-045,0.85,0.0443314546793942,0.08581366529895759,0.48011785041932215,0.48362952478258164,0.2767165935235895,0.26919620876754474,0.19000241864269082,0.2736332405092395
Broad-Sai-045,1,0.050835550376299526,0.12143067790686407,0.5453664872965451,0.6481344254892181,0.2644449201129825,0.2600160735614816,0.21774171496499423,0.27966190554394027
Broad-Sai-595,0,0.045621435271220985,0.02390892031621707,0.07648763244577957,0.06511273925177057,0.18585618781622212,0.17001737592891691,0.08948322297070636,0.26193510953818944
Broad-Sai-595,0.26,0.04684465164837143,0.034610853906830406,0.11470684167662128,0.17401775960408217,0.22049585250702458,0.19854749210711392,0.1010786045988344,0.30053432859629914
Broad-Sai-595,0.5,0.054884452619626795,0.04102790680915559,0.18310855774681392,0.16349498470267848,0.2564634653120903,0.2302272092407634,0.13169814955593712,0.3567090591486403
Broad-Sai-595,0.85,0.07427902502774958,0.02690036537486695,0.2270429773901039,0.3812006253467186,0.2887040612468113,0.24330241502478991,0.20868918219707566,0.4083488630081787
Broad-Sai-595,1,0.06788155890349681,0.04868055473368495,0.28824679123730856,0.4125847671239051,0.31076005684340025,0.2557684694272998,0.25092932116533134,0.4315733185047625
BS-181,0,0.05975826220301938,0.03966813205595189,0.0898497006571217,0.06873912305886978,0.11106056523254568,0.10387391467239557,0.0699748102115732,0.19064283917663946
BS-181,0.26,0.054747113895756365,0.06844254235645503,0.15491371192347658,0.09976582782735927,0.13090832714804726,0.1215911958728497,0.07912673278943888,0.22259502540290813
BS-181,0.5,0.05130725531319104,0.0799236200277274,0.24265411119443847,0.20981205175195072,0.16986560545549328,0.14303348279691286,0.09718052625094965,0.25269111079529777
BS-181,0.85,0.07352920851978059,0.0829051955466212,0.19423481759838004,0.26880408259959016,0.1832647914725304,0.17425728816467068,0.0820032696592222,0.3053543626613693
BS-181,1,0.0781204064021791,0.10226368188900839,0.3163306823800274,0.33436770334072136,0.1907886118776773,0.17902624277917653,0.08375616877664796,0.34130924534809626
C30H33N3O5S,0,0.0693116873818028,0.021579979965634072,0.004412722851479018,0.08879725238284557,0.18036133677904528,0.16752991373376006,0.06565097967799713,0.23328978250351876
C30H33N3O5S,0.26,0.07792244005811433,0.024990240066071326,0.023814537391059883,0.15127890135770383,0.20843003103530214,0.19179809396093953,0.07968970321396679,0.285123365068806
C30H33N3O5S,0.5,0.07738738772068747,0.042233709947390945,0.06841119876081156,0.3322783491238116,0.2231107879501118,0.21187381347358636,0.08830424369468368,0.32915082771964377
C30H33N3O5S,0.85,0.08303445073107958,0.08029298903872707,0.24832686677988533,0.5151617850817204,0.2426019630255258,0.2462325946679461,0.10776542534122265,0.4143470173821861
C30H33N3O5S,1,0.08891544857238176,0.07750869856858138,0.26068523787218817,0.516931606055534,0.24235168814931102,0.2493128068001787,0.11050498404846024,0.41316773149236674
CHEMBL1083527,0,0.04592375064242118,0.06252099448335145,0.08241933851918824,0.07378074488556982,0.2621991268834888,0.2215537751105387,0.0643987824145115,0.29192611711382593
CHEMBL1083527,0.26,0.040932149526391196,0.06509899374129283,0.13059706787137806,0.07063482481544568,0.3088613863242219,0.2569336816648694,0.0745222097019339,0.3412205765264349
CHEMBL1083527,0.5,0.02974135035703497,0.06944789611292534,0.13574832823052718,0.15776196743316476,0.32898241083364593,0.28712879456767365,0.08340472918459586,0.3756874039184461
CHEMBL1083527,0.85,0.04744350482631025,0.13249614336883048,0.22035504057069022,0.42449899894166965,0.34438409524249136,0.30888257757201043,0.14144027050845853,0.404367950247298
CHEMBL1083527,1,0.04912515425355445,0.16344400291658526,0.17343109800713438,0.43973030379415684,0.37804993810955273,0.32982856687677736,0.17286637024052887,0.39109248667905544
CHEMBL2136735,0,0.10080956496224468,0.047415670227262174,0.03930828185705121,0.12066857602790948,0.2193526490929368,0.21004899286884463,0.06685169420972026,0.1765336858278843
CHEMBL2136735,0.26,0.09876628952281444,0.0728461181368491,0.07058543607425773,0.18978500788748437,0.2544706582533985,0.23804748282736557,0.08545400947862763,0.2004798190796526
CHEMBL2136735,0.5,0.09010663700391466,0.07689342417240012,0.19374416613672643,0.2796564267001272,0.2748528613033676,0.26393569345160334,0.08687611082808594,0.22249968382444746
CHEMBL2136735,0.85,0.09491802931984508,0.09892918059530015,0.3042072569536681,0.3995711928665223,0.2826200584923511,0.25297993249372647,0.0610317687230132,0.23836148170283736
CHEMBL2136735,1,0.09532778760271707,0.10382979166401993,0.39519204191022506,0.4920135253919088,0.30120386805279203,0.2709861385471085,0.13298086620436791,0.25711142037357554
CHEMBL2381524,0,0.05096005593607051,0.04004739241559998,0.04388751214513409,0.1339792515761368,0.11068185361121305,0.13858798313556353,0.06358659104446246,0.09791330434164318
CHEMBL2381524,0.26,0.043607033232767094,0.0656663678517999,0.06880846164269236,0.19606951706681122,0.13042906395019474,0.15995364344315158,0.07900857072044072,0.11714721027031876
CHEMBL2381524,0.5,0.05355674951386197,0.074437062014147,0.08297650233132721,0.3619519762162562,0.14951112535993924,0.18146013825943974,0.09199039318938756,0.1417495244012702
CHEMBL2381524,0.85,0.037802022315368465,0.15283159637554677,0.24828133285145468,0.5054781096408584,0.18279622489169361,0.21179430847488845,0.15848087518797857,0.16594788967835092
CHEMBL2381524,1,0.04174398783469331,0.18094305457051596,0.290581532317764,0.465671435519378,0.24627387142984233,0.2150202124676739,0.15829494717130313,0.1831298424238692
CHEMBL3182395,0,0.06493892355502663,0.06274947506589051,0.05039618300130784,0.07439286418656124,0.05206056513377362,0.04136167507272154,0.024571029385555998,0.08929328588149207
CHEMBL3182395,0.26,0.056248391600455444,0.06324039312873192,0.04651734705315247,0.17503644693022624,0.05950452357659347,0.04625509363448854,0.02739612730043677,0.10331939378243798
CHEMBL3182395,0.5,0.05051934921034912,0.07041652215372347,0.032724011674108204,0.22393123394645803,0.062377868789628005,0.05482699309640847,0.03964175298430221,0.12044487552204268
CHEMBL3182395,0.85,0.0662047658927525,0.07578999431065714,0.0746606106856544,0.41918322857299273,0.07484800399398622,0.08686519391056677,0.15988177988856356,0.14206304977265485
CHEMBL3182395,1,0.06976563459709441,0.11606712015313672,0.06523161473966063,0.46894657936671447,0.07876138266060202,0.11471979321439542,0.21505387856065517,0.16406517248566108
CHEMBL3183436,0,0.11548661330924061,0.0446182331776674,0.12143700027373354,0.06861123011938533,0.23000213509046075,0.20065030849915777,0.07613007706735185,0.2755320013568215
CHEMBL3183436,0.26,0.12344603441786074,0.07448934563345179,0.18473883571619557,0.13440265197202478,0.2691445498028452,0.23360404877583593,0.09860284460805081,0.3239984843366825
CHEMBL3183436,0.5,0.12293817696190545,0.09655722518705,0.28590599373063985,0.41012075260212427,0.3023586082985264,0.2688767042138423,0.1146688561984675,0.36674299004441147
CHEMBL3183436,0.85,0.1456716231776195,0.1248758585399736,0.2938865256366453,0.6688986032739083,0.31691268045770893,0.322779365255452,0.16323204201456679,0.4200125454251204
CHEMBL3183436,1,0.14333051609629524,0.1500844565774579,0.4273630602483825,0.7154143782118018,0.3286221580676487,0.320086681831979,0.17904508822682583,0.44512305668316593
CHEMBL585951,0,0.042043607605836274,0.04831740725199629,0.06431070293836624,0.07936547054501636,0.15793605213057868,0.1357633116942042,0.06252466016247082,0.2011153849870068
CHEMBL585951,0.26,0.03809848308739837,0.06731994891095539,0.14055534673348333,0.09627230916893526,0.18477909140868318,0.15640169771193865,0.07684451631911535,0.23640711711660947
CHEMBL585951,0.5,0.034672199234386955,0.0726080792278863,0.22695421979274397,0.3857609116269254,0.2241648753969035,0.17269221569559415,0.09174678959472297,0.26466230626509457
CHEMBL585951,0.85,0.05279779746588862,0.09288282796588328,0.4749102031859951,0.5495218003343582,0.2587005828537539,0.22803044602987116,0.137596464916406,0.32649466668125
CHEMBL585951,1,0.04789636385758471,0.1081089356796002,0.5551235480846299,0.5534377661389193,0.2676453144530817,0.23901142366516953,0.15802497004866958,0.34094135585998087
CI-1040,0,0.04491232229742225,0.07540758196859595,0.11863809604909842,0.09014854081807396,0.14762010600507736,0.13666046496076886,0.049614628828162526,0.19124415308282275
CI-1040,0.26,0.049565579622837246,0.08735176367969497,0.159864188341715,0.1384680537127597,0.17253748715269743,0.1569901809815133,0.06884569246634636,0.22809297791168848
CI-1040,0.5,0.04701498932168814,0.09295300888283585,0.20809755031194446,0.32842035765753674,0.1955016226054889,0.17323606751688458,0.08404566907534124,0.2646844272758517
CI-1040,0.85,0.04710408078230397,0.12276115129502566,0.3585907223123806,0.4832470849803916,0.26059964646748823,0.22770673546227285,0.14296011797485028,0.3445263912831069
CI-1040,1,0.05865888800066529,0.16000714638825406,0.37921949250175263,0.5255021115871074,0.25058934852644876,0.2397084278539961,0.17708185404298496,0.3657476690087521
COT-10B,0,0.08369651371730547,0.0597951899449159,0.12583528902651184,0.07294337863230983,0.3559496112383962,0.3044197404259517,0.22454982653407934,0.35698436789694965
COT-10B,0.26,0.087267120084668,0.0975269784901888,0.21531829611262085,0.13300104024501525,0.40444689601248085,0.34714557515013045,0.26239230139200087,0.39940054054926066
COT-10B,0.5,0.09522305139011228,0.1284687879728809,0.25731239591975474,0.19868749347764045,0.43834404258923015,0.37604518671389503,0.31179617670077153,0.434607737788893
COT-10B,0.85,0.10222333853789241,0.16051438476261928,0.4359807404099877,0.39564116437749164,0.49465252863361847,0.42957865562912745,0.4059759400346491,0.5041766385732033
COT-10B,1,0.10310595507964677,0.19213974375674414,0.4684845708617498,0.3653116868357174,0.5421703010644623,0.4572058058562679,0.42629381568568453,0.5146240163442732
CP-724714,0,0.07394815417458618,0.0663703305430587,0.06081811158111,0.07995822409122343,0.21641166915883572,0.20121368986352703,0.06250563757187012,0.21246785551452235
CP-724714,0.26,0.06855577175830768,0.0674790269802093,0.1188172029357814,0.13189877585353166,0.24394369109239813,0.22652319096892035,0.07246822067900431,0.24232697583027948
CP-724714,0.5,0.08133342050979117,0.08522539527662247,0.21937747015345946,0.2633669681431618,0.25577859824129706,0.24462585903792025,0.07830306346178484,0.2730040700276099
CP-724714,0.85,0.09142256565395078,0.08381560864619982,0.3895752326982223,0.4290544778321001,0.29402513549662707,0.3271715203902546,0.15901585269486643,0.3648782780713279
CP-724714,1,0.10693358156899861,0.13526899848077376,0.4864073701573339,0.5663420217598946,0.3662328234137596,0.35620762781323495,0.1956942486476884,0.3625706823489242
Crizotinib,0,0.12649845687305272,0.09028539426972078,0.12638517244338476,0.10013455263777618,0.2697181835663819,0.22739867975147038,0.1318123752048859,0.35332356204996057
Crizotinib,0.26,0.12196803123691281,0.13077450280554834,0.22108937135866938,0.29020468329248733,0.3069634624743449,0.26291132585970833,0.15051021143954224,0.39910533382819824
Crizotinib,0.5,0.1182981604182911,0.1499749037225676,0.3105124141851405,0.45002583487041037,0.310032955361355,0.28259885359508075,0.1665144883668019,0.4567624139318355
Crizotinib,0.85,0.11202129016268492,0.18876560251504562,0.40266371263505835,0.5621114520748725,0.3494823741376184,0.3203467500671227,0.28623875343144295,0.5518995032556867
Crizotinib,1,0.11745565565790557,0.19564075898241776,0.6175281153296285,0.627023088357775,0.3632735999000003,0.3458548366979696,0.32830245524432283,0.568970508761463
Dasatinib,0,0.06337268651339541,0.09769779834385922,0.04460010983056284,0.06982477595949539,0.13326187781905757,0.11513739023335587,0.11134448421965486,0.17225216426572365
Dasatinib,0.26,0.049320599291947646,0.12580884022170516,0.0822407161369194,0.15456202525432905,0.16630706165941686,0.13965806597570313,0.1340124232830005,0.2060006243578027
Dasatinib,0.5,0.05328384873407415,0.1292727039853706,0.13238096842125904,0.368256508597018,0.2091656109020721,0.17021129712175193,0.16133491699402866,0.23891960635422538
Dasatinib,0.85,0.06111239249272522,0.15438153889363465,0.30813676787139077,0.5551917032082466,0.2279536938801729,0.1974147489847541,0.18920439986927057,0.2881155196370122
Dasatinib,1,0.0742025887433098,0.1783074654719043,0.3611667069327524,0.5455560279570177,0.2507625703479595,0.241174952470569,0.21302177033612815,0.2979424211337054
Dienestrol,0,0.07472906149274494,0.03654030348440897,0.059635397750571244,0.042467690962765384,0.10440322971990129,0.09113646185390155,0.04671133338674343,0.1332987367522854
Dienestrol,0.26,0.07846983985831775,0.06174388494182369,0.10783926440749657,0.08507864339872157,0.12724384362527916,0.107647913712887,0.06514172449911057,0.16215503927548158
Dienestrol,0.5,0.08792953185447717,0.04967719769870447,0.21249139766150071,0.22947761673417957,0.16536598533697927,0.1373348008309817,0.09098982446610154,0.2000714003739805
Dienestrol,0.85,0.10244877381018658,0.026060706516845274,0.32367442735559704,0.3209846529437186,0.212058529329121,0.16278369054240777,0.15471186369449338,0.22662268317641002
Dienestrol,1,0.1044806141126883,0.039238462557221784,0.35257803129080684,0.4322406255199358,0.21768177715169496,0.19095416679571559,0.2101042999605737,0.2735583564962549
Doxorubicin,0,0.09671259741509353,0.017937699948257366,0.06938530192648983,0.08084074219184527,0.21832574243648248,0.19259033537046868,0.08948449917818153,0.24971999481667956
Doxorubicin,0.26,0.09248768569565675,0.02171628371267675,0.1205114028895147,0.13515605952116302,0.24668286957894098,0.21664718213546602,0.11709504884034327,0.28772550395911295
Doxorubicin,0.5,0.09624706549856883,0.03518782598247508,0.21210879754649886,0.3488293966398277,0.27450570255882356,0.24389191362911916,0.142334804683037,0.3384637553467924
Doxorubicin,0.85,0.09772300588889023,0.07709998004281479,0.4101024465059749,0.5261291661982587,0.30389232906344094,0.29619928427621106,0.1912812139990158,0.4246016667510649
Doxorubicin,1,0.09928742766080277,0.05922305948504948,0.4260556464223828,0.7151629914823163,0.33656798904535784,0.3179851684737697,0.19875111286318728,0.4712857855337259
Entinostat,0,0.1062568669993641,0.030195664291361606,0.08962872136603976,0.1005245241855242,0.3203130969962852,0.30172225363224686,0.10194636854907975,0.27010271229034666
Entinostat,0.26,0.09842083911845749,0.00808089579499431,0.18369759195767335,0.20961983033651216,0.3526415031922711,0.3307852936291507,0.13532749017987747,0.3111920536166931
Entinostat,0.5,0.10097134292874736,0.010985997196672845,0.2796753736777538,0.44143191703977597,0.4100007003322278,0.35471951849426436,0.1600789463582935,0.3464913672874024
Entinostat,0.85,0.0961489443003759,0.056607605169222704,0.43040223242473197,0.6442339491223995,0.48286644897672526,0.4174032198724094,0.2272293271288445,0.41409175582983887
Entinostat,1,0.10219462092879959,0.06388798688353874,0.4635057438709152,0.6757834896952194,0.47448225284827694,0.42819433992874184,0.2505226477102506,0.42618748511388765
Everolimus,0,0.0429694182418138,-0.005913412846776311,0.05220287550708274,0.024033517872088055,0.15317634907071356,0.14235101949219245,0.12136983488384655,0.21300546848342058
Everolimus,0.26,0.04075608511617879,0.008128957752266908,0.09000721262135518,0.07289455486356804,0.18414032452888981,0.1714768931562372,0.15289491321946083,0.2515268869536755
Everolimus,0.5,0.05303900979990089,0.019008745012688642,0.24196395848071037,0.2326861325221604,0.2110435056985325,0.19878554413814753,0.17975569154254636,0.2933256329529679
Everolimus,0.85,0.05794784193407207,0.010630591927020115,0.4450871734045338,0.2971214775416404,0.22541850830390456,0.17836486648532085,0.24053125935230446,0.35051592628505
Everolimus,1,0.05998256513753305,0.015523295281209125,0.5199973101695952,0.43761543443783346,0.21781148505699952,0.22683455328520538,0.24822307361802376,0.36789311239644745
Flufenamic acid,0,0.049998557308542434,0.03322353846152896,0.025338376163932235,0.11182343856244173,0.05291590018294512,0.080576727236675,0.0616726801536059,0.12388988514938731
Flufenamic acid,0.26,0.03682840555929388,0.0391854072146364,0.0648175075943916,0.12469823789116963,0.05716900359681111,0.08881391707787027,0.07069482397103466,0.14011574797461995
Flufenamic acid,0.5,0.04201535025479343,0.04957573941257723,0.34017128159169874,0.17256824666860246,0.06333312795763159,0.09868877628832703,0.0692597225344645,0.17100937361838536
Flufenamic acid,0.85,0.050746874909091536,0.0014411167194003105,0.3910911455018667,0.17670910461964565,0.08090875551191123,0.13651503901487969,0.038750110036690134,0.20484857360742453
Flufenamic acid,1,0.045202429596423115,0.03808120415697999,0.46796067639635747,0.38443705399298017,0.0813413701179464,0.17260500085879601,0.02365091587269093,0.1879920170044034
Flutamide,0,-0.019690450465492382,0.05079898247748299,0.06271340921707001,0.08234657168139954,0.1276352998670812,0.11617760931900464,0.09150116581687956,0.1662868841581125
Flutamide,0.26,-0.012084547083895123,0.03904761475045983,0.08407977552722101,0.16230597419764756,0.14917299413899626,0.13054963336210748,0.10583686681705473,0.19697207382343285
Flutamide,0.5,-0.014057086675150187,0.039750440069534446,0.15174857824946628,0.30017427882158254,0.19082862613404025,0.15232957918488496,0.1312173555795473,0.22254908184198224
Flutamide,0.85,-0.00505721227719862,0.0789616766068763,0.1407133114834106,0.38516545405540964,0.21077219145575762,0.20196509337182222,0.16137132583549021,0.26450909207590234
Flutamide,1,-0.0014867684350187598,0.07269001564354935,0.16154139048088142,0.5542562534000307,0.218269489661229,0.21975492997020105,0.18497755599874277,0.24960538847967292
Foretinib,0,0.02891595875442154,0.02542509740295655,0.05302816974092272,0.06516816913281506,0.21911994187959666,0.1764199010452574,0.10499540166229647,0.2672362230509617
Foretinib,0.26,0.02209302653212525,0.042674803010293146,0.0825854145714987,0.10564399597651448,0.2561253081537126,0.20472241236418617,0.1245133671117038,0.30541439954531135
Foretinib,0.5,0.02297297764081065,0.057707776502991096,0.17409639984901923,0.27266031864304785,0.2778011895634137,0.23626351977846216,0.1431855053974559,0.3482246653057455
Foretinib,0.85,0.019337814025318426,0.059373061276664064,0.12920396123684674,0.32539970255916556,0.3007863550879738,0.2854516200369043,0.1672534207397958,0.3911839614195567
Foretinib,1,0.026995154013607057,0.05064022253690967,0.13427760931580643,0.3703054167720599,0.33183368543481956,0.28512239662537037,0.20306066064168396,0.3936770443619991
Gefitinib,0,0.06595187093556065,0.07435700475468826,0.06448502963057447,0.13607160269456842,0.20483880939241272,0.18033955138892407,0.04429654092694813,0.2613962950296437
Gefitinib,0.26,0.07085341444254967,0.09042991790380416,0.12117574132783193,0.24590489449966457,0.2326864852752176,0.20581053927583154,0.054305129458831106,0.3062005198103348
Gefitinib,0.5,0.08342514505472544,0.11036389349992397,0.2953170350643729,0.39783859553232137,0.27880610221043944,0.23176180240210997,0.06858945460111551,0.3716967160018768
Gefitinib,0.85,0.0858697089660992,0.14490955945635944,0.4784060509930175,0.480051410566619,0.3397128287658395,0.28318804602519504,0.1480055522794188,0.4481497956660734
Gefitinib,1,0.09171662431787254,0.1660264046811517,0.45739751742775747,0.5574908327548084,0.3449540892879541,0.31157869822496553,0.17335325532137025,0.4761862215960149
Gemcitabine,0,0.09800133249740163,0.013536021400269686,0.048322790620516295,0.1989568491031865,0.16617093558184867,0.13797441866343016,0.12191546281464744,0.21787502998966407
Gemcitabine,0.26,0.09404050427529487,0.03795734035959864,0.09305870769852427,0.28352065971147755,0.20725966637647472,0.15345029349905417,0.14545589997476943,0.2552119623032011
Gemcitabine,0.5,0.101112816712395,0.026046368513771262,0.21669708671935736,0.3947629168706117,0.22723541256803875,0.1837717774436056,0.1601632477112106,0.3035719270504156
Gemcitabine,0.85,0.10758547430653258,0.01348170243684961,0.34651430362966334,0.5156898457264376,0.30019541612182443,0.22858361524735446,0.22199145007902793,0.36782742938795904
Gemcitabine,1,0.12231099930936493,0.02953869571703461,0.5351872461691273,0.5423679057979554,0.3414586986468616,0.2823297933763446,0.21870914142427886,0.3690034398888593
Genistein,0,0.08494183129660991,0.08539571535330126,0.08034200376668603,0.17901200865169092,0.11533059918438907,0.10141950001031699,0.09104909461895462,0.15856650714033713
Genistein,0.26,0.09205893466943454,0.09817115180086858,0.1086517592686548,0.3682025247038177,0.13799339133410501,0.11577796554017541,0.10940041119731177,0.1859604400262745
Genistein,0.5,0.08897526324397541,0.08880995230515946,0.3232923426236012,0.43664097517756445,0.1663632646237676,0.13615755271546576,0.13677532825804573,0.22651286152830633
Genistein,0.85,0.09331754956939102,0.09664114388588839,0.39200979946923176,0.4755681494338155,0.19701768247571622,0.148677792839691,0.19025224603711036,0.26757749805448466
Genistein,1,0.09655640793502578,0.087520047905101,0.4407080166209381,0.521414874115323,0.2366668026964233,0.19952519252040962,0.22715498153848845,0.2786750381852806
GF-109203,0,0.07631863875001572,0.07058967608521802,0.11555171594685555,0.1029228905914565,0.0800681548897361,0.056723754952078605,0.05897056196884397,0.08990010685762795
GF-109203,0.26,0.06565200678409475,0.07822418265265063,0.17288849118988947,0.2778524042024717,0.08880535167310347,0.061964225031878775,0.07463839306090549,0.10805928380000676
GF-109203,0.5,0.06578045188321009,0.11543004234176281,0.2503719099999975,0.41753767708810346,0.11798466664421503,0.07516324236420452,0.08614035529802593,0.12018424676011093
GF-109203,0.85,0.08025109124741918,0.08765088159268283,0.39001866707689,0.5912436969361062,0.21616598645482452,0.10838069720497923,0.1407720791311582,0.13784710552036786
GF-109203,1,0.07864602892688936,0.09672424028757856,0.3806469233809096,0.6347402998099654,0.23480370235626133,0.14421286384594445,0.15493003998242272,0.11803621609925863
GSK 1059615,0,0.0711198872225515,0.052970319466610585,0.0758557242157598,0.10969649986753115,0.28233518551990366,0.25420423645457085,0.14019934916192273,0.3201255039635871
GSK 1059615,0.26,0.06838391130438655,0.07747565954900248,0.1402494752077026,0.2601653661915838,0.312028064817021,0.2865419937406163,0.16311347860239173,0.36348550468491636
GSK 1059615,0.5,0.06904265636065089,0.1018726653334755,0.28261159470326275,0.37360261576982684,0.34484270136880907,0.31453231324296954,0.20038654110411117,0.40727541529137207
GSK 1059615,0.85,0.07330898357903753,0.11371312799420322,0.4324266216948988,0.6939149523149534,0.3804884843863179,0.3825745436642117,0.3172446257563101,0.47311534364729874
GSK 1059615,1,0.07647017797524266,0.11688401208243505,0.4379537895391217,0.688232807212807,0.4505380150163404,0.4180832084640002,0.3726973224164009,0.4894206002567644
GSK J4,0,0.016859604582770596,0.025379345993275605,0.060668268184316,0.03273969558751406,0.14922517126609655,0.1057585889630506,0.07521233370524039,0.24807518740878678
GSK J4,0.26,0.01752231973767834,0.0162670526844822,0.09474980529021149,0.09934153011706409,0.18264819641594898,0.13323497180211194,0.08905865217410366,0.2860150424560249
GSK J4,0.5,0.01873916517625195,0.021813886275456693,0.2104978486730328,0.2865128678545774,0.20885631710120703,0.15403378730261474,0.11320138315009085,0.32433872233088756
GSK J4,0.85,0.02426641558580352,0.039654334776870456,0.2363986344556038,0.2990945681063298,0.23325079931177117,0.16690422384452927,0.13669671345576723,0.3803812564683732
GSK J4,1,0.03229455433978829,0.05930039507165284,0.33386737313662657,0.4370467027811031,0.23946399157910922,0.19745475840577745,0.1430512915765998,0.35541334107872175
GSK-1070916,0,0.08719254285234372,0.015646355104891776,0.05508724250099154,0.14619460388586264,0.2234994702888388,0.20291770402880954,0.09812466311500785,0.2846937512599429
GSK-1070916,0.26,0.09703469552020977,0.04228964664655445,0.11151125953537025,0.24245377536785864,0.25423411435154,0.23496312181184253,0.11807930384910807,0.33093974260771997
GSK-1070916,0.5,0.104592969000962,0.06136481209680285,0.26242175665463907,0.2713343938909743,0.2805842635645952,0.2770871216027874,0.1312384130469575,0.37556190941592155
GSK-1070916,0.85,0.10229265387305515,0.1014556289933775,0.3533730008854147,0.38286276053352164,0.3371896900826614,0.32500882061715075,0.2004666270300367,0.45514404293434635
GSK-1070916,1,0.10140327296052522,0.0917823896825883,0.3582342105370497,0.40035665086580136,0.3349160935853098,0.3445402381471054,0.2506139379183263,0.46576278962010736
GSK-3 Inhibitor IX,0,0.07738408085728163,0.11008975361742471,0.13870739430755977,0.06899985359395171,0.16065811523245266,0.15201119588666706,0.15564287444566866,0.12957880522577533
GSK-3 Inhibitor IX,0.26,0.08648999398371235,0.15332190243929825,0.20875879431958105,0.14302159956830696,0.19570306351282296,0.17785888480911005,0.18710649566424892,0.1522755245138205
GSK-3 Inhibitor IX,0.5,0.10026754158746588,0.18880639608207606,0.2365128113092428,0.27476988832359317,0.25676220615666245,0.21026354221137716,0.22439674110179683,0.18506622239260248
GSK-3 Inhibitor IX,0.85,0.12571382999751765,0.19756859147869293,0.37844938842286885,0.6015519015352563,0.33426632536705303,0.3088978735818914,0.3071525974855092,0.2715853920328679
GSK-3 Inhibitor IX,1,0.1244907491076713,0.18062003454233036,0.35009627926592873,0.598025363743597,0.3723048664066381,0.3360781239099955,0.3172460572497734,0.28850513945656664
GSK-461364,0,0.045508994704956736,0.07520446254773909,0.04974975857682931,0.07036766742370024,0.1886003234137479,0.14743120498584608,0.09302913706785235,0.1212458975786862
GSK-461364,0.26,0.039748274980061206,0.0946321249351933,0.09402492332050272,0.11689805685599075,0.21925994214602493,0.16817188581340306,0.11210700565772838,0.14362771065900776
GSK-461364,0.5,0.04243602128354635,0.11859903840994797,0.24166012303554862,0.3205033235249636,0.24644294004065972,0.20848396712478567,0.12241327621904106,0.17321597787042642
GSK-461364,0.85,0.04114346382564133,0.17597055101970357,0.4088327594835264,0.38947128926829666,0.28456070966176494,0.22443692662418424,0.15646635629849143,0.19568249988168904
GSK-461364,1,0.04513662002177001,0.17866254874108708,0.3940303999918334,0.468308075381172,0.2688302197342361,0.2532667555699074,0.1965074379621756,0.18950850301500302
GW843682X,0,0.025614850236641964,0.11211460840654719,0.12212012050592604,0.04218346530201807,0.1845152973076468,0.1643117396006279,0.13123270782416305,0.20477135270433988
GW843682X,0.26,0.031455932097006395,0.12981874690559478,0.1800845893308223,0.1454679736983005,0.2096217913477088,0.1898444349942148,0.15999238222775694,0.24301080517733753
GW843682X,0.5,0.03625060778797072,0.15336997443311545,0.2417144598859433,0.19783582751718495,0.3033895115994975,0.2162219128174265,0.20662746389890238,0.29069541138843347
GW843682X,0.85,0.03611719319734009,0.13043663052421037,0.43650994766744605,0.38738142583311613,0.40105161550925045,0.33604531827159617,0.32025260567662306,0.3834362584294866
GW843682X,1,0.046656470190931824,0.13606244916859853,0.5391799269150415,0.4755604906403592,0.4199978187281938,0.37405053279664513,0.32310618711889005,0.4080029977879983
HG-14-10-04,0,0.04379720290981536,-0.0016526680729509555,0.037012819905597655,0.03164962675314465,0.129643912263517,0.12185288227571392,0.09697437189350397,0.20814623706591723
HG-14-10-04,0.26,0.03878547738265428,-0.013576418086646882,0.07081559501973991,0.04221362538887112,0.1534176269444497,0.14506099245416815,0.10664168590050979,0.23864678732999528
HG-14-10-04,0.5,0.04834579718627745,-0.017902763630230054,0.15439619840341837,0.2801605000053716,0.18773314476036077,0.17062793826039688,0.12299498869160332,0.26600770814509045
HG-14-10-04,0.85,0.05674229385481566,-0.01931525962788309,0.12787334934380568,0.3413044989909551,0.21001015412783447,0.19745954099195864,0.17975172126742028,0.29603513383222413
HG-14-10-04,1,0.05448695204570985,-0.017978960364974837,0.1737581755392635,0.3321153129647505,0.19704654348014597,0.2063737217508027,0.22504589132811464,0.30332583140156455
Idebenone,0,0.03578987879543352,0.04011536850932104,0.03785869672054498,0.0021013725087554234,0.22963028297762295,0.19180376945042207,0.07634734784119643,0.237345696195716
Idebenone,0.26,0.04539380513611,0.04291706170280596,0.06895447296437512,0.05991883059890893,0.2693746169702818,0.22118950432672987,0.09564772904337061,0.2663316283007643
Idebenone,0.5,0.04347541827750399,0.03461067639026309,0.16958686526781713,0.11325942845150197,0.32288039577696964,0.25905519371643815,0.11813467327055818,0.33003753500510197
Idebenone,0.85,0.05881560901449706,0.0171735541686962,0.2742451658555568,0.375648906326129,0.32851045901411086,0.2849419847577232,0.11134745007290493,0.39125168662548887
Idebenone,1,0.05352337228598913,-0.0041418009069566705,0.2503008520493942,0.5172260376960893,0.3814279683333688,0.29887644541744024,0.09871581768495334,0.41318576517353384
Idelalisib,0,0.05938002343950945,0.06695126258198957,0.04544154574362712,0.02630592995991795,0.09355478274019788,0.07219914055243201,0.06872204465389638,0.17070846337982146
Idelalisib,0.26,0.06543815870013482,0.10729294603639589,0.09537573511413627,0.058416299208655355,0.11140073792372017,0.09043742115951392,0.07404678944773944,0.20163921349355746
Idelalisib,0.5,0.06218320248733339,0.11355521278943166,0.19986597962145847,0.40084715745743194,0.1248185592984998,0.10283709260878329,0.09311158717096676,0.25537122846148386
Idelalisib,0.85,0.08049317055018282,0.12576530872444297,0.45480373176420213,0.6000683454607345,0.1523730016335674,0.13509959505135577,0.17754885110987725,0.3107767866232753
Idelalisib,1,0.081699089579880535,0.14279011470305567,0.5529271141571974,0.608494621282864,0.16442902590624572,0.15420336910409074,0.20126150008395358,0.29536661095502964
Ivermectin,0,0.10113000378692968,0.01379268008062301,0.06949068307363905,0.06246359543970861,0.448324142310604,0.4066394407714261,0.11120330519515417,0.4190262512540248
Ivermectin,0.26,0.12395831637670558,0.016083790731612403,0.08010122552528337,0.13482625218782118,0.48885006905833883,0.4482568796371809,0.14063043984199475,0.4625621464459358
Ivermectin,0.5,0.12064135833575389,0.027939376198948634,0.1499151745487327,0.4347699096979866,0.5200345281576216,0.48695758518401605,0.16594101704462155,0.5034812215799801
Ivermectin,0.85,0.13431303926440213,-0.008084884899638468,0.276058938724631,0.5688857641403244,0.5577607444370148,0.5415247736495351,0.19718180426463958,0.5754642209811818
Ivermectin,1,0.12780266625066766,-0.017779102407850925,0.2598912389649228,0.585685347138467,0.5768204005530345,0.5455697437144754,0.19835389374742143,0.6155805673364225
Ketorolac,0,0.05704328597468885,0.08073684057670359,0.0559810848890987,0.14494405369752383,0.15378506555741125,0.13189869011908809,0.06418650154492724,0.20552830762079183
Ketorolac,0.26,0.05203238160828186,0.10918100748918115,0.09648892484869753,0.1443614731595155,0.18136914210050023,0.1428414227414261,0.08922561388203902,0.23865264978895437
Ketorolac,0.5,0.06281370895375293,0.10114251493029118,0.15292949017566765,0.38510102193182855,0.2214228673206145,0.16445799908681247,0.11508588052859155,0.26912678679697083
Ketorolac,0.85,0.07662514907503208,0.12059660815117239,0.3347632942332604,0.5126797331711982,0.2785324794221052,0.20757968544220826,0.14997795421791457,0.3404197901201989
Ketorolac,1,0.08678305559235797,0.1348841077545899,0.3512992169666586,0.5210110341821353,0.3153688778571572,0.2226946593019167,0.18849003703156167,0.37807713698445766
Lapatinib,0,0.07740560801721641,0.09195638627575346,0.06718795117542745,0.10495960846442574,0.16430921823452935,0.15932431256099835,0.06994232854375562,0.22641960225521499
Lapatinib,0.26,0.07037493518434887,0.12384101564412633,0.10367628748208113,0.16179091716097746,0.20006332695670165,0.174726000891632,0.08042025835650689,0.26157269227356666
Lapatinib,0.5,0.0774105499909785,0.16359170864019268,0.21100383576048554,0.32585373607204626,0.2495793950985115,0.2116971629011135,0.09117983454392287,0.2985697352623557
Lapatinib,0.85,0.09128316031442528,0.20103030928286408,0.5619585432974079,0.6267855794891176,0.2978758136671637,0.26291041259325504,0.15861690394563285,0.3716310038486461
Lapatinib,1,0.09240640092330557,0.22441198839772583,0.614613115819695,0.6846808146041868,0.31631188303190244,0.2792051970711822,0.1856530674146087,0.3757048512088354
Linsitinib,0,0.05157495165041102,0.07066743736614893,0.07163628322743153,0.10213812665565036,0.19295165244522397,0.17062982528995793,0.14608003211256076,0.23873828716735446
Linsitinib,0.26,0.041095052513541654,0.0877142596424685,0.10356753289293659,0.14323187867528644,0.22714861565141875,0.19405161140114724,0.17764332046796524,0.27483229759003025
Linsitinib,0.5,0.05352352292943484,0.11061086184145748,0.14895961703779054,0.2898585200802049,0.23833633052267905,0.2114507756258396,0.20569659004750707,0.3101329825959862
Linsitinib,0.85,0.06941190867654905,0.1264941575953375,0.30007682569112454,0.5101847631295455,0.28877479602872275,0.254836363272523,0.26473744180482783,0.38550692998706604
Linsitinib,1,0.07192505000139153,0.12640548666113333,0.30238860696352055,0.5880657813471191,0.31110414299410954,0.26462281473724525,0.27957942429076926,0.39572946726787833
Maprotiline,0,0.05449901569904389,0.04471347720353336,0.08104504703086635,0.07164704048396003,0.19425948339887367,0.19425132363710718,0.0629777744253057,0.24041622321837347
Maprotiline,0.26,0.04751258219855883,0.0598360721328863,0.13840939427239324,0.09791851829186068,0.22538292226239182,0.22516058025086658,0.0771183970227163,0.2686937613559288
Maprotiline,0.5,0.051065532272777256,0.07155807627062848,0.2330472218513536,0.4180186834247035,0.26586255339816783,0.2457107516425101,0.08703180703673312,0.30156554103410016
Maprotiline,0.85,0.06901396718964814,0.10270647435499777,0.28565589498335736,0.5740060515388741,0.30637911671798174,0.3121000201886769,0.10845945871976671,0.34339790812097454
Maprotiline,1,0.07060922763644563,0.08499284926050042,0.33633980533251573,0.5781312970849817,0.31982640883823854,0.3445911750398413,0.12217019744398215,0.3619980172539859
Mebendazole,0,0.041098873614227246,0.024817893094343766,0.14724098584633954,0.10732510146157194,0.19818989221177757,0.2046859454209393,0.13767106369573293,0.23466578576847155
Mebendazole,0.26,0.041561310410197214,0.035681208373932495,0.21139594386445676,0.17785357146778502,0.22653350623532506,0.2398645695402201,0.17969842720871854,0.27199084086637215
Mebendazole,0.5,0.05579475975725762,0.052275310159996244,0.30288761228554717,0.28712657812643294,0.2911965191848939,0.27029640043738445,0.23634705014205123,0.31302946726072933
Mebendazole,0.85,0.07528720649572934,0.0629512373692389,0.4214602717185967,0.38026038849582844,0.36753640948007665,0.34023551643614613,0.3348170529358193,0.36100295921447334
Mebendazole,1,0.08217625237536867,0.09326122585394639,0.4615072984362096,0.5498718873409743,0.39320142344829523,0.3781985664601765,0.3844825557186598,0.3897617379649157
Meclofenamic acid,0,0.03684955216148006,0.040278501837276194,0.034478539227281876,0.10652608096990494,0.09139925762182288,0.11090882677463085,0.058453350660207966,0.14175084442165414
Meclofenamic acid,0.26,0.0275073906434608,0.0485679786945923,0.0665658459145312,0.07545712033565503,0.11472529316262009,0.12906492328346658,0.07917434825600177,0.16307373308654385
Meclofenamic acid,0.5,0.026593221506367705,0.04673146225806623,0.13645189894073947,0.0799128463844182,0.12905520939989135,0.14669865387092798,0.08001432763671827,0.1949458998343173
Meclofenamic acid,0.85,0.015598731117592097,0.057531265081943755,0.13750206311254592,0.15242038120209203,0.14196297670149027,0.1317263972777993,0.10209377969601872,0.22877665249766876
Meclofenamic acid,1,0.018431899435783633,0.07341596221937989,0.12553830694166357,0.2415663570155808,0.13995381624400352,0.126528897005432,0.11335515576555426,0.23197598550733065
Menadione,0,0.060293184716908185,0.06582630359045537,0.10450762448429209,0.07078663602057574,0.19442802881484098,0.16036836313912178,0.27398228813190334,0.2620243520922453
Menadione,0.26,0.06858262194029482,0.0632791987573651,0.172059935627417,0.1769583451111057,0.2420969647340264,0.18664521900458547,0.31504225038898453,0.30311666094594586
Menadione,0.5,0.07321575662769744,0.0820045013005889,0.2612169184264016,0.5569262979861727,0.2860470839559707,0.21855085331111823,0.36171356796904314,0.34811386752341444
Menadione,0.85,0.08160067189998814,0.0818079071887475,0.30788338948849725,0.672149837861966,0.3468181601621846,0.2784177965751066,0.43531436388092076,0.4216346947776153
Menadione,1,0.08719692605911467,0.11587682989344787,0.390352584441057,0.7014230009057665,0.389494078413913,0.32097679649317906,0.4505313763561688,0.4431265258849854
Mepivacaine,0,0.006253622660165678,0.03831725395112907,0.07210220992527705,0.08500367988247992,0.10183086179841369,0.116052984999291,0.07993054011903465,0.1183194963604495
Mepivacaine,0.26,0.011923765391797696,0.0497481730564091,0.11598795090367343,0.14389506604425545,0.12423236168673751,0.12993724987806796,0.098862777007304,0.13905324983985148
Mepivacaine,0.5,-0.009324661557073117,0.04858228601942308,0.10246235702384794,0.21408672071594204,0.15378558712740198,0.15355620290423974,0.11984977568528818,0.17622260692195427
Mepivacaine,0.85,-0.010493651726121064,0.07819230056909739,0.11537738204545346,0.14049264646407603,0.16336428514034576,0.20288832501998486,0.20683544924195912,0.23543386768000119
Mepivacaine,1,-0.022403972673708947,0.08501495191816488,0.14648464270774678,0.42483722402990004,0.19802942129968756,0.2336870900637107,0.21375475286112347,0.2201234278558812
MG-132,0,0.1447658915684976,0.03726565044491039,0.12455598717767716,0.06590428974405417,0.31187465440090884,0.288424130679224,0.16417189290453768,0.3391664390694241
MG-132,0.26,0.14631023303351726,0.06187106058569935,0.2003872251918444,0.0753750584310236,0.3529974152173632,0.31463663758741717,0.19354685882271058,0.37515946787707144
MG-132,0.5,0.15824620763797081,0.07348935056918912,0.2751426407651041,0.30863463973339944,0.3928068826058798,0.3524081589514649,0.2240734692752202,0.4100135886662014
MG-132,0.85,0.16321186569611187,0.08275433667280033,0.422769687207225,0.5532259507557605,0.4829058837988145,0.424939127578522,0.2951399405373882,0.46137510701639844
MG-132,1,0.1720853979862411,0.05536294934194826,0.6065538209807818,0.6443907506026136,0.48376072003929393,0.4467083679795678,0.3282966281650915,0.4883967274095589
Minoxidil,0,0.07286230919562871,0.07198945712790089,0.08126650692691897,0.08170694801392706,0.11382000561598035,0.10334628140592317,0.05652269020907282,0.21110499675123337
Minoxidil,0.26,0.06900072586823702,0.06772488926933164,0.1486565765035977,0.15074595258208523,0.13439610435613664,0.11538918780184831,0.07438125540187888,0.2436091465368466
Minoxidil,0.5,0.06519419170116109,0.07183690912287885,0.28148141890926676,0.2734833865693021,0.16154580209789815,0.11886814847419934,0.10114349391354217,0.2640715229236151
Minoxidil,0.85,0.05462264819337207,0.10472543882042752,0.4506165339248394,0.509135708020268,0.1361652772708353,0.12631716397394338,0.18530879018643107,0.31989366873260955
Minoxidil,1,0.06084100826926973,0.1561598951468558,0.45232034285800166,0.4953367866767308,0.17840029930299686,0.13310338133073363,0.20904471113398276,0.37012055109601
Mitoxantrone,0,0.0811455005684964,0.07868327017078512,0.0960766973907585,0.0748575977078555,0.22894369229520137,0.20010867551862574,0.088730797465845,0.29685683103490396
Mitoxantrone,0.26,0.07799995751308661,0.0828373419130773,0.14060485776107204,0.10118411560912648,0.2495219823548225,0.23032999366215262,0.09742225626500386,0.3296262134234746
Mitoxantrone,0.5,0.067160885288244307,0.08804717951226669,0.36638345549093504,0.35180684990322975,0.27971084530669515,0.2594972351429684,0.10099546149777697,0.36182946445725983
Mitoxantrone,0.85,0.06587494394636749,0.0796124120547188,0.4501759132734558,0.5526418089976043,0.3204976585912973,0.27939737057987846,0.10965055113929274,0.43166113911751935
Mitoxantrone,1,0.07239657975340189,0.09616905519977786,0.5052515837889089,0.6040948036250786,0.35065740128009254,0.3070152588188912,0.13119799495997944,0.489725890280528
MK-2206,0,0.06118836743952048,0.013400138900832125,0.1126182381934487,0.08418425504344658,0.2510998596094159,0.24754354218873142,0.08482402111460821,0.33155790287492126
MK-2206,0.26,0.05138582697148002,0.028816094091516756,0.17921330807943583,0.18369409892232155,0.29071932382150634,0.2853394194414608,0.11189671986402164,0.38324973969284265
MK-2206,0.5,0.05555838828496706,0.028872783901119192,0.31948216878663077,0.542287162648626,0.3142027385485127,0.32000121737848636,0.1473494383181282,0.427440349059201
MK-2206,0.85,0.05901723444958793,0.08088991670594382,0.3926132799739605,0.6726421028140535,0.31541825868482815,0.3321746446395727,0.226799108271013,0.4778985990615978
MK-2206,1,0.06824782093867555,0.08653586416744011,0.45609444506767943,0.6610813306214477,0.3167120704864031,0.36090604025700934,0.24616089285421786,0.47213626297005945
MLN 2238,0,0.14906489568289896,0.014205076167338028,0.11729198295009761,0.08282898145253742,0.3306425328314489,0.3075728718694953,0.12016791541052364,0.330964213545124
MLN 2238,0.26,0.150061435683936,0.00937199591999139,0.19857167893845992,0.15834041017589398,0.3583049328096071,0.33917428699653124,0.13496086357966394,0.3740816458626745
MLN 2238,0.5,0.16158922623449987,0.02703887755710631,0.19494216200449496,0.26919335589416843,0.3964283054300491,0.3651556097680028,0.15848549086323577,0.4111887417122687
MLN 2238,0.85,0.17576357406684315,0.014247605646380702,0.38861295038707094,0.3882600343841558,0.4740315609728177,0.4313356331149551,0.18975871710811834,0.5009282219342871
MLN 2238,1,0.1831153182123279,0.006069243919981872,0.4842128670988339,0.4577141092027716,0.48034684156567564,0.44279174013781464,0.20769017696861142,0.5002512357594326
MLS004683634,0,0.03684245539978044,0.014768296623992748,0.017270053901239556,0.01943230327325284,0.14505617603297896,0.13094821179136013,0.04595906625490298,0.14963660611464552
MLS004683634,0.26,0.031913824098091105,0.02033449227442357,0.01881914839317346,0.08877939681703166,0.1891119810144518,0.15651100243412544,0.05503832974691628,0.17989550546911073
MLS004683634,0.5,0.04324631606727162,0.03298371242658769,0.11108870870980583,0.31092767035976304,0.24218050960134874,0.18134744084852286,0.07623723731711793,0.21754633013084793
MLS004683634,0.85,0.050569124854503024,0.04841074503772866,0.12116614165673133,0.386554600612074,0.28657516862287563,0.24714573140891594,0.07910129259052899,0.260854955158806
MLS004683634,1,0.053087427133551954,0.044379571164046186,0.10373654353228473,0.462450583010041,0.3573772794130013,0.2640505099504659,0.0673419267845284,0.24025655164122597
MLS006011051,0,0.03643800718001027,0.02475600863856919,0.082868521715066007,0.12849077019284033,0.13850441210770187,0.14131905908854828,0.09004420452536792,0.17110989500733384
MLS006011051,0.26,0.03349338367037947,0.055553575758394834,0.165330216434272,0.1963685542169044,0.16501870500512655,0.16186902640276127,0.10798748658233717,0.20028053127593295
MLS006011051,0.5,0.04067144085307802,0.06525894531699979,0.31021661626497427,0.33743290977141444,0.1879667399371134,0.1828884135387613,0.12930957504427656,0.2231555757267729
MLS006011051,0.85,0.04604271348838263,0.0502766841273663,0.4613302312237665,0.5296930145750833,0.2009960771508571,0.23616414601562932,0.1813866090801111,0.28101450821316837
MLS006011051,1,0.04111264218028367,0.08056552458803723,0.5104011836354774,0.5960812341657187,0.21041975810203511,0.24017779378846663,0.21732870064140924,0.2806837186785796
Nafronyl,0,0.050567417261090604,0.029377110256081345,0.07862694805046892,0.1002981202280766,0.07734256013889308,0.0988200668063633,0.07547864500946554,0.12488155684023312
Nafronyl,0.26,0.03986722286855022,0.046704718688390476,0.1143870880207306,0.11815406808455398,0.09938276285278322,0.10945338322496598,0.09506142060648723,0.1449804694999324
Nafronyl,0.5,0.032445899927201545,0.07377201510999863,0.22678770875271295,0.25990366668876486,0.12136978829967511,0.14913281947494017,0.12735015501829464,0.17937214679481384
Nafronyl,0.85,0.02624721475689077,0.08990176776069483,0.31811236753555977,0.3948911324731476,0.12234071443158366,0.16714546104340908,0.18951762274141964,0.21671271437373119
Nafronyl,1,0.023264243589221134,0.09221800697649292,0.40229217404336626,0.36322581755920136,0.12666742273223253,0.17482014165165102,0.21908935879855834,0.2530465553050911
Nefazodone,0,0.03399744919042122,0.0029258521531741483,0.06384205266323563,0.09775693057830848,0.14001318474465388,0.1322888895275238,0.06294595273962345,0.1440752009319545
Nefazodone,0.26,0.02813168117664203,2.8459803381219003e-4,0.11840604365642501,0.15823213876082318,0.1724348300664179,0.15152171998380703,0.07583095480987397,0.16323282264006764
Nefazodone,0.5,0.030834789535602248,0.009958292572807967,0.1359422177170221,0.31754499230077476,0.19103398283996795,0.17822355413483573,0.09748972190145065,0.19280417990740847
Nefazodone,0.85,0.03628916751681057,0.004574136923909432,0.14784464251015322,0.3998434691876288,0.20074105142089904,0.23757102981721018,0.12187510460992165,0.21553947841591845
Nefazodone,1,0.05704125226026655,0.007305107213207775,0.18956610312161723,0.48147006893337874,0.2365750239806778,0.2451879576470288,0.13631581338449061,0.21169611358932197
Neratinib,0,0.09503821127567645,0.08021030356584213,0.05183268247417759,0.021021137704768388,0.21144630535294665,0.17011087857205964,0.03130459170090664,0.1777116162482122
Neratinib,0.26,0.08989869849812034,0.08375237881067976,0.09567193669633237,0.11763859758599804,0.2575443946501561,0.18433230430952732,0.03997819213526596,0.2105523621840108
Neratinib,0.5,0.08237024926816718,0.1052700896715269,0.2277375253609878,0.27329096054467256,0.29097337393244077,0.20546067619667968,0.047416913500489266,0.24263997635426504
Neratinib,0.85,0.08177138513030405,0.14318102828585144,0.3212455158808288,0.4825323455703128,0.3428802072930622,0.2552509041117822,0.06463623565485598,0.2771990269950701
Neratinib,1,0.07953187111550118,0.16332288512932563,0.4160601871312228,0.5588318260033939,0.3600420774032353,0.2585369385796035,0.14899812656217212,0.2665542044281739
Niclosamide,0,0.12543613093048664,0.0647372718056134,0.1869868149418002,0.13031605807956761,0.45741851888456303,0.43237118665617114,0.21163637942444197,0.47377869310597076
Niclosamide,0.26,0.12440602507436176,0.0894756834879833,0.27998198553049713,0.24230658547986308,0.4995605415669671,0.46722495651654783,0.2555155647099981,0.5346641526784391
Niclosamide,0.5,0.1288459314585854,0.10090490789180645,0.3339301777038804,0.3015570085227036,0.5345244342344995,0.5022503471495325,0.3176417376835049,0.5701290864163437
Niclosamide,0.85,0.13417442993690498,0.15001744939293465,0.4162462487645638,0.7725456787046556,0.5893279686309937,0.5419130358562745,0.406773423511579,0.6092000080149255
Niclosamide,1,0.13520915919355694,0.1426109462586246,0.3970289246585629,0.7845272537374876,0.6074680891061829,0.5648048373670381,0.4415713600263273,0.6046914440772939
Nilotinib,0,0.052920050722313663,0.06655422822484007,0.21596486103028478,0.11571712713705454,0.2661021914105996,0.23444394043913622,0.33870017419242787,0.38762353812596906
Nilotinib,0.26,0.053481576575594256,0.09696022664366447,0.32436500561800247,0.20194398155514698,0.3095308826036202,0.26539872681111454,0.39085061558302825,0.43773325123778223
Nilotinib,0.5,0.057433334220965415,0.14188611156700479,0.3900164345814205,0.4485290403681259,0.350442685760441,0.2925245796416698,0.44564462839227975,0.49068108532489224
Nilotinib,0.85,0.06250591802797209,0.15804441836635455,0.477166616277122,0.5091716397477501,0.40437766679925746,0.3704500680150771,0.5034160828525315,0.5301546763717443
Nilotinib,1,0.07031685168246947,0.17518564091095504,0.4728075431530091,0.5316199362227065,0.44223159978813736,0.414266878183674,0.5461007775654311,0.5445293562828248
NSC95397,0,0.09791196654787528,0.07975152322341125,0.12139538877560209,0.022869031387857282,0.22610566341262298,0.18997039873096813,0.13363946235948607,0.27090997096157987
NSC95397,0.26,0.09908183298764481,0.10298798773090127,0.21061858261176586,0.08366922581745373,0.2553671699465025,0.2147937457991117,0.1590122878601957,0.29874104576309307
NSC95397,0.5,0.11564230202694596,0.1318856498911475,0.2736016679264086,0.2769894359234928,0.2759827153188504,0.23401523779023692,0.1945150655559102,0.3323671853424164
NSC95397,0.85,0.12290645081622116,0.1360157801417904,0.39818687127832736,0.4492936230292126,0.33701367571218827,0.29080208748215214,0.3102412081838058,0.3998312809847955
NSC95397,1,0.13309743550308492,0.15459980242452287,0.3983268099414303,0.5683895368566196,0.35811095093721135,0.33037929985206366,0.3047367643719665,0.3863766038288002
Olaparib,0,0.0630767912948092,0.0620279160861972,0.07386688133277627,0.20255637683336625,0.14794923750321795,0.11843793251639045,0.10581000872302974,0.16755623278289164
Olaparib,0.26,0.05411797889894274,0.08212932158381789,0.13958365372861076,0.28400947229927515,0.18360521892695464,0.13493904285213135,0.1291687312100854,0.2011672137777681
Olaparib,0.5,0.053055758233319636,0.11858340648977662,0.28683159098662164,0.3577528759989272,0.1959361622710487,0.16111690154707903,0.15896010778331135,0.2452559708817478
Olaparib,0.85,0.05153948448933737,0.11459050915370539,0.6346591029943304,0.4848712861630063,0.22144973068865387,0.1920781552775545,0.22209004010563096,0.327991989020903
Olaparib,1,0.06193988508702286,0.13492300588765124,0.6937358263046711,0.5506194474361479,0.2479837554448109,0.20208480913760038,0.23302250857993473,0.3449052913646728
Parbendazole,0,-0.007062656213934416,0.009560948964104664,0.10162067246896735,0.06365233771605047,0.20390918169978448,0.1870716488025892,0.1254964389229397,0.2165890171692732
Parbendazole,0.26,-0.0018031030394976416,0.008304086161857181,0.14923378239845053,0.05271901021621061,0.23932993309142012,0.21299493500861708,0.13769287823171844,0.2495949619900883
Parbendazole,0.5,-0.0021615149598178504,0.009180693788102974,0.28824925137442764,0.16883574260854475,0.28790881584038425,0.24588525709413214,0.15589525170711732,0.28409450034870903
Parbendazole,0.85,-3.320778836599241e-4,0.052186903282211296,0.31361019035657606,0.10738744114518672,0.3306279013825775,0.2607841235405239,0.19021232735276192,0.35093924062056636
Parbendazole,1,-0.0014413073879326547,0.05378675091385294,0.3045066596318528,0.04445605174677449,0.35278467440572137,0.31188728448526115,0.17654141396697742,0.37213706621584797
Pazopanib,0,0.026576309822424864,0.05455457384203699,0.05538481362247136,0.07841261554646566,0.24370365067142705,0.2187609604100499,0.08049397302933299,0.24769069803758484
Pazopanib,0.26,0.014146627045309028,0.08004236405163889,0.08635547326262707,0.14516738851551483,0.2848274948815296,0.2509898594385928,0.09022032380743406,0.2872683084157256
Pazopanib,0.5,0.017337408401801615,0.09044377541508244,0.1951504143445263,0.25995899805138206,0.3016961405008234,0.2802789760566836,0.11803945327138946,0.34060857310248677
Pazopanib,0.85,0.043834183819304574,0.12329059186142101,0.3425346796175653,0.5166749562408268,0.3692932849757022,0.348107554722158,0.19040321870666574,0.3948132332575061
Pazopanib,1,0.04191500787109143,0.15247160215688102,0.5757555351003053,0.5066298775236647,0.3942458524444946,0.3728583153944705,0.2104173374038527,0.37056179272935436
PD-0325901,0,0.12439147049835061,0.08897628922502085,0.14878312163960863,0.10553177089142339,0.15833048434010638,0.16736556315348183,0.09506070242822694,0.2529305832348522
PD-0325901,0.26,0.12199499607380174,0.09302602397611173,0.27664090350649506,0.22782302639241359,0.2071527326819904,0.20048688201692996,0.12550303298697438,0.29563026613735777
PD-0325901,0.5,0.1223937124044196,0.10301466847336753,0.3808202916406199,0.36559354011149464,0.2822957532563976,0.28401965280149377,0.15936467261611553,0.35644777752751494
PD-0325901,0.85,0.12601512364537193,0.12300285848686097,0.5711826248659256,0.5631324021338142,0.3487359653130819,0.32394703617264753,0.22940947380140633,0.4357517095562604
PD-0325901,1,0.1288644784936263,0.15829277270673814,0.5541204110167839,0.6525313584900093,0.3660010621387817,0.36398382911428423,0.279580691534271,0.4287552627390026
Penfluridol,0,0.11301656079266963,0.0657118600369022,0.11504599558228769,0.08737294712294759,0.36117308954581634,0.325511955741024,0.3511366656168716,0.42307020128139816
Penfluridol,0.26,0.11780417462927621,0.06771567120692266,0.2011866449030238,0.12646183555906082,0.417659198909794,0.37235830338670267,0.4095250647898815,0.468571596199309
Penfluridol,0.5,0.13210021232279773,0.06962258184621022,0.23783393342417483,0.19129575996571416,0.4573796104138188,0.41055475145848186,0.4495918761479852,0.5013138593681745
Penfluridol,0.85,0.14553138195375728,0.09077462101019321,0.27275063242357583,0.38903773717738716,0.502786625410013,0.4538065081251519,0.5036132802862386,0.5376971534983946
Penfluridol,1,0.1443316397471798,0.09077936962384164,0.2694907281363369,0.4215207368033322,0.4874653132795857,0.464201614445799,0.5072597320830821,0.5365951353864147
PENICILLIN V POTASSIUM,0,0.05892334253023034,0.03581414480226508,0.047494731474627586,0.07419320825286442,0.09335403701327465,0.07234098338395291,0.07406975306383377,0.12744689509994334
PENICILLIN V POTASSIUM,0.26,0.05896121227729185,0.04101404158801457,0.1040601062101525,0.09250883462341368,0.1135601950619451,0.08506713089211608,0.08425738318849749,0.149864827050666
PENICILLIN V POTASSIUM,0.5,0.06962877728046328,0.038771434413702364,0.1998849576325786,0.15494228662687695,0.13488874136630524,0.08820286305257688,0.09222118205427719,0.1622702783185208
PENICILLIN V POTASSIUM,0.85,0.07430406191801178,0.06932715603579617,0.26140741719066757,0.24537877667723304,0.136678511880776,0.10604185570849199,0.13446389532934988,0.17971507500886538
PENICILLIN V POTASSIUM,1,0.07418987766280051,0.06286685184887315,0.3254252687839196,0.2551173567792744,0.10624893624176276,0.08714928283415889,0.13834197303941495,0.19252492051381997
Perhexiline,0,0.10810168321106396,0.06184708540405174,0.1311889080152708,0.18016564129557858,0.3582077761529627,0.3325466463222976,0.2165245450239129,0.47074853436573794
Perhexiline,0.26,0.10669647647409645,0.07368507503803562,0.23181671728983425,0.2647425672818723,0.39901818597394284,0.36355756962656643,0.2562803213197029,0.5148224443436996
Perhexiline,0.5,0.10758449207037851,0.0748760199262642,0.31295658002354415,0.400470006475724,0.4278203311656198,0.39236072806711414,0.2875576041481726,0.5408314753172446
Perhexiline,0.85,0.11766996380406654,0.10835151808739617,0.36065004851231675,0.5404184095160669,0.4857024941113186,0.43507081315761204,0.31175598255316705,0.5861794994414786
Perhexiline,1,0.11339604654804056,0.11751642079163356,0.3931268798160278,0.553175709531172,0.48193975212903883,0.4548975485919423,0.33475914137587814,0.5928098461997416
Pevonedistat,0,0.09247633360573565,0.07828335154810381,0.08946595203579889,0.051992942752713614,0.2402271721694346,0.22352879861008015,0.05365298895156949,0.24185760991778663
Pevonedistat,0.26,0.08272241003057026,0.09819031536467142,0.15076167203900165,0.08863152552356386,0.2802006436153937,0.2591775562805745,0.06720223187924212,0.27998651021355714
Pevonedistat,0.5,0.09138029153104837,0.10445600790697765,0.15645799589531023,0.27600985908512304,0.3165579952359727,0.28554524865704356,0.09678151935406025,0.3091838594648652
Pevonedistat,0.85,0.11084365339166476,0.07371593011315697,0.2204525146324904,0.4479864358701281,0.41898864853319756,0.3784994209734269,0.12453603808761325,0.3964818158427514
Pevonedistat,1,0.1232943384106624,0.10013605152766368,0.3856596981903799,0.5060757801786115,0.44557888649717364,0.3990758034764378,0.15297614562018907,0.4063978559151065
PF-562271,0,0.062489872705873764,0.06605594937324256,0.07983186847035584,0.064136262579448,0.14039206362290035,0.12567724943318348,0.05326205681051366,0.12317694193190752
PF-562271,0.26,0.05921039288078861,0.08095753534643668,0.1274817445332259,0.1643236455222167,0.17054653732914188,0.15179098812452288,0.06926841170114162,0.14878990520667174
PF-562271,0.5,0.060641065163877635,0.08476588694024775,0.25791233964756494,0.283326236701944,0.22161838495671,0.17417582249824617,0.08876223647672532,0.17474785504170617
PF-562271,0.85,0.0559790322030991,0.12454682562912163,0.7204838265815104,0.22975059789598393,0.24647740735398596,0.20103360581851748,0.15754051680180647,0.26613726829817513
PF-562271,1,0.059284809768768716,0.1359443099702437,0.739922672432515,0.350367827998631,0.26775121830986576,0.21892993051568205,0.2621508608651462,0.2760690859548235
PF477736,0,0.05983011137107986,0.09158041028611756,0.09693742918718987,0.0701679136328465,0.13923031213943188,0.13698769714504075,0.1907683574635742,0.14985649941745882
PF477736,0.26,0.057854133615222667,0.09679393447168451,0.1635799372276665,0.13648938585435674,0.16730291123825106,0.16194709885133227,0.21707158337245477,0.16867868350683088
PF477736,0.5,0.07575341895213683,0.11077205772716181,0.27879348516629154,0.22121217305370464,0.19902547954911323,0.1807325548553771,0.2544126785614147,0.19413139097659846
PF477736,0.85,0.07955181034686039,0.15082086750609294,0.4722600607973504,0.5786694827570884,0.29485729113610176,0.22324839371303268,0.3025869224915313,0.21923558579127303
PF477736,1,0.0780308964845045,0.1563392455480164,0.47531190723700295,0.5692235863381488,0.3130969859455118,0.2513938871534406,0.3570056033843478,0.28706220484478445
PHA-793887,0,0.06792190309483596,0.015808122476374534,0.08056529245787734,0.0395489708453171,0.17625839787963624,0.16763242377973084,0.06387172643709421,0.1804058227126482
PHA-793887,0.26,0.06714288605338865,0.021647773649866916,0.09805722952063553,0.15390880391911899,0.2020022599451934,0.1906177753090901,0.07059940277749048,0.21042058354665472
PHA-793887,0.5,0.08475161998780527,0.021437299903696628,0.25532238647281336,0.4357568169121981,0.2387092590891243,0.20467939950361586,0.08353034788140509,0.22498891258819706
PHA-793887,0.85,0.0841084801116763,0.03000647439586966,0.3190384779645293,0.6495990724573555,0.2619014006793672,0.22570955734236967,0.1196956617886038,0.2829509830009414
PHA-793887,1,0.09124073030073775,0.05476734565091398,0.44305428587691514,0.6430172550981199,0.29654097456321554,0.24082371182923348,0.15554527843935362,0.29765887827738813
phylloquinone,0,0.019253102649596066,0.03553564434879268,0.012136209437058393,0.08919172875765027,0.11966742465741462,0.12408097809389837,0.08248842399618747,0.1713822622252267
phylloquinone,0.26,0.024879295668526494,0.040157709093909595,0.010333325124104856,0.11938460895903161,0.1424478580217851,0.14300020474666614,0.09692712471744334,0.19893057087953464
phylloquinone,0.5,0.021038231713617083,0.04267964863140873,0.07157004797948205,0.1985944371249124,0.16049987224064316,0.15846976263016788,0.10766943018453214,0.24419835269792942
phylloquinone,0.85,0.016123567033919782,0.05951444370551023,0.0976772185744656,0.2812679710425193,0.17650481739978838,0.1930940584717196,0.1294250627847078,0.3071084506601669
phylloquinone,1,0.00871044151342856,0.079399935834967,0.1301681698466792,0.2856412884541092,0.19606199441112182,0.20637100442067607,0.14112982037794897,0.27855574612227985
PLX-4720,0,0.04065187678914186,0.09915607947397236,0.0955341538445039,0.09251701205897293,0.25111797502430216,0.25107714016016,0.06808581188334682,0.20346070655991846
PLX-4720,0.26,0.0322493071739065,0.15711899338244234,0.15335787134310483,0.2601744589431542,0.2890925867799519,0.28802167366519943,0.08007945966096286,0.23514771818761235
PLX-4720,0.5,0.032261113199364554,0.17444565267117138,0.209390186116107,0.3162168012451404,0.3130659841549204,0.3045387315432027,0.10131384823706943,0.2769706851933377
PLX-4720,0.85,0.032941257705128964,0.16740567517113697,0.46058896536940813,0.4070208267073308,0.32129239154459033,0.32577804954743605,0.17187034631621464,0.3099899299817094
PLX-4720,1,0.036078710640244815,0.22497281523770457,0.4699776144553898,0.5152706231314238,0.32232258011329473,0.3562612233498589,0.27865305536584567,0.2988076217532902
Podofilox,0,0.09138011237113403,0.013534220710914056,0.14080614889720383,0.04759461505099959,0.22697797864285058,0.21282218890516005,0.042364931387669835,0.22365172030164723
Podofilox,0.26,0.08787521173775956,0.022581344544338817,0.21666134413479934,0.1548353063062011,0.2696322629123301,0.24337553366991319,0.04452416853276714,0.2636832858732822
Podofilox,0.5,0.08861728372041226,0.053050507763243,0.20948673338762966,0.32814728759029876,0.3326892839805391,0.2940689243600256,0.04881775582578889,0.3097731980292026
Podofilox,0.85,0.09189967720497517,0.07817120126319287,0.2401004996728798,0.5637639904948935,0.405350954163749,0.37313074721678935,0.11150514131230674,0.385332661531701
Podofilox,1,0.08957627408632367,0.11682599384968591,0.31143562160936655,0.5567675844449246,0.38319023292984944,0.3825242310011893,0.11103635876562304,0.3845958132744521
QL47,0,0.00980880972867455,0.030145030098823876,0.11066993730060319,0.08735826010586589,0.23177843052019326,0.21599042382374703,0.2809094894833992,0.38699149820348805
QL47,0.26,0.010312584191806645,0.04691300251611674,0.2042980101990306,0.11092455484123376,0.26927163720630476,0.23985520724371936,0.3435291994259511,0.4281829082613957
QL47,0.5,0.009165878832779702,0.061475463026844826,0.27707178272377797,0.17791070855906282,0.28785878950421184,0.26090249873189925,0.3970419287039438,0.4608791091926946
QL47,0.85,0.021584295376684187,0.1884924775782994,0.3324852176744479,0.560343446326673,0.34577922681437506,0.31666507703477276,0.4606370375421806,0.5138141698111709
QL47,1,0.026146763631102847,0.18707484772711291,0.3738884616643221,0.5572384817931247,0.35596954013951126,0.3429401967659498,0.45835302299591585,0.5131160036864892
Quizartinib,0,0.08513444866645979,0.07530264725902326,0.1597951298018182,0.10014363065298092,0.2956139826461678,0.2613386729577938,0.15338389026424554,0.34422522132341027
Quizartinib,0.26,0.09065174853683451,0.09405898669657997,0.2561396439574956,0.1759452676384634,0.3333160206551869,0.29747907137965046,0.1765754180305716,0.38917947321335317
Quizartinib,0.5,0.10615796633406283,0.11095156571765617,0.3804757906750458,0.3814729661373352,0.3668354475448965,0.3373244508888421,0.2026404152048442,0.42536202452176486
Quizartinib,0.85,0.11716909361262248,0.07591478323907101,0.4074557598430662,0.5130799634311424,0.41597833036261816,0.3810936706116303,0.2797578117853477,0.4879780001559511
Quizartinib,1,0.11702832673578033,0.07404486411863662,0.40896389399971067,0.4947299515298151,0.42824180837497366,0.4088866988328325,0.3232093063256659,0.4880135507987598
Raloxifene,0,0.11218282564644685,0.07012286820118896,0.09842827397856196,0.08721193230521174,0.24095797576333242,0.2062330057164282,0.0729297856565758,0.2360535049995305
Raloxifene,0.26,0.1211355730875536,0.11350723304138767,0.20749987284686064,0.1647019729854526,0.2650264708736182,0.22872041701742135,0.10688380499088901,0.2738908088789895
Raloxifene,0.5,0.1264477998887536,0.11612855317564331,0.2847024428627819,0.3742185468847028,0.26379229316170605,0.24431208357659878,0.12708693731293855,0.31969283091016915
Raloxifene,0.85,0.1323935056580768,0.1423463317310649,0.383195158835798,0.5585312101369605,0.2816759037372229,0.2677016295259781,0.19500982278061119,0.36106841691924957
Raloxifene,1,0.12366269658852994,0.13313906989898489,0.40230518451498887,0.57609649630396,0.2874648302858205,0.27729162484495296,0.21943154982669655,0.4002737246565722
Rifabutin,0,-0.012574445795640042,0.04126072954566996,0.05740247326759551,-0.006684117572850678,0.09734554118293781,0.08459275809723878,0.051963713031667524,0.18783878165484263
Rifabutin,0.26,-0.01833726843485733,0.07027334396913053,0.11592348528019897,0.06390447896177702,0.12197774149802884,0.09926350738524939,0.0641155926732721,0.2122749587878946
Rifabutin,0.5,-0.009867081807884313,0.05610258528626483,0.1980523378351046,0.13641903670412014,0.14303047416668702,0.11802458512019669,0.07212825881895388,0.26960244272123224
Rifabutin,0.85,0.006281816265326051,0.14920441319707145,0.16980126852727803,0.22612784471152408,0.16597511982546814,0.16017165573921582,0.12583305028477346,0.2996098024389914
Rifabutin,1,0.018416990016141756,0.16996000820851276,0.09689396364517139,0.27328405359676916,0.1774507375628116,0.18858881483367043,0.13850849585438854,0.3351414929435852
Roquinimex,0,0.0468605006630332,0.05393545715477922,0.04743868686975597,0.10706886912809682,0.08129360364783564,0.06463018871824985,0.11403818317118941,0.12047492221068033
Roquinimex,0.26,0.026267337887225,0.07026028927403906,0.08784648103742827,0.15701242539168764,0.09290417995025109,0.06553447847776289,0.13199840946738856,0.14237659857292684
Roquinimex,0.5,0.03141991048382585,0.11318788322657505,0.21245196786122533,0.23596959411473073,0.11804991286685185,0.07736732758927577,0.15711884494861475,0.16072259431056526
Roquinimex,0.85,0.04207536469534955,0.08379802260516324,0.44963098609516744,0.5511273912174257,0.15013514563019786,0.15421490420853387,0.19945912988005732,0.18698615973323118
Roquinimex,1,0.04801302522745122,0.08950991093286674,0.4409202389492287,0.5576729677415874,0.18205865905335722,0.17776996504282097,0.20885356284635181,0.18824146116503462
Rottlerin,0,0.09045927356756871,0.05641556276491066,0.12265146245117972,0.1288546730473921,0.45741638336070595,0.4149036745489788,0.13125920158319787,0.46123188672863147
Rottlerin,0.26,0.08709025233527459,0.06183094617453037,0.19571533744721908,0.18004556054786483,0.5116062233356351,0.465820169502647,0.1684844978104595,0.5092954232870106
Rottlerin,0.5,0.10783911038295971,0.08749539726709779,0.28737597696139316,0.3306672021405018,0.539745050372525,0.5064209215259029,0.1902452868970477,0.5454664330957455
Rottlerin,0.85,0.11984657173880299,0.08585693385564233,0.3852275462591653,0.4314715696184214,0.5926422151508847,0.553414131388666,0.24177309184332355,0.5955885585504617
Rottlerin,1,0.1248470218128529,0.09649771999702675,0.346896657013093,0.440912960105236,0.6274045384901259,0.5841978005980645,0.2735653095996323,0.6046066418578036
Ruxolitinib,0,0.04112270394357805,0.0808500268575124,0.05886222759072252,0.1194287728549739,0.14737251149581726,0.15241197593689224,0.12210968303425394,0.2050147540187987
Ruxolitinib,0.26,0.04438453608547928,0.09843615348612358,0.09846212105267389,0.28494492815447725,0.17471525750473083,0.1773117104424215,0.15743584093119656,0.23504532868358113
Ruxolitinib,0.5,0.05104576468186981,0.14633255111017543,0.10855959240437575,0.3103274268949624,0.2084741918079525,0.20181460825576605,0.20208532334516718,0.2711494985591257
Ruxolitinib,0.85,0.04978185855682255,0.18776237605779494,0.19364800650409286,0.2700352307278072,0.213514204896182,0.20996605849702307,0.21755819420462935,0.3318360855971861
Ruxolitinib,1,0.06032526053176104,0.218446814758875,0.18317288098467144,0.35002831768939063,0.230951100774588,0.21983333783806502,0.22360246820055651,0.3680338404871689
SB743921,0,0.03192918487522793,-0.006030585722309823,0.11711644963756247,-0.03061716304714863,0.24888453002538852,0.20581091919531963,0.18004464182972052,0.3186626122736303
SB743921,0.26,0.025845704492993806,0.004041069087299897,0.17168250514505515,0.0023454939149517694,0.29600087791718,0.24303782454803946,0.22025662062181536,0.3627256755819398
SB743921,0.5,0.039451503489987556,0.03387753794964451,0.19073415689235662,-0.02149192116249512,0.3394552337419196,0.2803490078193266,0.2665346612556001,0.38695752387141047
SB743921,0.85,0.061034943684324765,0.08179281443022557,0.29348559972672245,-0.0494286114979327,0.4374491247523799,0.3466261554332111,0.3473196526357403,0.43599256332282066
SB743921,1,0.06058629938469232,0.10839702456740652,0.35910320757157743,-0.13857526371689843,0.4342746598844704,0.36397850742320076,0.4140054117429786,0.42935234145464796
SCHEMBL1564574,0,0.04024748473801459,0.14658411957686654,0.05822087428362286,0.10115874693453784,0.17435125770240284,0.14671980178288713,0.20966589874197708,0.24200226052426962
SCHEMBL1564574,0.26,0.0381013024043581,0.1618735765505752,0.07077422621749634,0.2097775248656774,0.20743291980097853,0.17064722866115442,0.24898761131797145,0.2834073048603168
SCHEMBL1564574,0.5,0.031297614881673416,0.16271511819206644,0.16979120540873782,0.3926715370094759,0.23937088182811164,0.20311842326834767,0.3077132930911361,0.31921107170629764
SCHEMBL1564574,0.85,0.04893637955404799,0.1934662071008007,0.17904934535654307,0.41066806882907,0.24490292626878907,0.22016987816055686,0.379986386635655,0.38806103474369946
SCHEMBL1564574,1,0.05643019515471043,0.19365102667306544,0.09886714576593035,0.45348480456614887,0.26195287632739467,0.22561859465488926,0.3987827856320198,0.3875624386992128
SCHEMBL618594,0,0.04807332037258134,0.0475169498134253,0.0565072248506529,0.062230475911478636,0.0469902707693111,0.045754825734227025,0.06857047750521449,0.09823941472076196
SCHEMBL618594,0.26,0.049965461202673395,0.0697639606048124,0.03562061848716721,0.13796955997579036,0.05174664494439841,0.053045382391702145,0.073586857315213125,0.1169309336895448
SCHEMBL618594,0.5,0.046033680757351765,0.0635636256930553,0.11121649672959791,0.22157727662892543,0.0564282853584034,0.058332943165293506,0.08371624151608187,0.13436868915544564
SCHEMBL618594,0.85,0.03449460785735335,0.07181278045772756,0.36686944418642253,0.29258730951819034,0.01208419620533544,0.02634728097667427,0.14101729815856953,0.13448429539177784
SCHEMBL618594,1,0.05141896037512128,0.10345112066381437,0.4331046848774372,0.39107967324339227,0.012136089957331663,0.04044367949391822,0.13990569674689027,0.1475774896424
Seliciclib,0,0.08385667421953578,0.06688725623739242,0.08105215157798284,0.09033258558186895,0.11297769348572094,0.1047039569461994,0.10369730695775684,0.16015770463940904
Seliciclib,0.26,0.08247247664612904,0.08120505866014215,0.17608764274628505,0.19313995918136734,0.14466325993074186,0.12790701108201724,0.1329501839049973,0.19364697281423174
Seliciclib,0.5,0.07440829257940394,0.10476028095706423,0.24716439959614792,0.2858330301549825,0.1875917392540979,0.1561032470898661,0.1863333353872376,0.22839836002046085
Seliciclib,0.85,0.08389566132086011,0.16771415882877155,0.3288503344625193,0.3078322663973188,0.22161277622675546,0.21021249773556186,0.23439758237033848,0.29789578401964445
Seliciclib,1,0.0785515905673821,0.17968512441234347,0.47278991857040337,0.41030858152300415,0.25816710530347586,0.2329915367614964,0.27758074691278706,0.3281863286275693
SGX-523,0,0.0314161320841156,0.026872577279728603,0.02859825960995243,0.10989986650333289,0.10718646176550307,0.10558694872318533,0.07384608421749546,0.1642237149124237
SGX-523,0.26,0.0254688190346008,0.046627777157414174,0.05366864465041871,0.2282016696165809,0.12678826017521813,0.1212531698265557,0.08758645976453831,0.18584626625136763
SGX-523,0.5,0.019433295303121996,0.04498806896508632,0.08108784885543789,0.2920365130248228,0.1505993413752787,0.14850641671652706,0.10138317019482553,0.22057624292005282
SGX-523,0.85,0.02225524991813575,0.11217478373134575,0.18107317368832632,0.6224205908152044,0.16281881950926064,0.1210207355241687,0.17951644490240548,0.25868516216076504
SGX-523,1,0.02847436455984803,0.13336521805135035,0.21146091248159743,0.6498735008813005,0.17557538633202271,0.14994395431965096,0.22243091365894677,0.26133495959023995
Sirolimus,0,0.10146888142706864,0.051314148849079,0.06954150410620313,0.10756585192147534,0.3054291559711296,0.27363724740478595,0.10219483168991746,0.23456584990915078
Sirolimus,0.26,0.10066882767362251,0.060635987434577154,0.12318963769817838,0.16227186455553974,0.3554760403146333,0.31524710425397384,0.12896034748978785,0.2753788833158795
Sirolimus,0.5,0.09919549155539152,0.07845048272500076,0.2549714254331166,0.41388162713401994,0.3820451291364843,0.34823829047051247,0.15451345615048076,0.32596030580037605
Sirolimus,0.85,0.11172218527890657,0.07427967650600188,0.4968755872720441,0.5647618948250751,0.4146148438360065,0.36722663684810913,0.2044401419948465,0.3823068609226779
Sirolimus,1,0.10849765671031178,0.08150824567808006,0.5604711234588209,0.56339030786171,0.4356383534546011,0.3846998921925033,0.3405065952921293,0.39689207386504927
Sitagliptin,0,0.11507029944403045,0.03534623446890153,0.07514324780118373,0.08469128941855572,0.33228434625911274,0.28831566345832554,0.07988203418862289,0.3016034780235411
Sitagliptin,0.26,0.12253652685538916,0.05249839352016885,0.12930597793871287,0.11673622851885904,0.3725296794442486,0.32452546674780425,0.0932952224117791,0.3387765961970422
Sitagliptin,0.5,0.13403870801674866,0.08610093331177782,0.09097148178719322,0.25362213625032626,0.41218425912614437,0.3537049755191013,0.12472853050270948,0.3654684204850418
Sitagliptin,0.85,0.15214684912513604,0.08914380433438827,0.10800941417240251,0.25008364994722776,0.47319664316330085,0.4121897114714478,0.18170376221209003,0.4599037182061669
Sitagliptin,1,0.1559818665871103,0.10131970603616403,0.1219723616755615,0.4692793542570901,0.4720458731770472,0.42154464688360804,0.199966399457724,0.4587764912532647
Skiii,0,0.07832135577047272,0.07024961650677543,0.10675206261405917,0.06813650845267587,0.3516003160529772,0.3173065539478487,0.055339393740568406,0.33675160479019595
Skiii,0.26,0.08093953703515834,0.08095545088029424,0.16412971510195046,0.1177507245265032,0.4074186941846828,0.3582096016847266,0.06436699961433875,0.37704219142101336
Skiii,0.5,0.08779937967903056,0.09450830321856069,0.18949362994863178,0.30742379185911645,0.43333466740031246,0.40297913362408655,0.07772189596632074,0.4201807276090495
Skiii,0.85,0.10787352858681597,0.11867475962079925,0.26404591843564534,0.608447016437232,0.4952155207563402,0.4368491860418131,0.1104891075625092,0.5187613308551026
Skiii,1,0.1190517798443213,0.12710642479445608,0.28987738960992765,0.5947646251803369,0.5257543136498712,0.4781740916798299,0.1498002867790379,0.5141675861309631
Sorafenib,0,0.06796959009316202,0.055344525577340715,0.07901027517348483,0.09326525337670966,0.39080149391521046,0.3457504189439845,0.12027000422215234,0.32410831980150073
Sorafenib,0.26,0.07056579270074602,0.08398524870271316,0.14653247997650584,0.1658616130322082,0.4446936189395305,0.38302141019976915,0.15799922933998106,0.3678021092547251
Sorafenib,0.5,0.06960002095897642,0.07985700430240303,0.24681189673500642,0.3698174624929039,0.48389283311703013,0.4251408001652335,0.1859486903176295,0.3998172837564794
Sorafenib,0.85,0.08377915291346302,0.09841940017867476,0.5488529972947517,0.6084530072249325,0.5030940012661651,0.4597746951167495,0.24120856968196694,0.45183277517272136
Sorafenib,1,0.08009599324521262,0.13162350252674915,0.5756390565086199,0.6811811098909115,0.5232917869953544,0.4755529218766745,0.24562984231499146,0.47327239806838584
SPECTRUM_001092,0,0.019638420959458048,0.08050790042857316,0.06378360849127342,0.10877706163445115,0.06861553291135017,0.07231721539948752,0.08175695150805876,0.1314914394203495
SPECTRUM_001092,0.26,0.021741720006777647,0.08614189730136616,0.09648764257783185,0.18316060661350525,0.08546879651073247,0.08238383637313,0.09603243471979116,0.15542251819898859
SPECTRUM_001092,0.5,0.02539858779569911,0.11235086679239946,0.13044444940695907,0.2669108221085713,0.13277273869039652,0.11410705197873339,0.1137704440786942,0.18340857452189757
SPECTRUM_001092,0.85,0.03540801514643808,0.10201623123171832,0.24489308202947813,0.4179781511373341,0.15338653489423126,0.14091573173614444,0.15144574542550998,0.2177281518103188
SPECTRUM_001092,1,0.04174205043163554,0.12139823553565231,0.2672337139548926,0.46557756067602185,0.15403844171144465,0.1731768912710418,0.1758975360027118,0.22175587078620076
TAE-684,0,0.08848186170547948,0.05504067330384687,0.1273326159108472,0.13333222507062067,0.18277962533314943,0.16108616630891642,0.12120329569478153,0.23576025760642366
TAE-684,0.26,0.09776543022976261,0.05753300304521997,0.18861659775279382,0.2910269377747732,0.22058843538096673,0.18869042191564592,0.1489632588962013,0.2712964724204189
TAE-684,0.5,0.10213594355494783,0.07611242590241885,0.27926375261073133,0.4632632285610343,0.2808299698435291,0.2326910327551262,0.19021005271817656,0.3154651421901838
TAE-684,0.85,0.09812212847931853,0.06294486413355725,0.5233579296362669,0.6065790067219493,0.327359872513128,0.2670580779853116,0.1639800865876158,0.3738445170266433
TAE-684,1,0.1004963420913784,0.05440216698033754,0.5600632426020026,0.6037781671411787,0.3529045175518099,0.2688837820557707,0.18769204778946527,0.38931521662481655
TAK-715,0,0.05085433981526998,0.07068715831207978,0.023091457420291842,0.09155714480791627,0.13746759978143885,0.10610208741849467,0.09311547148158221,0.18451432947488297
TAK-715,0.26,0.0466132566001945,0.06835859690382556,0.058610351818167414,0.18528710423643863,0.16329829293825657,0.12079061930189434,0.11755395905237417,0.20969363155230322
TAK-715,0.5,0.056973926395716114,0.07688171031330208,0.08626411152915096,0.2758358313233177,0.18716258482848663,0.14268305562724812,0.15182662368720057,0.24650892929570734
TAK-715,0.85,0.05297164551935674,0.07206436129976959,0.2715959757769225,0.46699288813390016,0.21430196569982868,0.19507665217510928,0.1692508871084169,0.2991723752529276
TAK-715,1,0.05586648172425093,0.07443082649456022,0.28665495028550025,0.5084520882232993,0.27188927169189925,0.22555976768468317,0.19489113063940375,0.32334474891669435
Troglitazone,0,0.07617130339908099,0.03944515091482437,0.024839277019905417,0.11782612929598135,0.07449544660331849,0.07901072512484188,0.09729456408535839,0.1279492763047461
Troglitazone,0.26,0.0762599056615522,0.05775481495411232,0.06643332268529406,0.17046659742480566,0.09554347580428608,0.0940823102399752,0.1251165225452457,0.15875073376233598
Troglitazone,0.5,0.0845503261099111,0.08296102395869374,0.1699364741561896,0.32588369059308314,0.10777027146059008,0.1014454553976257,0.15904123905298606,0.20274401375077325
Troglitazone,0.85,0.0820821052102172,0.07938577555771502,0.5437681733077548,0.5085140490708423,0.13427031167753223,0.16565151920092394,0.23915965290925892,0.23141112832889615
Troglitazone,1,0.10957462184141835,0.09255654716490906,0.5638698153784631,0.5202191592903461,0.15783438571133518,0.18421625268586334,0.24835093789283338,0.2420603998761133
Valsartan,0,0.019006777027466372,0.1087340299178109,0.006456996495807976,0.0510999378396575,0.10326803379985995,0.09071254043305575,0.056370059990971465,0.1052274004715289
Valsartan,0.26,0.017504505895498332,0.13036722191244723,-0.002406066453375158,0.11025358845532515,0.11924472292877183,0.10255250875645724,0.061333179256135996,0.12399275472670943
Valsartan,0.5,0.02512632565231342,0.14522911997274981,0.1000567042621466,0.22660038164740834,0.13875660145723706,0.12714138384716647,0.06487892363428777,0.1495857276930652
Valsartan,0.85,0.02099040839478376,0.17753405749452597,0.08839794900737621,0.314803833537112,0.15532077158615942,0.1337900862309924,0.07652861278444115,0.1763302331146847
Valsartan,1,0.04014562507009033,0.20950417169573046,0.09641288252485435,0.3778940818089277,0.17188883195101964,0.1346309777898005,0.1117076945220437,0.18741386274404065
Veliparib,0,0.05203096803061318,0.04969779600393845,0.11659495639067174,0.10146416482253513,0.1351596911468286,0.14122100647591498,0.1253939785860082,0.17240137926205806
Veliparib,0.26,0.04597891420013888,0.06799214262739499,0.17024365336242328,0.19569719163976065,0.16640443360713325,0.16624164262289504,0.1480004000807329,0.21016568918996428
Veliparib,0.5,0.054572301666582224,0.07519887791675302,0.23820017831460555,0.26805366285642696,0.1907644932674905,0.1850398868369559,0.19040181763948816,0.24375530006855534
Veliparib,0.85,0.06587425589629785,0.07773198904722027,0.30582042668260423,0.38380442998077224,0.20410966939554365,0.20605584630798146,0.24391209346998152,0.30263318825573626
Veliparib,1,0.06390277827995548,0.10166617129124723,0.28218247324399925,0.4552489389295784,0.20988013512630915,0.182806686532564,0.23509006773239877,0.2931246679828197
vincristine,0,0.08744151677062496,0.012505109571840355,0.18421795963546442,0.058825979324925046,0.2007496165804518,0.1861154698636883,0.062063588119504576,0.28523050105696635
vincristine,0.26,0.10019206020156696,0.01853662613571875,0.2656986240138605,0.1257170715225537,0.24039061775693238,0.20832186681600592,0.07709964811733022,0.32135883540177107
vincristine,0.5,0.10472095215450566,0.014732431276316746,0.25419293503213025,0.2726974837731041,0.2851124127682868,0.23526768218863506,0.09615323140894463,0.3827179171312835
vincristine,0.85,0.11590332008275864,0.047079845951462446,0.25944175246521395,0.4581403350578679,0.4131268129825092,0.3214489302721168,0.10271868104064885,0.4490415390968707
vincristine,1,0.1113693150857451,0.07125087201190211,0.3177621041062409,0.46847979121284283,0.39556939554605824,0.35151962052242497,0.12732050252425092,0.4822598470889207
Vorinostat,0,0.09063604058893807,0.06451584826028249,0.09228379829981116,0.11517503402929331,0.2171205053625435,0.191412721925276,0.0926178668204099,0.24242107842227714
Vorinostat,0.26,0.0927595537805714,0.09007787300224673,0.15674920509864143,0.24948032773123313,0.24645353925491054,0.2198266785219364,0.1185767301952838,0.2764631624121351
Vorinostat,0.5,0.09364708115973622,0.13124219834827702,0.2594325245763844,0.3906134751772612,0.2869385686221636,0.2319167899267894,0.13333210478076232,0.30953145696924883
Vorinostat,0.85,0.09421725385417376,0.1457169881780884,0.37640030606282643,0.4405906645797057,0.30801779369539395,0.26182547606043194,0.2331087528579509,0.3576223483234229
Vorinostat,1,0.0992698480860507,0.1251818154428341,0.46398827621036326,0.5094626132762144,0.3165443701462272,0.2921876061920344,0.2818691039908487,0.39350061538965636
VX-745,0,0.016490686375537387,0.057238625281945794,0.030132026470138167,0.061024487183428976,0.12729138024960826,0.10571120292490432,0.05849210010823078,0.16168124015154028
VX-745,0.26,0.022048711089275717,0.09023635610799012,0.04365812029186547,0.05212626570194019,0.15958400902345765,0.1275126782793707,0.0680021478393112,0.19629072256825333
VX-745,0.5,0.022177439704968452,0.07673536341146464,0.08076219367094829,0.16411006291318342,0.2007769671136545,0.15747295280239365,0.07688177160984419,0.23823179140208395
VX-745,0.85,0.0319645472966511,0.0793469609180789,0.16105839360613772,0.30703509680682256,0.25001335720668566,0.19745597895936515,0.1978777854077128,0.3004451643409585
VX-745,1,0.04234451662827256,0.06394247610714518,0.22596086241204957,0.3831676580418246,0.2591427252543892,0.22655742571272708,0.22342262675079871,0.31778577944439385
Withaferin A,0,0.09663805695569859,0.09365346328389779,0.11016778764193438,0.10427228008641114,0.2589383356380617,0.21403316088270521,0.23926277836198462,0.3009889014327607
Withaferin A,0.26,0.0927500303318019,0.11354030845903905,0.18660257526233925,0.16196205965681051,0.2919883415586814,0.24652254644083044,0.2885474985462464,0.3338294152602024
Withaferin A,0.5,0.11038140437795593,0.13457201021843704,0.2177006384042699,0.29107621633264985,0.3282179014226578,0.2773216219640508,0.33200952231727504,0.36340956912393096
Withaferin A,0.85,0.10691055476469899,0.1577837982102771,0.3992555164373698,0.2918186178115588,0.4106619139131467,0.3325615122943929,0.43484518842024095,0.4145159170207285
Withaferin A,1,0.11462027879263478,0.17352949594193318,0.4789087440987184,0.4198823445438434,0.4240045819769058,0.3413034110027599,0.43762430045486295,0.4252545048022435
Wortmannin,0,0.0686046051098541,0.04850045553154959,0.09322958138232888,0.12433976663661687,0.2354061779395824,0.21917156035540825,0.14796807814599755,0.3178743081506087
Wortmannin,0.26,0.07251907076481758,0.08049516384342482,0.17389700090445195,0.17008009367259116,0.2800080211299173,0.2640722163643224,0.19100057163112855,0.35982119882719193
Wortmannin,0.5,0.07214686864708282,0.08388934492794987,0.3408529065782452,0.5119864190962811,0.3195051918027909,0.29453800396866164,0.24251398372743904,0.4093781483286123
Wortmannin,0.85,0.08221882750131368,0.11573847654802624,0.47718700642175915,0.6820196640018987,0.3453938065259066,0.3108045932664965,0.3753409670631932,0.4758996783197406
Wortmannin,1,0.08758684816500036,0.15947611336949355,0.5088764306455189,0.7348289614829197,0.37180077279672885,0.3248839746752564,0.4331339738328689,0.49829186872928016
