perturbagen,threshold,sd_m,sd_c,sd_n1,sd_a2,sd_a3,sd_ap,sd_a4,sd_c5
179324-69-7,0,0.062421030584008344,0.017084906352077305,0.029165739233047033,0.0333974259476359,0.09522306971084878,0.09332389498163207,0.0532301112982035,0.05263376326307675
179324-69-7,0.26,0.059185901886807335,0.0196486882930624,0.04690454003410439,0.0579532652180041,0.10502678154208195,0.10237627637854094,0.06089975434251442,0.057706538251893
179324-69-7,0.5,0.06138637211805008,0.022872887359609385,0.08702570861228608,0.11626281507456951,0.12318645922061498,0.11467080933330934,0.06879440245629564,0.058956136919980195
179324-69-7,0.85,0.0691474441791334,0.026414730446467107,0.1487316087996477,0.16833038103833425,0.13819891497655087,0.12931422077213703,0.09334762241242327,0.07725312173278617
179324-69-7,1,0.07414909057696684,0.02819955433664122,0.2047967018235096,0.1850777655027114,0.13931629492307424,0.1298533426914508,0.10930262960269413,0.07535346618392218
A-443654,0,0.039937504334535225,0.036799423135262056,0.037082555163885034,0.027302280987301523,0.07835116443924679,0.07376907075842477,0.09890901616589116,0.11674161182967864
A-443654,0.26,0.03908086053369471,0.03894207154719623,0.07106635959914241,0.06903364518352119,0.09579861344377395,0.0855960741986636,0.11363567854405583,0.13804396317781295
A-443654,0.5,0.041274030490948105,0.04802216401831713,0.11916277066132021,0.1745451134910109,0.1208696740266244,0.10222699493259575,0.12886161723376346,0.15622722980480447
A-443654,0.85,0.04235262848679104,0.05107465585685276,0.19833806732013828,0.2980493017270532,0.15708715130125353,0.1313535135038579,0.14109040176020282,0.17616698763774485
A-443654,1,0.044642751327589644,0.053385461260758355,0.23713385102822993,0.3261101039604994,0.17478563987334775,0.14652072069745925,0.13486782673550168,0.1909691803528492
AC1MJ3VH,0,0.04379698954870045,0.04477588562633726,0.041778776431519664,0.0489107464266251,0.08183236317528936,0.07217114009946034,0.08370699296291939,0.13047963888191805
AC1MJ3VH,0.26,0.04272773329383673,0.05297055756492456,0.0761521269135792,0.08268337616655719,0.0958435241530992,0.08322029650241865,0.09696424947915494,0.14908846775412835
AC1MJ3VH,0.5,0.04171373473454014,0.0567480286241208,0.11696059561554795,0.1593094674857536,0.11038966248859099,0.0950213717207121,0.11224689192208992,0.17252730612672032
AC1MJ3VH,0.85,0.041755795351379826,0.07024367312255547,0.17169032317186533,0.1943678841552389,0.11744617112788933,0.10752385073624951,0.1427195500646229,0.1908546283812856
AC1MJ3VH,1,0.04388722754851693,0.0719134895145131,0.20299253899284161,0.20060425891215888,0.12343181944491173,0.11110623038069514,0.14697288146874843,0.2023055515229073
AC1NWAML,0,0.05594708480151904,0.033610020920707424,0.02756407224920465,0.056070517734848974,0.06661863738639379,0.06739788012191965,0.02604182399918373,0.06246549724082087
AC1NWAML,0.26,0.05572167619449974,0.03605402919645915,0.04627000710142013,0.0872749100159968,0.08194517376739313,0.07799058719287137,0.029927467823706533,0.07168526511679099
AC1NWAML,0.5,0.05815589395546808,0.039297043485119074,0.0629794392771611,0.1838425672140929,0.1018781804754035,0.09416393396461022,0.03505042302099373,0.08843057164743132
AC1NWAML,0.85,0.058034697802683825,0.06815751958858683,0.17208836114019851,0.2869414443434206,0.1316963720307536,0.11902390483479706,0.05032217331553581,0.10912474298977251
AC1NWAML,1,0.06069471384739171,0.07150487700256673,0.20483645211612736,0.33467294127554725,0.13945136153625082,0.13104478700803507,0.05646170645654622,0.12049961706964123
AC1OCDAW,0,0.01997285948481605,0.029773298605519468,0.03378654017074907,0.044267803175359444,0.057477430353006766,0.04665457389684801,0.09657804621637203,0.11320863268865992
AC1OCDAW,0.26,0.017548940519400928,0.033674991807342666,0.06743464386166242,0.06847874432432478,0.06901668456499196,0.054201959060132636,0.11359200911827905,0.1310935578607003
AC1OCDAW,0.5,0.01488181452704186,0.030535752580282238,0.10181272551828968,0.1695889699662773,0.08840506802732415,0.0673001150715522,0.12808288041575286,0.15067328537559666
AC1OCDAW,0.85,0.014005084437988799,0.04982477245692354,0.11289830914587265,0.2783656775795344,0.10887496500812505,0.08298018784971377,0.14755759718871242,0.16742528890938482
AC1OCDAW,1,0.01477664206516286,0.053675046250916125,0.1231031019531201,0.30154752744543784,0.116629370762261,0.08407276955047172,0.1365508734846191,0.1869349655488558
AKT Inhibitor VIII,0,0.03197650886627629,0.04556213746075405,0.03593932850349413,0.05041696464014886,0.08586446745720053,0.0838360386163384,0.039210323982411456,0.08474006611194213
AKT Inhibitor VIII,0.26,0.033847730464091876,0.05663753376093549,0.06878491515876164,0.07694590799037426,0.09906031535942156,0.09715339674610547,0.04846395705297534,0.09941235510406456
AKT Inhibitor VIII,0.5,0.03655653029705577,0.0663917083056623,0.12860126413535097,0.15896253572815994,0.11568185637084633,0.10996117389925052,0.060278573492791046,0.12036695960798882
AKT Inhibitor VIII,0.85,0.04045455553235002,0.08097101803250435,0.22445043241742485,0.22293130166918454,0.1306975329481272,0.12268535698522175,0.08926072861726388,0.1463648793402133
AKT Inhibitor VIII,1,0.04357402370806203,0.09660796644037159,0.25740385918340264,0.23840076376938615,0.1373700389935207,0.13864726220101722,0.10013033995004438,0.15107369997298503
Alpelisib,0,0.01817248135305025,0.04385925323124592,0.06969521288067855,0.06032463421560464,0.07876450310621581,0.07137343366957413,0.047161143696507236,0.08595837113161174
Alpelisib,0.26,0.020278704617671332,0.05285268375728976,0.11843510394586006,0.10557567863205165,0.08994141772814152,0.08226760960411693,0.05697149417045052,0.0984929424269789
Alpelisib,0.5,0.022432979996092277,0.061740588899482245,0.16635829389283593,0.17969882973933315,0.09689581738775568,0.08795780891414569,0.06354620610968724,0.11536838340796415
Alpelisib,0.85,0.02988494582870605,0.06306432464472847,0.25990085910977834,0.23498810888971627,0.08973581048168804,0.09323361044670121,0.08396336954906479,0.12993647910624254
Alpelisib,1,0.030505231777926634,0.06851214829261776,0.29013702385915613,0.2553231405881448,0.1229094722271013,0.09820028223601125,0.09260064278406907,0.13186139795465784
Alvocidib,0,0.038296091884946905,0.036316334063742385,0.033434651316866584,0.0292707879690074,0.06521300651270856,0.06076177244251687,0.07787578409985713,0.09558522561914609
Alvocidib,0.26,0.03694907583528135,0.0445534200164207,0.05851911800911986,0.05813849871819113,0.0775575977647752,0.07071257161328785,0.09067970053708542,0.11197032248207808
Alvocidib,0.5,0.03513932317174741,0.05623344207538677,0.09894919821187183,0.12381421453281047,0.09381648275552489,0.08109040484046931,0.10375510420667894,0.12643701397222107
Alvocidib,0.85,0.03724580759789556,0.050942028333540904,0.14774232909255017,0.21316736385360838,0.11599097355243349,0.10053967198749894,0.11598904947291558,0.14763504530981067
Alvocidib,1,0.03777684909484715,0.054558815309681236,0.18544627836070054,0.23330929337219206,0.12950826100108023,0.10575894627273458,0.11850075981028617,0.1582807977520899
Aminopurvalanol,0,0.042671580187115685,0.04985518851417719,0.03573154509817426,0.0411684674256034,0.096900059086201,0.09161514672264524,0.035598732703978064,0.10934043414794521
Aminopurvalanol,0.26,0.04530541819041439,0.0518239246132834,0.057678439706055164,0.0584022331061162,0.11144873668529978,0.10620861017748616,0.040429692618876044,0.1252918327171421
Aminopurvalanol,0.5,0.045409342243590396,0.059484652367428004,0.12702928969378766,0.12635506386079925,0.13406566709937356,0.1230046426158018,0.049126004281902454,0.13975694299217287
Aminopurvalanol,0.85,0.047400101874102894,0.0822156664241969,0.16387192800103123,0.2290705058587366,0.14068468109366852,0.1360569915628903,0.05012460783198682,0.15664179498306607
Aminopurvalanol,1,0.04587275080486596,0.08226949642713734,0.1956545186902206,0.24151357362592588,0.15157943846652736,0.13806441894370672,0.05033418785178325,0.15685426087759627
AT-7519,0,0.04517756510589991,0.03761652453654661,0.03437732110276234,0.04735895088969807,0.06497039692883509,0.06158930173343433,0.07844568372181053,0.10141608430963164
AT-7519,0.26,0.04599113856707534,0.04303975021808043,0.06529987406798396,0.08487702655890776,0.07730539451578848,0.0710339602271367,0.0923677388655923,0.11982602341726635
AT-7519,0.5,0.04659601791087441,0.053612376324510644,0.11666157713647249,0.14416067204534372,0.09412161292831712,0.08053957292461157,0.1061579810408984,0.1340877356504636
AT-7519,0.85,0.04857011867346676,0.049617557937142245,0.193124216039951,0.24576592839989495,0.11619259600501718,0.09053797097550166,0.12852201102520616,0.1467269527119027
AT-7519,1,0.048800157592324554,0.05421931401063286,0.24635402012237856,0.2639629958726102,0.13259635532125175,0.0975040714154061,0.12977298374308094,0.1503668152351251
AT-9283,0,0.055641683761132606,0.03280663292729705,0.04691047214829141,0.056406514191218116,0.07459785351482874,0.06757841322716954,0.03598872958519954,0.08227316875619275
AT-9283,0.26,0.054448278139300414,0.041864982878585,0.07119247737291526,0.10781170676868025,0.08800366918900375,0.0765957880960537,0.039867487722182446,0.09530025621557525
AT-9283,0.5,0.05741057527348865,0.0535614681162158,0.13197238737478098,0.18235605374003766,0.10599110225831947,0.0919344261139812,0.04654326586651124,0.10880486169768033
AT-9283,0.85,0.05960685146527826,0.07192561244039553,0.2097072994709153,0.26038092946795993,0.13156602822575103,0.12408477951141413,0.06599212167605069,0.1320007731873472
AT-9283,1,0.06255581447447049,0.08035008960299729,0.23523184168484765,0.2785688672079169,0.13929563198642628,0.12526001013750293,0.07755130226889,0.13652348212704615
AZD-1775,0,0.045886117723763734,0.04325506526670249,0.052307982746725344,0.065148350166305,0.08758242248155428,0.08051510222603792,0.06764172500815437,0.097284860381513
AZD-1775,0.26,0.04569954697179262,0.05403026395220728,0.08793223053196662,0.10511433750297094,0.10039417388759157,0.09100757606280055,0.07803227126640443,0.11253691887860837
AZD-1775,0.5,0.04631950855175704,0.06761989826911978,0.13257149553719821,0.19807975680684853,0.11175614489480973,0.1006604409611154,0.09009826333097297,0.13256996196772514
AZD-1775,0.85,0.04868468028101679,0.08117496595497813,0.20336074450092817,0.26666598303651795,0.1351381653049324,0.11815080657567856,0.11393319261337757,0.1624436813049931
AZD-1775,1,0.0504163973509255,0.08266530737949668,0.2222509258259287,0.3011925868955531,0.14659661332950677,0.12286099091803517,0.12216268546945273,0.1717828800387866
AZD-5438,0,0.03408831413072003,0.043508565277718736,0.03822489393975131,0.04355434781094982,0.08757041061346245,0.07962471813062702,0.06288087398160322,0.10903361290489326
AZD-5438,0.26,0.034077246640714695,0.051835874578296574,0.06297766673150712,0.09508935211376882,0.10403033504333452,0.0928449736927546,0.07444022651480182,0.12759816657161177
AZD-5438,0.5,0.03644851487474177,0.06288949951030359,0.1341702110433443,0.17926491270423514,0.1256306966121713,0.10753572479303261,0.08540363945732152,0.14236923077340913
AZD-5438,0.85,0.04092220044326324,0.06439266511615617,0.22952576840931607,0.3006865491718934,0.14718635918372064,0.1282224075980284,0.10623527998985559,0.16651305283593779
AZD-5438,1,0.04383657617891259,0.06293966216638312,0.2584643884563916,0.3189281385697947,0.1619069107268589,0.1344181407813658,0.11510667056122847,0.1687947404385282
BRD-K54343811,0,0.03297409289379043,0.036133181470257104,0.040397489797676434,0.03605242067278019,0.05397270649193309,0.053255695437176336,0.03510522665706154,0.06299245395072796
BRD-K54343811,0.26,0.03037909854666714,0.04536126292506554,0.06986477682982549,0.08620581814627225,0.06509900950433693,0.062095687796134814,0.04206927321840855,0.07074651532851677
BRD-K54343811,0.5,0.03699308240233808,0.06049611309820798,0.1303533960509841,0.14866236794061055,0.07814543501131153,0.07575276897943589,0.051713129294978635,0.08187013088802046
BRD-K54343811,0.85,0.041052115078864186,0.06635464908732168,0.19680395328504724,0.24787140639841596,0.09169755591177818,0.09175533285695059,0.08210874792353848,0.10634919686161112
BRD-K54343811,1,0.04000925322068821,0.06899553696504157,0.1991975321504366,0.2886586547618491,0.09529643288164964,0.09210495539158421,0.10302943313518217,0.10601273426474064
Broad-Sai-045,0,0.04175062819692878,0.03808918938871471,0.04947696925328071,0.05538965857789234,0.05604854742233771,0.056582712319061264,0.03902136358703422,0.0710472742139378
Broad-Sai-045,0.26,0.04164430273666437,0.04654161344742434,0.09741341041619592,0.1317391640551936,0.06905605769442945,0.06553304335143714,0.045026251501440726,0.08177125672963041
Broad-Sai-045,0.5,0.04652837815441225,0.05606663173378657,0.1688035060206939,0.23353810842066616,0.08099028758120011,0.07762682170302082,0.05604552637530313,0.09788076980044387
Broad-Sai-045,0.85,0.05049240177542342,0.06591148946401586,0.26160270847604283,0.3464602908668466,0.0971563468397517,0.09668497302076107,0.0899728427541982,0.11759802880494231
Broad-Sai-045,1,0.050771659765640985,0.07354938795407756,0.28238618477761207,0.38110785772738054,0.1067302220755758,0.1036769861809512,0.10504718742674386,0.12041173112845334
Broad-Sai-595,0,0.029995016501522136,0.04486883211857381,0.04033363027124605,0.04196718592462275,0.07069395989065362,0.06917876716507708,0.047886537004634536,0.0944096368467622
Broad-Sai-595,0.26,0.03153586677137412,0.0557870209483761,0.06863691974180608,0.0912373408964875,0.08428901393227162,0.08002585962150202,0.05541707968965268,0.10927695842348323
Broad-Sai-595,0.5,0.03502781689182314,0.05902851434172165,0.11834584073146835,0.16482383577914073,0.0959254694228292,0.09277234651381794,0.06354194949450943,0.12854959640108488
Broad-Sai-595,0.85,0.04021650090527328,0.05718720915458409,0.17701226923009514,0.2456919241820606,0.11669124363688946,0.10878813050763196,0.077767408380195,0.16186161981060693
Broad-Sai-595,1,0.04057917494098706,0.061625432759037625,0.20029204159003222,0.2630166984341315,0.12787829893699587,0.1183467688231152,0.0969188725608025,0.16860714592538514
BS-181,0,0.03770507322083978,0.04214641971881097,0.041591741426467994,0.02986575144324229,0.08121507617931803,0.07394881583992836,0.035504735642830146,0.12791053284098636
BS-181,0.26,0.039982332200352286,0.05881603400989716,0.07240000615172286,0.08120520538369116,0.10073508676590452,0.08840267194146408,0.03755879740357717,0.14660434049864737
BS-181,0.5,0.037641987754972066,0.06658526677295931,0.14848313332458174,0.1561892782680321,0.12655062456134247,0.11014166223235862,0.0423380294834304,0.16745347702931188
BS-181,0.85,0.042040187954946365,0.06042182348824346,0.17799452725172416,0.28554789770789446,0.14408662134596908,0.12607850354609937,0.03807003060581413,0.20412371750380365
BS-181,1,0.03897302156705178,0.07172043220397561,0.20065961024015927,0.3448071747045932,0.1486747221876215,0.1395983540882815,0.04051546889136678,0.2104197382424616
C30H33N3O5S,0,0.039709435452954,0.027883197214673295,0.020843329487368768,0.04073170471498124,0.052577104851986814,0.04996659020172962,0.023793179180792743,0.06449041726293943
C30H33N3O5S,0.26,0.04303764892100946,0.03335648275087816,0.04172353763234126,0.08508710545716078,0.0606721615050228,0.05616117565805478,0.028961050585349108,0.07654438100315245
C30H33N3O5S,0.5,0.043089778770419224,0.041079175332601275,0.09083469941865105,0.1564094633113749,0.07011487589435784,0.05955527826966527,0.033865774117340215,0.08800199908484578
C30H33N3O5S,0.85,0.04960822570087948,0.06313622191011722,0.20195157838594252,0.29381986386226483,0.07600952916620213,0.0834295811818744,0.062080806539339194,0.1270533802848783
C30H33N3O5S,1,0.05109148017514097,0.06641147184517401,0.19393638837230104,0.31916184085110866,0.08076045208878282,0.07863955034576588,0.06982799335203345,0.12344961441333736
CHEMBL1083527,0,0.027931387674576872,0.033679180799249926,0.04372716934072599,0.03834812992093797,0.08990902809961673,0.08220186501163915,0.035105273193340156,0.11018572309520161
CHEMBL1083527,0.26,0.030646511676018028,0.04302167431262385,0.0774200427865563,0.0639493614810243,0.10711762828364813,0.09624528942742146,0.0437353272984069,0.1267715056591565
CHEMBL1083527,0.5,0.03154933196983267,0.05343149943538409,0.107742486586617,0.14604381307120293,0.12233480218235258,0.10956051127850965,0.0540799404596757,0.14787966600512717
CHEMBL1083527,0.85,0.031070575320853954,0.08282039105319734,0.1468971389298274,0.2709943916440682,0.14146088481809943,0.128321147253037,0.09146917673991597,0.19138897798942292
CHEMBL1083527,1,0.033185055966628504,0.09516136835915065,0.18263095686012018,0.2786412534551699,0.16170333990726207,0.13466139769840516,0.11567673080795711,0.19158097784555606
CHEMBL2136735,0,0.061090254719162025,0.03948205684797729,0.033730729849129254,0.06896410863347258,0.09380148000401282,0.0948355610378631,0.037891307886849385,0.09055283801531423
CHEMBL2136735,0.26,0.06151687574169615,0.05189021088098602,0.05148862580068604,0.10942848401352955,0.10937316721289322,0.10797707717895631,0.0447116769304059,0.10372660324941042
CHEMBL2136735,0.5,0.060835384215852974,0.06143507999958664,0.08289540727267937,0.17477782365040218,0.12784000788443642,0.12136682605945023,0.05087031935693425,0.1178695344760366
CHEMBL2136735,0.85,0.060881978576392715,0.07258536526837549,0.14519134164906683,0.24469893165136375,0.13661158162083517,0.13134624458855695,0.06408453724472368,0.14120241309136497
CHEMBL2136735,1,0.062308778564853895,0.07807533341793511,0.1752927763006363,0.29184622850095715,0.1445450397810634,0.12978691206376283,0.07675532247552491,0.14748869257777697
CHEMBL2381524,0,0.03779900882799761,0.030188930070503807,0.031067213741203165,0.058570978965137944,0.056138352503757816,0.06129534170271748,0.03457784159500005,0.07100009001868195
CHEMBL2381524,0.26,0.03590103800657035,0.043776318963608264,0.04687162911076461,0.10481564728048585,0.06686096903703685,0.069736538259905,0.03936109616583162,0.08117090230250235
CHEMBL2381524,0.5,0.03733982307938598,0.049904815606158615,0.08981866767040259,0.22018489719900913,0.08032775461279694,0.08212660581318569,0.04779762827226833,0.10106950104228474
CHEMBL2381524,0.85,0.04028534708928239,0.07180392544166926,0.13513354265390426,0.3526004802975878,0.08499350117140853,0.08937251479795592,0.07403306928487202,0.12377672187362712
CHEMBL2381524,1,0.039847723800976856,0.08095590536428074,0.16007606779948877,0.3680828477823699,0.0977803986836451,0.09894188236190528,0.09102533420844673,0.12956637583827388
CHEMBL3182395,0,0.05430384851910567,0.030313253631286206,0.03708462247064684,0.05160920371128753,0.05430340253199967,0.05233259084870858,0.030537335291530854,0.06709063168309941
CHEMBL3182395,0.26,0.05206929910305367,0.034201874298013635,0.06352483977982658,0.09532815165495455,0.06548265590164555,0.05922879632307956,0.03545255049175357,0.0764464232559038
CHEMBL3182395,0.5,0.054548651720651306,0.04432442498189649,0.09777928498270574,0.1548207856257314,0.07946854115663558,0.06882122873444942,0.04572172218265454,0.09290700809779259
CHEMBL3182395,0.85,0.059209978946760625,0.0448905579431648,0.16910497725631454,0.21581865867696892,0.09240856785425877,0.08748933768937266,0.08865491265253629,0.11085548219633012
CHEMBL3182395,1,0.05947587047252444,0.05286277553546055,0.17079197198678103,0.24503026619070115,0.10116393692562176,0.0933225576779123,0.11383193762194932,0.1344674781550987
CHEMBL3183436,0,0.054857050831732035,0.04263489304347295,0.04151345079103902,0.052726126387094924,0.07856303803618529,0.0714545154129341,0.037769244667867824,0.09717979622519071
CHEMBL3183436,0.26,0.05956076200040887,0.05498647471073651,0.07679086004017126,0.11741311946319544,0.0937033062116594,0.08298828868462328,0.04556430233844456,0.11291848480218016
CHEMBL3183436,0.5,0.06140840527358327,0.06935267086617959,0.13014260039510447,0.2139114722501457,0.10736279764784558,0.0964806694684661,0.053549525893642404,0.1310989104318461
CHEMBL3183436,0.85,0.0683590383827022,0.09265612209861966,0.18755877770599497,0.3195854603671089,0.133264455053265,0.12477315439508596,0.07783958980088204,0.16312158913297273
CHEMBL3183436,1,0.06985739766160247,0.10288322279571964,0.21160838690361228,0.3327479885301427,0.1495114673408559,0.13480596702349318,0.09363216894060981,0.17673679576048928
CHEMBL585951,0,0.04385877479197537,0.03745734474408233,0.028610090203771227,0.04318898195394148,0.08005481016654169,0.06960125033266536,0.0662205814629088,0.10140758273440605
CHEMBL585951,0.26,0.04392998018339717,0.04962935854989309,0.0601425712747387,0.07449898377327326,0.09832918071592367,0.0824093347512259,0.07615077354474205,0.12013045501692748
CHEMBL585951,0.5,0.044234121365547635,0.06493621275759319,0.10309321855179285,0.124826433459459,0.11525791710699193,0.09646778075366916,0.0834153512165332,0.13826914884864608
CHEMBL585951,0.85,0.045262910169771145,0.05406132031751966,0.2105329969888898,0.19105454624808324,0.1303809825826223,0.10999829733825586,0.09716747641973697,0.16815758094703417
CHEMBL585951,1,0.04538049710545732,0.05733084127678963,0.2510057054047958,0.22534080572697454,0.1381318396783708,0.11312447920710021,0.10841267006226199,0.16993416746255977
CI-1040,0,0.03341064341946058,0.0396928108181009,0.05998173117464958,0.04754581246592797,0.06916289819164845,0.06789395220138587,0.0343049299518336,0.09497691780953899
CI-1040,0.26,0.03620338701388117,0.050337253833531444,0.09986880183106689,0.08286853398985242,0.08315778085372233,0.0788431581928896,0.041305953528658755,0.11219977412104673
CI-1040,0.5,0.03822449444160792,0.06171196506929387,0.13298800347560744,0.16865629275711838,0.09662488871458921,0.09045769883943001,0.04909423240714797,0.13559030374736405
CI-1040,0.85,0.0390216148045421,0.0676714981459734,0.1874553013893327,0.2806067570455195,0.12423767843415882,0.11031893652748254,0.0750610480233999,0.17978930807295354
CI-1040,1,0.03975981287283503,0.07981294227990725,0.1985811547298719,0.3096688049934275,0.12856919195847533,0.1201702269723049,0.08875817566783997,0.17579611558308278
COT-10B,0,0.042575857556567405,0.03174302682926229,0.051534289285444554,0.04423269088753983,0.13460225446105112,0.1220840611721663,0.06436477860175432,0.15076090458605668
COT-10B,0.26,0.044888813093868205,0.04419732861485989,0.08491643497818253,0.07031233900636762,0.15873214799567165,0.14074717249428445,0.07577621160280544,0.17398285079876008
COT-10B,0.5,0.04616944737260927,0.05375471526116059,0.13235150590736414,0.11055184712474446,0.18236806374841733,0.16369751677773334,0.0890701074507858,0.2013267574558258
COT-10B,0.85,0.04974254919771904,0.07781932762387041,0.21311748596949212,0.19027887634783455,0.2097216175383945,0.18876986073390548,0.12111886821476495,0.24490470003567819
COT-10B,1,0.04997313279282414,0.08820346722510417,0.21631487456045007,0.21008220232131278,0.23568767370002583,0.20254273567931638,0.1340273428557732,0.24820851884992617
CP-724714,0,0.0395197918399689,0.03717047195770658,0.029519935756592446,0.046707356856127605,0.06038769249660251,0.060497744423680985,0.030029086428300975,0.06541379974300476
CP-724714,0.26,0.038304966060749575,0.04849209562857876,0.05555366710194944,0.0786554028873511,0.07071359793762363,0.06886920890093663,0.037119407931181445,0.07509926113966135
CP-724714,0.5,0.04233216695372931,0.056327740688735035,0.10929568139021595,0.12945883702618025,0.08124746363306302,0.07916463387255308,0.04343326511431392,0.08694589712556813
CP-724714,0.85,0.047445468025935585,0.0691053387791055,0.1952154754529155,0.2217784018135966,0.08910963454207885,0.09132683152830877,0.09497572194984007,0.10403108436775989
CP-724714,1,0.05166539785050344,0.07637535873413584,0.2188859580367702,0.27503253129171945,0.11106686773291059,0.09552682363628882,0.11645598652920876,0.10910038972393762
Crizotinib,0,0.04186617572934084,0.0551818632184937,0.041917563352234996,0.04722509647115485,0.10311310587530169,0.08583550514472109,0.04463118536947325,0.1400488418338303
Crizotinib,0.26,0.04272919274567263,0.07344916761561732,0.08082807955199976,0.10336353063697629,0.1213933372127504,0.09992327661059758,0.052309078726292625,0.16027490418944434
Crizotinib,0.5,0.044845845528870706,0.08526116777912855,0.1432998366078078,0.1744749561514526,0.13719315432823562,0.11610385771516868,0.062205121907758,0.1860257701898188
Crizotinib,0.85,0.04660087007958709,0.10275828222996596,0.23005316100122009,0.2969482567527037,0.15503192975548852,0.12415496051083469,0.08776965794955967,0.2270549277826182
Crizotinib,1,0.04931672694004751,0.11133071933302938,0.26381863302295183,0.3397155936407873,0.1655524938690248,0.1302609529420528,0.10018850159057537,0.2319186637751585
Dasatinib,0,0.03803833527066506,0.03613424277372818,0.050243389733419665,0.041205023068232906,0.06982533210312498,0.060681852437860846,0.047268688472562256,0.0816119885005034
Dasatinib,0.26,0.03671944957131971,0.044930957324306395,0.08167676078430874,0.08300408943738145,0.08482610188672385,0.07111595543290802,0.0538422369355374,0.0949400122188297
Dasatinib,0.5,0.040575286947370955,0.05409411697247355,0.11256519646956617,0.18322946916402513,0.10923895919705907,0.08410278847210842,0.06047913268886376,0.1098628021991398
Dasatinib,0.85,0.040972007539172815,0.06443666644626617,0.18579037617858743,0.26835903265962263,0.12973775245509417,0.10232216280275559,0.08797207731144598,0.13888422541765746
Dasatinib,1,0.04121576383358447,0.07163203159006586,0.22252508065942225,0.2786903679261583,0.13463484929514757,0.1092324433914201,0.09648462568116571,0.1423632520379636
Dienestrol,0,0.04572258173918742,0.026722724689355735,0.03576759791721721,0.042640758155418144,0.04532997509635025,0.045415437530175844,0.03600560296107382,0.06819119331566996
Dienestrol,0.26,0.0451438904993589,0.03627237372329825,0.06428825748055166,0.07325465020947979,0.05338248374349768,0.05195071158527124,0.04390947541363728,0.08206536162780925
Dienestrol,0.5,0.045890443915136594,0.03835227301530986,0.1335947252054342,0.11140083114068694,0.06677610580531881,0.06099443647249897,0.05728168556302966,0.09873513512642745
Dienestrol,0.85,0.05285812572114506,0.0471219923661198,0.21967724581489842,0.19773667529045874,0.08892689796885461,0.08212800395953984,0.09020585159569282,0.11562111259285265
Dienestrol,1,0.05123711064562521,0.04963589463576093,0.255266849199209,0.22641486902663058,0.10532378168462445,0.09174226018819084,0.11789673963327206,0.1291484362928756
Doxorubicin,0,0.031757491003374584,0.045354249510814446,0.038967681020361064,0.04430599476146039,0.06978233079424864,0.06251909802759903,0.07855340409852532,0.11564567976750521
Doxorubicin,0.26,0.031617368527313866,0.055543306297361025,0.07231747182611283,0.06703962265095857,0.08014406950605164,0.0716191222826195,0.09261961789347342,0.1337280529360909
Doxorubicin,0.5,0.03123579395919088,0.06351520240218705,0.12086801704612105,0.1483466651432676,0.09554024202118572,0.08207256729770923,0.10618312752794828,0.15623449030444506
Doxorubicin,0.85,0.03611006369866167,0.07566088989608948,0.16773947710672443,0.2557546506319255,0.11191380421556854,0.09985758888715199,0.1238577768953908,0.18303854551464513
Doxorubicin,1,0.036913848313192395,0.075925523010091,0.1926784932655417,0.30262065534269905,0.11866476998327428,0.10469652911641823,0.12266743157715046,0.19975187223138235
Entinostat,0,0.04064164296033189,0.02829181996708946,0.04488313902650292,0.037706913997883326,0.08554285790427968,0.08109374468160312,0.03388899662835961,0.07160482423869911
Entinostat,0.26,0.04126664444875186,0.03277559620209942,0.0827673687884129,0.08333429198922503,0.09643141768458519,0.09122381488788796,0.0394393850668494,0.08156287263171426
Entinostat,0.5,0.041161153357157046,0.03983021100599095,0.14482732890873015,0.16461107964249647,0.10747418746151095,0.09768573908596419,0.04914971991155381,0.09083755480577557
Entinostat,0.85,0.04410651484576243,0.05901301896596605,0.22348825352330265,0.27347157314307474,0.1244497759134679,0.11195459100055774,0.07858547245406039,0.11335254297007039
Entinostat,1,0.0455492979982047,0.06420998829347309,0.25632376563706305,0.2987663814984714,0.12988475494662677,0.11993883406092695,0.09302924910790553,0.1176827567124418
Everolimus,0,0.030340858716193794,0.034234832715806025,0.03198266679607751,0.04634961831295537,0.05372434308800049,0.054248231069624384,0.03599434188817928,0.07391128187706121
Everolimus,0.26,0.03167864621750327,0.041960697067213684,0.05984929614088548,0.08427160879819544,0.06633248949216562,0.06419121533012635,0.0441408547300189,0.08539585351594645
Everolimus,0.5,0.03458061073234964,0.04865658013155685,0.12997082321003858,0.17840229069173244,0.07952056535090968,0.07487005089182215,0.05547654172556284,0.09883620731977809
Everolimus,0.85,0.03767083273902808,0.05710703066696636,0.2109892050711145,0.26991228861232314,0.08985234548429251,0.07606682053418344,0.08508435702452734,0.12015234263290085
Everolimus,1,0.03879618998754826,0.06264154957051084,0.2552269055114464,0.3022316986938179,0.08853071972009682,0.08826676848448715,0.09374869030331012,0.12953390417652175
Flufenamic acid,0,0.0549303016081304,0.038453261031993966,0.027826300857069962,0.06846695557120636,0.03962683362844176,0.05018728400576922,0.048414519296623985,0.07583018468430082
Flufenamic acid,0.26,0.05228936327413561,0.046201446315600796,0.07206966046797764,0.1507359021932293,0.04547447058778199,0.05492395742710299,0.05568872705198028,0.08606752372285022
Flufenamic acid,0.5,0.052004011390005614,0.05872679289269866,0.21083967244745552,0.18264916677305043,0.04934870112790282,0.06174842515302516,0.057876623775397026,0.09914082231150599
Flufenamic acid,0.85,0.0529867220535802,0.03121116854470139,0.29558971854289245,0.22377777291213163,0.06234903894928218,0.0808744043727167,0.04713631110411472,0.10326877594936641
Flufenamic acid,1,0.05177435702841155,0.047657437430962214,0.31219552390112276,0.3512182425697689,0.07114602573915332,0.09296558640674712,0.04927918298381472,0.1075028715593855
Flutamide,0,0.03170782568016458,0.037303604011631034,0.03483440372308799,0.04629467838744669,0.06017862998630553,0.060212172526440934,0.026763872934986055,0.0784419859765168
Flutamide,0.26,0.03076441668578485,0.04051873712409977,0.05807731289757671,0.09378574637967842,0.07050799808528435,0.06867192592149751,0.030223373208948273,0.0914992927973891
Flutamide,0.5,0.032437140642422056,0.045861659202469957,0.11060910612394954,0.20030531514953911,0.08337450915368158,0.08172062593549559,0.038598926908155196,0.1042021670031127
Flutamide,0.85,0.03539911209362283,0.06477784310981967,0.1600516610214628,0.30822046103416795,0.08442290893837116,0.09141194829686695,0.059735970625100186,0.12159347418554822
Flutamide,1,0.03974473282236974,0.0734502141990974,0.19123957127867441,0.39261068245143044,0.08429528382505712,0.09048362683516058,0.07531488345812225,0.1394436262308906
Foretinib,0,0.03570701484827583,0.04002963682997225,0.037718847287793865,0.04893478530579171,0.08580178347575959,0.073818916176065,0.03252879928347615,0.08928444185052732
Foretinib,0.26,0.035014253174218427,0.05205893499765677,0.06776067855095162,0.08565344418767654,0.1005156649489454,0.08524481977986548,0.03826494417614781,0.10252249339261141
Foretinib,0.5,0.034131672980903874,0.06178118935436826,0.11481416304179388,0.11770244006492984,0.11655241597308072,0.10086549220852675,0.0482605630664863,0.11823319940706414
Foretinib,0.85,0.03721507005053347,0.07342269691477354,0.14047761182594792,0.24248228667508936,0.1305543520246172,0.11969687597839566,0.07906326515850191,0.13727287730973495
Foretinib,1,0.03705241245947851,0.07591671226389288,0.15614083842388005,0.2676479765062905,0.14167705129724437,0.12132878482486158,0.09666439131607465,0.13294900137607268
Gefitinib,0,0.03427475576009698,0.041773677759336346,0.04355175664001464,0.05219511900272544,0.07926845647464571,0.07040879469685912,0.02806845759994458,0.09582909511561094
Gefitinib,0.26,0.03721064732656282,0.05355621415053015,0.07429521513270242,0.09341554588959713,0.09523080478119471,0.08185112324105066,0.03498020705127389,0.1119099751477942
Gefitinib,0.5,0.0417419629484343,0.06484099779253344,0.14620384060050837,0.1599422339470916,0.11655939108780254,0.09548341284050789,0.04265159715583341,0.13219647900016648
Gefitinib,0.85,0.04312771328250838,0.08569243276023764,0.22697475290572686,0.2629868687333316,0.13396601399116226,0.11740716445007693,0.07569222102712622,0.16271617773797914
Gefitinib,1,0.04379380133502392,0.09271729979416955,0.26758414449104373,0.28626811285489523,0.15640109714169606,0.13537584013120985,0.09695675105536959,0.16936506643107607
Gemcitabine,0,0.029092531092137164,0.03773949766840099,0.029374034216021486,0.06813482283873129,0.05924132565553183,0.05513610866812572,0.04656922026073077,0.07128695314048847
Gemcitabine,0.26,0.02914646129126277,0.044014300420916135,0.053595178226785806,0.1320007879872941,0.07074714557782315,0.06408957588114939,0.05493884174785888,0.08230701524066844
Gemcitabine,0.5,0.03130238031862754,0.05271282129357988,0.10862390693330001,0.2217061652321812,0.08273118185678749,0.07418450235191242,0.061849613871757074,0.09564081608562312
Gemcitabine,0.85,0.0353113431448341,0.05551268889686411,0.19780475222553323,0.3087893490464122,0.09832670420346122,0.08552862072863229,0.08498851551155988,0.11417775098967649
Gemcitabine,1,0.03876395497129377,0.05685023034657208,0.25016550833734474,0.33816382900870895,0.11098645894977564,0.09057762236089173,0.08975169373337502,0.11972073340931966
Genistein,0,0.0505844823829222,0.039994153164338755,0.04671536134280915,0.06852752076534897,0.048231741202867516,0.04820063092595451,0.03343081220008195,0.0631323019774075
Genistein,0.26,0.050448975614836314,0.05207457604566422,0.08118076233710221,0.11775890190913757,0.05865382702452491,0.056320879683186144,0.038810648334982115,0.07370541998717282
Genistein,0.5,0.05128298477352979,0.06288093490794362,0.13045247890808806,0.17141786169021725,0.07400693966141403,0.06545416006942463,0.04891813964487531,0.08716640710275426
Genistein,0.85,0.054162174149997785,0.08371167626590784,0.20161781593414907,0.244954113909311,0.08958210333337234,0.08283309029644094,0.08362463180258262,0.10388792797079671
Genistein,1,0.05597256857733137,0.08858125292077011,0.2490583883848196,0.2769710888714116,0.10130261002774668,0.08829758103775268,0.10905047272186615,0.1154996134247403
GF-109203,0,0.038686216601641114,0.04855685808365807,0.04882934458696218,0.07036175910918717,0.08482250911280731,0.08131828746484115,0.048643306077915366,0.06530189578159472
GF-109203,0.26,0.03488318348534692,0.060658232452541434,0.08661811258710934,0.13982386067046984,0.0981691588807831,0.09218491446957194,0.059193612619009545,0.07780097196750935
GF-109203,0.5,0.03475467395670032,0.0796762110354933,0.14887338320154403,0.20468868072724375,0.12613921513623977,0.10649880204233546,0.0743479621051699,0.09038725312826207
GF-109203,0.85,0.04169310471361118,0.08513924908713508,0.2250914482322294,0.34723858239962807,0.16462404414968526,0.14639260083812164,0.10555506027895407,0.12488976202622823
GF-109203,1,0.04451319318476675,0.08971336986979343,0.22213853843355622,0.3604851816101269,0.17580111744103044,0.1467313222794257,0.12248579941788121,0.12296562765226875
GSK 1059615,0,0.036109957829494665,0.037686888375133454,0.033509247422794,0.0491417104580214,0.08214855707957798,0.07446501294470886,0.04379318267151477,0.0926579593044551
GSK 1059615,0.26,0.03737742451467605,0.04312397104711113,0.06405073931316176,0.1034050040746187,0.09746342809761509,0.08820649242097581,0.051139551185187,0.1069785751725803
GSK 1059615,0.5,0.0390471474140301,0.051178354638967076,0.12957191869833606,0.18421611447926767,0.11468639560905268,0.10181637112057773,0.059706775885509274,0.12195439299781048
GSK 1059615,0.85,0.042420597068830224,0.06398581586476529,0.21460819089612285,0.2897680304765681,0.13574481926250426,0.12062586405406799,0.09187014897487161,0.1448889451015727
GSK 1059615,1,0.04522723635731082,0.06714348564536907,0.24251443483786247,0.30228245288569533,0.15055826900563093,0.12963781656901255,0.10465878579890169,0.15072477740163945
GSK J4,0,0.024081880023226476,0.029492339243819554,0.03247317501241264,0.034258751379668634,0.047339398963366836,0.03419032568260561,0.026236364163209704,0.05299738758703056
GSK J4,0.26,0.022363357166762226,0.038512457424672776,0.062362682711328776,0.06658445027526214,0.056578518113006335,0.04263235109045121,0.031679141547993186,0.06230383264640239
GSK J4,0.5,0.023283460987538314,0.04424439792357187,0.13025535571686936,0.1133629637276193,0.071396631666941,0.04632611021080731,0.042616797679883744,0.06603620674702444
GSK J4,0.85,0.02582640071242108,0.05085226713324085,0.15977082261865508,0.1739970739604239,0.09154623523980267,0.05831091368828215,0.06688386537450508,0.07300666241237962
GSK J4,1,0.029154885888192185,0.05754869327721949,0.18992862820026396,0.20825115181341763,0.09081796468613562,0.06182088435700358,0.07264805719188759,0.06478664261584893
GSK-1070916,0,0.05877347956812606,0.03831682010334749,0.04726168076931476,0.05543780549466276,0.10651902418489664,0.09568239712176933,0.03372716770358268,0.11178327361337868
GSK-1070916,0.26,0.06016337437600121,0.05560376637954684,0.08500641000702261,0.0992572862188364,0.12496616805223561,0.11064421049857183,0.040564456025840946,0.13024325941464507
GSK-1070916,0.5,0.06354528304642694,0.07013781687455675,0.13760275763497348,0.17078273621408416,0.14419360853625382,0.1289455927337092,0.05091124429422969,0.15043730480196255
GSK-1070916,0.85,0.06721342159232183,0.08785495545895419,0.20438268962491965,0.2665348656328615,0.15873716275242744,0.14995773336794047,0.07870282004976235,0.19187849069631474
GSK-1070916,1,0.06893987165938534,0.09125036443250331,0.23177714110820205,0.2989217013916049,0.16693375728822799,0.1552755024361789,0.0946663461274676,0.1893521869013907
GSK-3 Inhibitor IX,0,0.03777967971320985,0.03922195063853803,0.059936297232008946,0.05076418909883517,0.05985244605274225,0.05593773229831191,0.03677222195662945,0.0561099696177601
GSK-3 Inhibitor IX,0.26,0.0397667775895927,0.04979319435198653,0.10404491380144089,0.09009033333126269,0.07301144763375032,0.06405500231955767,0.0435184738034679,0.06492799287785159
GSK-3 Inhibitor IX,0.5,0.044386158877671375,0.06326942930638962,0.15160690408050673,0.20729945060002497,0.09402535073756405,0.07660374921512156,0.05078302775255256,0.07197004264551445
GSK-3 Inhibitor IX,0.85,0.050310535459916435,0.06730028308269921,0.21940691574046167,0.3837309953890802,0.10896941191291291,0.09881910388186685,0.06855621290075839,0.09512915610040977
GSK-3 Inhibitor IX,1,0.050093060791682076,0.06488418526686704,0.26601541713512555,0.39536955676521035,0.11572299294450478,0.1062657124831068,0.07478914512764452,0.10029507552213629
GSK-461364,0,0.03360467411139686,0.03766083683162349,0.031236947135913375,0.052143352934170654,0.06922257817925734,0.06655329214704132,0.030384611583280745,0.06632290045419531
GSK-461364,0.26,0.03374187188777706,0.043793056009198916,0.058726745724842766,0.0866505726074849,0.080717642905726,0.07679202445198965,0.03456956862323265,0.07643382267354183
GSK-461364,0.5,0.03353954506577271,0.05067959836708823,0.1278061919453426,0.18424066957066876,0.088133514969651,0.08762450399950111,0.038837639158998266,0.09202282410729914
GSK-461364,0.85,0.03299630426332772,0.058432269344700166,0.22732151813406903,0.2616754140048151,0.09659957755558785,0.0958883788743355,0.04489814169103389,0.09987089013399703
GSK-461364,1,0.03347871978683984,0.06684494826772357,0.24716271202625464,0.28176743508029584,0.10283490170336795,0.10299961171754328,0.05835048183638098,0.1074761406802343
GW843682X,0,0.03030505871526512,0.04954877040985382,0.045287691711740144,0.05209905682749996,0.05124889100435041,0.04681606846048766,0.039719532664426196,0.05744078222068182
GW843682X,0.26,0.03259750407950102,0.05484788115647893,0.08504482630103907,0.10487657795648453,0.06012571278107966,0.05405770057794638,0.04863331318348767,0.06714494868294887
GW843682X,0.5,0.03346670914770816,0.06153646436699127,0.13751367991129812,0.20318240634419152,0.07426107407291412,0.06469448214243288,0.059032233075176105,0.08281979556430424
GW843682X,0.85,0.03264833060533159,0.06744474077117314,0.2391609311266598,0.2670714221972787,0.08694722067192413,0.08134058610305904,0.09344036471428137,0.10273831498052835
GW843682X,1,0.03307660715955167,0.07038135732749336,0.28212828166226056,0.30366207900855907,0.09898504755455276,0.08957280322761457,0.10650032733295622,0.11158929250778012
HG-14-10-04,0,0.03125791032331532,0.03917641595082801,0.03185705380284776,0.026940782989664867,0.04839275846452771,0.043708535060561826,0.03788690618599951,0.04927170414610886
HG-14-10-04,0.26,0.027102443485504762,0.04036390003424772,0.06327346543099255,0.06686510501063207,0.05507401188350172,0.05031760052723599,0.044103406874530036,0.05520353349005332
HG-14-10-04,0.5,0.0315015986834525,0.04666319052120385,0.1123335320231418,0.20973467603303167,0.06983855012330265,0.05942927834139255,0.05324216542910745,0.06405615349671168
HG-14-10-04,0.85,0.03811144248856862,0.047979665205858536,0.21690083895658466,0.2691512958554181,0.08438548333108377,0.07800318855235704,0.08777541757932758,0.07828314008018661
HG-14-10-04,1,0.03610077734311839,0.05473551803501424,0.2512383471646553,0.2789480768978229,0.08301267061363264,0.0765747928970042,0.10321263738481501,0.0823382241855348
Idebenone,0,0.025730215616899046,0.044105548946862146,0.042433703855798456,0.03523807536580639,0.08877315262786843,0.07929068108416759,0.03385142538489428,0.10972167091815704
Idebenone,0.26,0.028719789430325927,0.057603379446089883,0.0879492170050485,0.10180836787679322,0.10405088514714884,0.0921728126801459,0.0399540280622579,0.12863463342017686
Idebenone,0.5,0.030473944506954675,0.05735810979780824,0.149927377073527,0.2328199967258324,0.12243382906391906,0.10571778889444289,0.050281476070793564,0.15915470197780976
Idebenone,0.85,0.035811358114335244,0.05351893757984242,0.22141554374481476,0.35322613384934726,0.10170777409902672,0.0933495484433274,0.04919537442380651,0.18829603895026745
Idebenone,1,0.03568906740978899,0.052715200116555366,0.22171308423507602,0.3977131203923842,0.11456949378048309,0.09067734169083759,0.06185801468081455,0.19313540939106358
Idelalisib,0,0.03467657388628714,0.048412069638847324,0.03687919964557427,0.02935961326451486,0.06545220561670016,0.06205098586472267,0.03362435836892669,0.09388720399999659
Idelalisib,0.26,0.038332081781744506,0.06352668726860164,0.06758475175306192,0.057368250759092076,0.07966431225078552,0.0732206155108454,0.039976178889910806,0.109812365717808
Idelalisib,0.5,0.04011217543894162,0.07319873312189293,0.12471670853103478,0.2000387120986391,0.09446780697151881,0.08594836106971708,0.05092549131964789,0.13080033582941603
Idelalisib,0.85,0.04378501821628943,0.0754607383894194,0.21114502069633662,0.3085915208321995,0.10869944559258217,0.09561007036867375,0.09826915345355315,0.16225149450307097
Idelalisib,1,0.04294435831290065,0.08580219169056227,0.25084333817239496,0.3435220744733677,0.1220835897428187,0.10778605522185265,0.11107593820560216,0.17145497497354223
Ivermectin,0,0.06659045291478628,0.034355032111547466,0.038692677084957904,0.04695571469736991,0.1692189724630781,0.15455193582345,0.06299144984657185,0.1620145332439202
Ivermectin,0.26,0.06953465344373125,0.03875298653439604,0.059527488591239616,0.09662065181317005,0.1825317376156329,0.1699445632181735,0.07440012479586823,0.17594020217572032
Ivermectin,0.5,0.0706558303093679,0.04144033716481586,0.1122007806424772,0.20600180436389873,0.1937439535404089,0.18360545527524352,0.08518761670691775,0.1953505391390392
Ivermectin,0.85,0.07954763356891685,0.041313823734798374,0.21852025792000984,0.32497047812252783,0.20200106529247772,0.19359184366455565,0.12683730561190074,0.22137066709718337
Ivermectin,1,0.08181622732902245,0.046176994754681636,0.19489249591363705,0.36379656914881137,0.2025819243285697,0.1885802654276277,0.14638233572827347,0.23426844376549125
Ketorolac,0,0.03467173005024142,0.05085264305457609,0.044741905427891596,0.05688379493562475,0.05872203525944035,0.05536315795633776,0.020602686546197225,0.07329662560292008
Ketorolac,0.26,0.03080040323068574,0.062492014216005316,0.07460664289184543,0.09159941782674542,0.07119328326283296,0.05885800647656884,0.025284435485377815,0.08450423477518225
Ketorolac,0.5,0.03529028391066738,0.07642776855924674,0.09927605319888609,0.16095473335160793,0.08210834941435931,0.07190961943011266,0.03506615875298215,0.09826250730450245
Ketorolac,0.85,0.038679217772922526,0.11210477267910726,0.15858203352531228,0.2512064184600748,0.10275350628533907,0.08218451656095019,0.07247219340543941,0.11521484059388377
Ketorolac,1,0.03921998060007809,0.12394143898816287,0.18865596457540373,0.32558053942837184,0.12122505844115627,0.08728919724731483,0.09380691620303912,0.1336345202255688
Lapatinib,0,0.03520007080532447,0.04329598185516793,0.03946290258137218,0.05216213256995839,0.07557558026244691,0.07419503235903481,0.04568472133606951,0.10419934024917292
Lapatinib,0.26,0.03557890527832894,0.05111379527515827,0.070407661814754,0.07401437992770052,0.09029789582628006,0.085753886498253,0.05447478175623226,0.1231219856791147
Lapatinib,0.5,0.03965318361553481,0.0602222951669203,0.12108671146381772,0.14492805019240373,0.10885657297656622,0.10171800158525098,0.06745454274415771,0.1425117931238627
Lapatinib,0.85,0.044013913254546275,0.07977940119613706,0.23175866458437816,0.28331201494169755,0.12051384913140553,0.11339204656364694,0.09697968446935398,0.18459364680845716
Lapatinib,1,0.0437365953926508,0.08944769896853738,0.24270770972688502,0.3177224144434347,0.13791118852149561,0.11779347350926879,0.11182850410162935,0.19709881388457634
Linsitinib,0,0.02788032734754559,0.04490739406735447,0.04773799712457121,0.04965425097609772,0.07801990609146468,0.0768994125627603,0.044896973290850295,0.07433031812739677
Linsitinib,0.26,0.029894743822586098,0.052716556207591934,0.08463931778728152,0.08675677177398908,0.0900408028161625,0.08775579302213961,0.05489373352347929,0.08568628265698226
Linsitinib,0.5,0.03293853681408582,0.06594285926132028,0.13828415614007566,0.17574230552643993,0.10167626191198323,0.09707558640803413,0.0648378506860292,0.10046167006284683
Linsitinib,0.85,0.03686040032677603,0.08592741613624726,0.23483446722416942,0.30128209400385814,0.10784838072957918,0.10587826494758794,0.10636920922218017,0.11917267854198241
Linsitinib,1,0.03986471975627339,0.09278161285182292,0.24385773288305757,0.31979675459342466,0.12026175894807471,0.11364136110099873,0.1275144347762722,0.12197442942307607
Maprotiline,0,0.03522387368019373,0.03524554563980474,0.04236745276494221,0.054294328031407234,0.07917192831254964,0.07602559925499332,0.036522421017675936,0.09689968088606987
Maprotiline,0.26,0.033396371788529756,0.04759316832659293,0.06847938152199755,0.07432800685815727,0.09116131179806095,0.08776286440767049,0.0463507055461735,0.11042080481288691
Maprotiline,0.5,0.034010639305101606,0.05863780223357056,0.1414289143882552,0.15597605407763623,0.11233284024846835,0.09477477582472668,0.057965557974603135,0.1302812578092039
Maprotiline,0.85,0.03726274647053614,0.07216972189880942,0.19578142984705682,0.27186457461345714,0.13081711503577115,0.12047379592447448,0.09509363421725792,0.18165798961642676
Maprotiline,1,0.03720500592656434,0.06906741204889265,0.23185832824182578,0.30062161718101327,0.14621234775873113,0.12700038500575128,0.10723708097581278,0.1956982959598832
Mebendazole,0,0.0361799243919984,0.025642390484844766,0.039931463598876685,0.06076688162048931,0.06826194360550851,0.06916289329769827,0.040918699595626155,0.07829454533690935
Mebendazole,0.26,0.039647899509313224,0.03246010510334859,0.06282980754209412,0.0958994648488424,0.08197245357315691,0.07990665423062755,0.05113636424350235,0.090996135852029
Mebendazole,0.5,0.03731439776849752,0.03856775212098302,0.09930395170714496,0.1604918388398218,0.10047059947863485,0.09312808565777932,0.06303619710834682,0.1058868382392534
Mebendazole,0.85,0.03748855078333393,0.056099410912271365,0.19149513166612755,0.24155789897664903,0.12017300983580774,0.10942192724550645,0.08900427129818056,0.12328157092653062
Mebendazole,1,0.037350337390939334,0.06036494705049554,0.24073576255700058,0.28324889697967165,0.12929595424239088,0.1165225812034161,0.10231748098083723,0.13604081028199924
Meclofenamic acid,0,0.03344303974138307,0.04436216008578805,0.047747552735559494,0.06111002764137385,0.04850047723242561,0.055060626259604555,0.039995243661814374,0.07012097698251814
Meclofenamic acid,0.26,0.03224907716284981,0.047223392118688555,0.08497836443590903,0.08648806426700618,0.05881806875296886,0.0636198842296604,0.04998879776154789,0.08248846291030308
Meclofenamic acid,0.5,0.03376173942304514,0.040366607265649536,0.14243767374341262,0.10439430551948024,0.06656258239026298,0.07183044795968277,0.05604052619683209,0.09975014752879564
Meclofenamic acid,0.85,0.036396566544249095,0.05812913240898622,0.19474915747002763,0.22401026196178025,0.06591688900573242,0.07426648746127147,0.07248580572376516,0.12604027011106722
Meclofenamic acid,1,0.039872160223696156,0.07146231686684565,0.20447529375862508,0.2714693949948357,0.06528095526327164,0.07936787782719898,0.08427580604128232,0.14302311051733718
Menadione,0,0.033962064059331214,0.04004505586234579,0.04337188175070912,0.048971991709987464,0.07839105346577649,0.06732281630728847,0.08089735758227651,0.1312548564274388
Menadione,0.26,0.036683241342419855,0.05005602365156778,0.08030477637852527,0.09803555385345036,0.09297371598854469,0.07697445599038125,0.09233806122809222,0.15156245030655047
Menadione,0.5,0.036986960758131314,0.05332128137364552,0.1259999328568095,0.16674152573979606,0.10590602268193015,0.08884669044691328,0.10416632617980078,0.172356167121202
Menadione,0.85,0.04113203210233783,0.06208890932795279,0.1880750597994473,0.25108799330771525,0.13227356603991963,0.10555636734804724,0.12969648440969012,0.20864744944720193
Menadione,1,0.042834388233788,0.07174805359421242,0.21175673953533206,0.25512540002423617,0.146353031291003,0.11818681388455729,0.14079651324795195,0.22293283535273914
Mepivacaine,0,0.036961308526971805,0.03552172981310906,0.0402139271943345,0.06518155724045893,0.056653110413930466,0.06587781895217591,0.03573882527995151,0.061558926340691274
Mepivacaine,0.26,0.03644306046472036,0.043072503659327015,0.06957750266375626,0.12618012083901392,0.06873990075552885,0.07489901809099518,0.04300300604391797,0.07289323990290582
Mepivacaine,0.5,0.03515648608102937,0.05211553871167659,0.11347434621731632,0.19524931692767522,0.08155629029573237,0.08829969821456884,0.04912654843576715,0.08740119194045624
Mepivacaine,0.85,0.035393304956538106,0.0761758783704358,0.16938001109504894,0.26718624607982044,0.08310854957821641,0.10215086249674651,0.08446285402694585,0.11356660449832995
Mepivacaine,1,0.032438259506362095,0.08231507177640766,0.22025801316286933,0.336385073422414,0.09207235516076714,0.1119814608015553,0.10019624894346091,0.11729888446156289
MG-132,0,0.058410448789114014,0.017886583278056187,0.03504261525360394,0.02753300064168501,0.09084408216621372,0.0871940852258764,0.05144186276627327,0.06315624434300378
MG-132,0.26,0.055910214796792264,0.02050675872093156,0.05616503680047151,0.05213884945225446,0.10050254901341794,0.09612998801458822,0.058746408648771765,0.06950838561046423
MG-132,0.5,0.058509260344174016,0.022281899003021563,0.09450981780660687,0.10743000218365625,0.11814762258119042,0.10848380598286293,0.06618491871532273,0.07264054749214668
MG-132,0.85,0.06753063195022728,0.026575714247153708,0.15753126211795299,0.16845230487411886,0.13602576937212674,0.12486418016674272,0.09198644798050605,0.09321075709867581
MG-132,1,0.07303693861791072,0.028540480128997545,0.19469423731745286,0.17986714549705227,0.13668067734310888,0.12629397450503235,0.10590686578374932,0.09324260094412247
Minoxidil,0,0.034859827065945204,0.03993450519155801,0.04671054296096341,0.05240260615029054,0.0709912943784858,0.06725104041322279,0.04600792398809401,0.0895564897648979
Minoxidil,0.26,0.0314765380449251,0.046187681602031676,0.0945855338198574,0.0907372975178155,0.08386283256433195,0.07710062837803144,0.05828638309436145,0.10517887237503068
Minoxidil,0.5,0.03439725746353894,0.05183960531874436,0.1515943067734106,0.19196121984998704,0.0989863902014621,0.0869079241479743,0.06947012430639686,0.11712458694748965
Minoxidil,0.85,0.0347258902313526,0.08821581404678647,0.2354067881691664,0.31186405836829684,0.119419468060383,0.10353244268832394,0.09896060140107502,0.14283141056503204
Minoxidil,1,0.03557112791721278,0.1062694894665579,0.24419436710995557,0.34679760685053235,0.13361148626179553,0.1261306047883235,0.11893528884427573,0.15494097286311706
Mitoxantrone,0,0.03380464289328464,0.060835963812139134,0.04240232583018944,0.04590205390846494,0.07160501199602691,0.06623793805211346,0.06726311155517818,0.11809122153602548
Mitoxantrone,0.26,0.03373043646864591,0.07274068759002852,0.07559793321282493,0.07076257541674968,0.08143531398513147,0.07443299405020126,0.0776890387132148,0.13395118259183822
Mitoxantrone,0.5,0.03339979911447856,0.08246967114420056,0.12363876657544047,0.15442682683149261,0.09032374383142489,0.083447039621121,0.08759570538438545,0.15092224772770207
Mitoxantrone,0.85,0.036984712667218436,0.09748633990041683,0.18280958183970408,0.24510254525799352,0.10713068009404499,0.10047839150086765,0.11090936803596849,0.16106104129749396
Mitoxantrone,1,0.039107237583176434,0.10076316495697218,0.21239235332369097,0.2670089153310583,0.11546549463443911,0.1045574251690831,0.11373306593587085,0.17595753910687612
MK-2206,0,0.04321073525173948,0.03476906526238631,0.04865662870838909,0.06310884405344361,0.11570021216753595,0.11676241654808071,0.03706534303679993,0.1125702196877679
MK-2206,0.26,0.042990189594150754,0.04682657535627499,0.07135325216642861,0.08073317264649292,0.1341640925328942,0.13410287514291735,0.04718181897206746,0.1318321872485241
MK-2206,0.5,0.04354288557021656,0.06124671070158162,0.1254502339943661,0.15369637253534715,0.1510315240878918,0.14978347980178577,0.06124044822198923,0.1516632091442797
MK-2206,0.85,0.04496041706841885,0.08837519075599938,0.18996951035857,0.25715725657030025,0.16409332556205938,0.15905455584748324,0.08815401170783035,0.18493174543870775
MK-2206,1,0.045992406155713,0.1019410107373177,0.204261749642778,0.27519487557692657,0.1739569906822064,0.16442990453432368,0.10439927671716588,0.18662356513336598
MLN 2238,0,0.047357921489849804,0.025583348533303397,0.04239097642988384,0.03259559283508677,0.10538782181203182,0.09661940096309796,0.04532326764830586,0.09133515882457148
MLN 2238,0.26,0.04811038389958414,0.030136195712520956,0.06889707186084787,0.06045022242628968,0.11593095361879094,0.10792043258661425,0.054033377694057916,0.10192205598486993
MLN 2238,0.5,0.050952531101459565,0.03275997935516733,0.1085987881741013,0.1167429874327197,0.1370513682370135,0.11961527882631887,0.0634576434069317,0.1105677866771306
MLN 2238,0.85,0.05630813164368634,0.03541446504808358,0.1987683549538929,0.21389953327268263,0.1604213786508707,0.14264297798831152,0.0813124696635092,0.12325769347457147
MLN 2238,1,0.060832773736037814,0.03852515829985908,0.22822474104895188,0.25228784728076875,0.1677881465725165,0.1487064073524519,0.08281399140716623,0.1297770597858076
MLS004683634,0,0.04812294612035452,0.029140486580266158,0.03315912088816509,0.026337800297360003,0.06490054772030372,0.060081285038900555,0.02675153599163007,0.05720287051328809
MLS004683634,0.26,0.046575922992673865,0.03841331671674336,0.059729805415574835,0.09454852873475311,0.08380328523126372,0.07149845003405694,0.03010011094673268,0.07022243986418351
MLS004683634,0.5,0.05083002363837491,0.05141047339043049,0.17379809614863034,0.16788249493823842,0.10475618175523028,0.08333967321683824,0.037218157092023654,0.08436890819668656
MLS004683634,0.85,0.054444247444730316,0.07977361364858279,0.24225438906950783,0.28696421536478756,0.13021180937082363,0.12066244980234858,0.05998790751271362,0.1071088893955614
MLS004683634,1,0.05196176271414979,0.0903636926471519,0.26453579401275185,0.3246445602083637,0.1603806815500655,0.11778950097518626,0.06300517795665138,0.11077980928033813
MLS006011051,0,0.030807322018701035,0.015862619283883907,0.04725005616576074,0.05732217350883698,0.07483130017588137,0.07715836980560443,0.04847697025653646,0.11292698208214524
MLS006011051,0.26,0.03201317962840741,0.03194642669964473,0.09216108899309564,0.11877878686565856,0.09059167611582594,0.09106296744931784,0.05903411132475871,0.13142553809863936
MLS006011051,0.5,0.035744444034247154,0.039227943938049806,0.18050314218026467,0.19512830106724283,0.10121915232699552,0.10282096020990937,0.07344843144839883,0.15454591977228754
MLS006011051,0.85,0.03546393724880456,0.039561997580416584,0.26221685662467464,0.27405692351568883,0.10616748516439652,0.10999096185842529,0.10855483330898667,0.17511108291696711
MLS006011051,1,0.038830969363731635,0.04858557311831381,0.2961583392282557,0.2813616861127339,0.10638473971964899,0.11689144101177745,0.12650710268626336,0.18573120018241554
Nafronyl,0,0.04517725918131148,0.03487384154130424,0.05318569768384122,0.0680026966738599,0.046282890843824497,0.05863982504424995,0.03104351166930583,0.057333626097861766
Nafronyl,0.26,0.04051897220378694,0.03778226249448225,0.09369183503951321,0.10295170540078952,0.056048016022697184,0.06533995977393799,0.03741749837702168,0.06757561285897895
Nafronyl,0.5,0.041419922288205145,0.055079072141658206,0.1352343533998358,0.1874918351201444,0.06138793288190723,0.07698300070503031,0.04529771242063802,0.08398832088384015
Nafronyl,0.85,0.04015980665822716,0.08413905587444943,0.20438684764195103,0.2514013010778755,0.06431194965361044,0.07932145077183733,0.07488303466967097,0.11469981249110747
Nafronyl,1,0.04148112140438731,0.09732157682496284,0.2405107705465135,0.2833459281230662,0.0617887443579225,0.0796947851623458,0.09117799688811906,0.12538673275353976
Nefazodone,0,0.03287426332640252,0.020746197281371614,0.035367918961951066,0.06067202407002374,0.053029347209621845,0.05079677406138991,0.02973351996635671,0.06213484923615717
Nefazodone,0.26,0.03264537754425973,0.022282590878124175,0.06791779431215977,0.11632217362756865,0.06352073651596464,0.05849308646611235,0.03513445921840844,0.06935192784974178
Nefazodone,0.5,0.0330251753603752,0.030401531918286286,0.11145883859883375,0.21243334816081633,0.0766574979278683,0.06793348919101291,0.04414266263341941,0.0883720958144141
Nefazodone,0.85,0.03750861208285985,0.03604151098480606,0.15794878479471317,0.2848094896672161,0.08254503335737479,0.08327233081977654,0.07721840492349516,0.1046923822973305
Nefazodone,1,0.04040756404094493,0.03943027498391232,0.18793785362667945,0.3053854670664308,0.09466050867643866,0.0920276419454027,0.09696706468751573,0.10511193532804865
Neratinib,0,0.03472402125914185,0.04159968675031654,0.03203659710185317,0.0418254257362634,0.05906204563128396,0.05072004540847456,0.03118961394314824,0.055330961704539675
Neratinib,0.26,0.03498679789106426,0.04968843867270323,0.05761353775612894,0.08840308825705458,0.06553098786713989,0.05756362030149535,0.037594842356660066,0.06506723315354367
Neratinib,0.5,0.03565797549706399,0.05613182185404522,0.10737273160615285,0.16993784484631771,0.0717545865528753,0.060528497154143365,0.04691433873969303,0.07493869004335482
Neratinib,0.85,0.03630531418731684,0.06918831822344929,0.17239053328967008,0.2794311603297477,0.08392944871798716,0.07328023160066796,0.0666003093479913,0.09390531572287075
Neratinib,1,0.03597591773050771,0.07826469053355893,0.20095631970862107,0.3349900854947892,0.09388152670087095,0.07795598797627237,0.08374908967799635,0.0977152762145446
Niclosamide,0,0.06199073238924645,0.044127527597211,0.05967296947395211,0.04425043410705335,0.13449316103848374,0.12405762332307899,0.06096051372715942,0.14531912723245136
Niclosamide,0.26,0.0608760161454618,0.05169455870590513,0.09706405519648506,0.0761584100782196,0.14841876499073176,0.1359082426263769,0.07353471114918057,0.16151607052590425
Niclosamide,0.5,0.06387521409003305,0.060491328636225056,0.13634237845558167,0.11471445876265023,0.156801107875883,0.14768363859625666,0.09172532734212961,0.1734873344908336
Niclosamide,0.85,0.06747824410926495,0.0745797400363016,0.21667730454651923,0.23434121096970603,0.16675120772449079,0.15598574588782668,0.12557466919579113,0.19653284538696303
Niclosamide,1,0.06910797769381882,0.07725317732085239,0.22763822377714465,0.25381347934909293,0.16542203609511083,0.15835010173008263,0.15175870080938342,0.20235543562899724
Nilotinib,0,0.03714757762776068,0.03988137673618812,0.05614424459394673,0.04468657767458656,0.0765633577034887,0.06719280990153062,0.07726083601865505,0.11787603073089986
Nilotinib,0.26,0.036730392170831405,0.05043426482254544,0.09037497409878008,0.09032952772016532,0.09286037245386744,0.07902565278932563,0.09023443074178253,0.13594021076493995
Nilotinib,0.5,0.038651918465992585,0.06038340598773895,0.1363594467830196,0.17599792161021358,0.11240109854886235,0.09552678544570048,0.10607934417129251,0.1573197850687755
Nilotinib,0.85,0.04038216201981211,0.07923721745108366,0.23704749213497514,0.2821552955729715,0.1379851812007511,0.11756904798527981,0.1362673583839539,0.18419654443476702
Nilotinib,1,0.04297747165938492,0.08807324823575838,0.27945862423907425,0.29968365770250516,0.14671665487483684,0.12611345456979725,0.16060249615637473,0.18923661332504066
NSC95397,0,0.05812525827217912,0.04240563322749,0.04254513961109563,0.026951780585616918,0.11942412849188289,0.10854950956605229,0.05850148980136713,0.14127426875781365
NSC95397,0.26,0.05719631446421519,0.052513906306609605,0.08471337542862888,0.06543660036577098,0.13809391309141936,0.12357136067511035,0.06764728396131323,0.16088162993180857
NSC95397,0.5,0.06062892201393018,0.06267502027680348,0.12094590607666561,0.13213573243545246,0.158857495735523,0.13574707339625955,0.08005510660761965,0.18095076363409185
NSC95397,0.85,0.06398512376615725,0.06717679941996373,0.21452907633812998,0.25912778194481256,0.18619170683621422,0.15377247024064963,0.11609637018043668,0.20662826196689021
NSC95397,1,0.06540070283392649,0.07155536700403009,0.23016889273018304,0.29224527701467623,0.1902647213014771,0.16085147942484393,0.12393369424502292,0.1987548176940302
Olaparib,0,0.04257789169126172,0.03708372181884565,0.03803982924700429,0.06430500616360539,0.07338771175314744,0.07379454443360758,0.03919724690683912,0.08509354861572818
Olaparib,0.26,0.04336815608938217,0.04515981129642879,0.06973612009151171,0.111427659293468,0.08686960314809332,0.08398113606296995,0.04584445803928315,0.09981308624015076
Olaparib,0.5,0.046453851341501894,0.05632659231074793,0.12371828860542415,0.1751483648198942,0.09858240059066382,0.09583655748311204,0.05663994794184383,0.11974598019458442
Olaparib,0.85,0.047624873145927935,0.06495688253485116,0.21304407319934737,0.24752512005459204,0.12361358653003754,0.11448913334476234,0.07201870584037963,0.1467973179433155
Olaparib,1,0.04972099013783937,0.07544856037792383,0.2629314711652285,0.29035860516027123,0.13165397381215527,0.1297364175724157,0.07917045995101658,0.15759443798034586
Parbendazole,0,0.035309859128879954,0.027229722204845107,0.043608499385128764,0.07180076949736738,0.07303385384061006,0.07826769771138864,0.045833666058001765,0.0770406395294552
Parbendazole,0.26,0.03760741217770478,0.02858030390324417,0.07753150871547744,0.09041638355761526,0.085669148320066,0.08849523011583992,0.05343217619115679,0.08964081572401325
Parbendazole,0.5,0.037432387797382435,0.03489419956360514,0.1327388539633949,0.17620559453387089,0.09995404560365823,0.10164440082734513,0.064132042196585,0.10760778647644811
Parbendazole,0.85,0.03856408604303423,0.04265509988087457,0.23534365300311177,0.20057334779406827,0.11625690836891532,0.10887073679152512,0.09513430756712925,0.12414719031038442
Parbendazole,1,0.040114147435032076,0.03865559731184949,0.27081112376195315,0.2171357455811408,0.12698890688449377,0.11977697923720175,0.10981638330263702,0.13334643012986103
Pazopanib,0,0.031975419160928886,0.04232511299529386,0.04089058252790194,0.03978806788152234,0.08575413859823816,0.08178457021568573,0.02896898217912483,0.09812993484769296
Pazopanib,0.26,0.029291565136730424,0.05493270060359268,0.07734084818395043,0.06946814661393604,0.1004486292956824,0.09363419017651964,0.03309410751665601,0.11382949578289381
Pazopanib,0.5,0.029941268652895172,0.06872084834973827,0.13685404899320397,0.1575529133142009,0.11008167521724863,0.10362740454323792,0.03873165683504718,0.13102656742188604
Pazopanib,0.85,0.03819343918430687,0.07276480569775753,0.2470653314185709,0.2859031685608789,0.1275608468721403,0.11350258978125338,0.06749777478121327,0.15612872352400067
Pazopanib,1,0.03663183832158026,0.08461489993713348,0.2746006245698844,0.3039273541668507,0.1277507831618977,0.11762953405905942,0.08302665790126955,0.1502127736638783
PD-0325901,0,0.0400497823836166,0.034466836230220906,0.05329300405303437,0.05520501133548602,0.08769069102735565,0.09034705662167339,0.045004046332276657,0.11948245323460303
PD-0325901,0.26,0.04055447230927703,0.04282825694326988,0.09646875176887498,0.10979785502828737,0.10591069144484798,0.10421097120528121,0.05530251628111934,0.14144256168835118
PD-0325901,0.5,0.04067543014713876,0.049243214388314194,0.15625086187967113,0.20084339800933648,0.12881727625961195,0.12313361030096726,0.0669038240926813,0.16999165018841325
PD-0325901,0.85,0.042586521351303204,0.05690290456692663,0.216268476337178,0.3047830870573449,0.15029844049790722,0.14331801152214896,0.10680036539146535,0.22289008893212867
PD-0325901,1,0.04388121889356652,0.06882778404372022,0.22036272047160219,0.3189580012988183,0.15588233356083167,0.15192922843645665,0.12690510043565748,0.2276388390920777
Penfluridol,0,0.06993461385442902,0.06286978274265444,0.04042538181974068,0.05132985811735071,0.1331065586441365,0.1220243065188519,0.1217944727670155,0.16831924162385672
Penfluridol,0.26,0.07184285689022585,0.0683359833794753,0.07093987659391869,0.07571911263251695,0.15090228481441484,0.13978315788772397,0.14102561094908234,0.18529556918541962
Penfluridol,0.5,0.07527664241950582,0.07308131130798538,0.11379158311338816,0.09972125934207067,0.1583689680638716,0.15101099136688728,0.15715498333121428,0.20270713353106568
Penfluridol,0.85,0.08151864223358612,0.07630130567643999,0.16246169466106575,0.19835745533526994,0.1890229475151455,0.16350131216541075,0.19251169723827619,0.23345656956755687
Penfluridol,1,0.08240082654236144,0.08269336406026315,0.16433615910888535,0.22537295799341409,0.19233547612365254,0.1724580792627875,0.20422487171714818,0.24652416362223137
PENICILLIN V POTASSIUM,0,0.0479001447160772,0.026707774570261328,0.028787415480252623,0.03770599775307281,0.049525178092804704,0.043046112373008275,0.030140227974107377,0.056016430639769396
PENICILLIN V POTASSIUM,0.26,0.04703123078719302,0.033789393184336686,0.0628039388932256,0.06524413564573174,0.0584132665998458,0.04969015645029024,0.03666905016675103,0.0655233527406585
PENICILLIN V POTASSIUM,0.5,0.04969257637274471,0.04122444356838049,0.09532189663942299,0.1447719601933485,0.07008393820056734,0.06008053376951587,0.04920285821713695,0.07591355941331446
PENICILLIN V POTASSIUM,0.85,0.05570580217592803,0.07018900419382738,0.19152227571169186,0.20462280031869254,0.09668344740048362,0.08132690787424064,0.07216334537232293,0.08981560307771917
PENICILLIN V POTASSIUM,1,0.057774319960666766,0.08412223973115363,0.22757835180884337,0.21335800781749434,0.09963433840507789,0.09932076815460683,0.09098422919934712,0.09204328507845257
Perhexiline,0,0.053435657604651736,0.045941184288452085,0.0630844236649925,0.06409264213172253,0.13977818504790687,0.13014238298608,0.06440249022437466,0.17466551541049502
Perhexiline,0.26,0.055820329173094006,0.058149334870035235,0.11274031048613882,0.09596156528845422,0.16014504602095778,0.14769541792729868,0.0766992629044362,0.19869029838175414
Perhexiline,0.5,0.05473223450630409,0.06718409623773802,0.168598037110286,0.19148380436760565,0.17759237966302763,0.1653516257847713,0.08822142798105374,0.2209976382445998
Perhexiline,0.85,0.060507467193868965,0.08132592515229635,0.23268715650550595,0.2574720817136996,0.2028578220273875,0.175319773260865,0.11917570035154558,0.25102566754929456
Perhexiline,1,0.05876569026223693,0.08666007949496948,0.23433030283872266,0.2866362469011969,0.2004375489533651,0.195211984386119,0.14195049427520648,0.25526639736110934
Pevonedistat,0,0.027546772727012288,0.057318781212356555,0.033406521610461724,0.03190128189293494,0.06575971544051461,0.0635827573661745,0.03825185517363794,0.06679786054962479
Pevonedistat,0.26,0.027061973964047775,0.06971833892071427,0.05473966844143555,0.06077107507567725,0.07728049263082908,0.07409852198502169,0.045216268425414,0.07771955825935031
Pevonedistat,0.5,0.029472265501711413,0.07451954699427746,0.06779894108141411,0.15319797936569227,0.08905104656833508,0.08235816970413501,0.06113246159519588,0.09100795782389619
Pevonedistat,0.85,0.033841283248633613,0.08696132413228128,0.1110992894430494,0.24291199864762464,0.11470426259531662,0.11352907517861004,0.09902633999386465,0.1209144647717159
Pevonedistat,1,0.04009084060447985,0.09613670639334382,0.19074665410383176,0.2617430050000508,0.1253792887379507,0.11719108471626336,0.11754641299468875,0.12740571182822893
PF-562271,0,0.033094824380804994,0.044928272766934334,0.04072669843935755,0.040108559525232304,0.08260921685588042,0.07433017383557501,0.05611358669128577,0.09333339091477523
PF-562271,0.26,0.03511869995979744,0.059876279598972924,0.07141842659432804,0.08458305433751162,0.10256749050546418,0.08800640346152361,0.06589008296011767,0.1094178903019643
PF-562271,0.5,0.03339342977094201,0.07464744113603826,0.1359791181084753,0.13218528485603273,0.12398103041942422,0.10442264509392024,0.07449584881541452,0.13216079913664258
PF-562271,0.85,0.03364868930006866,0.08263690737606343,0.2606427793015805,0.19051251235734948,0.15212170828544772,0.13149668428018832,0.09615376230464356,0.18229214389007478
PF-562271,1,0.033417749997938666,0.08720718847178104,0.32260582021335255,0.21109978867520016,0.17439291647846591,0.1440292107426692,0.10570302969926276,0.19655875833191014
PF477736,0,0.04507804167986471,0.052291480586162106,0.03516747688655852,0.05770475803149736,0.07247913014092247,0.06557978332385693,0.0738750631458934,0.08697107306266978
PF477736,0.26,0.04431332897380895,0.0657142514768575,0.07191231927864403,0.10710750778410712,0.08734651066316196,0.07580909503552788,0.08523127687695757,0.09994665775547461
PF477736,0.5,0.04675464504436653,0.0730848818500304,0.13660052234854533,0.19158668541999713,0.09807592598846297,0.0850091631011465,0.09447586886763053,0.11691457961771323
PF477736,0.85,0.04837691570769671,0.09013964492251222,0.18748999577550968,0.3367731226484594,0.11105699452496809,0.09735366731270588,0.12447838130534018,0.14493540572802777
PF477736,1,0.048695910545164596,0.09936247971920535,0.230079729767952,0.3478565939235452,0.12651315336634747,0.10617452374769408,0.1403595814104847,0.15432101347113364
PHA-793887,0,0.036800439707766947,0.03396457016637898,0.036280484885136785,0.038066640142430754,0.06762535371793929,0.06037163582303612,0.04716686660858739,0.06519867016791188
PHA-793887,0.26,0.03719448595564116,0.038102131067987675,0.060583052858377305,0.07948463898888482,0.08073120228956199,0.07051968858036964,0.053787254727091234,0.07594325977108714
PHA-793887,0.5,0.03646457098749265,0.042363668981589234,0.13353780153884,0.1680963769382634,0.10461720697822438,0.08315830545761618,0.062175783506076575,0.08766350099685798
PHA-793887,0.85,0.038805676381418394,0.06270638286104968,0.19584498733149314,0.2714272235038161,0.12089854690548388,0.10276631772180576,0.09052686548867038,0.10660876419516474
PHA-793887,1,0.04142189331141593,0.07010395269623362,0.26318007163886237,0.2793888652226369,0.13350562768706278,0.1085576580366073,0.09866041398556173,0.1063096605197537
phylloquinone,0,0.051193661313773835,0.045331995451075906,0.01973486212930363,0.0572565865643384,0.06197776280410757,0.07128219016175294,0.050534764868974964,0.07995250513425603
phylloquinone,0.26,0.04812459162508977,0.0537371254359028,0.04163430812044088,0.10613121839603819,0.07007194195874328,0.07970327870610627,0.058176808713899485,0.09058701399426479
phylloquinone,0.5,0.05197557726219707,0.05540290213751514,0.08001130953573406,0.13549486006744574,0.08675200482024721,0.08809289932819028,0.06618892009330915,0.11673981758669497
phylloquinone,0.85,0.06128269926427635,0.07048995445302521,0.15756883825094262,0.23930021584798697,0.0931358597426724,0.10548104266985735,0.09396030499474922,0.1397302574782934
phylloquinone,1,0.06094264002764383,0.09170689198346546,0.160695747974391,0.28572025583814525,0.11157203073753418,0.11091640917984946,0.11289202968557123,0.1387235831652759
PLX-4720,0,0.03278807979421741,0.04633541001944681,0.04474800132471608,0.05757408705141037,0.09861578325153547,0.095961246699588,0.028489384725584897,0.09391385707197664
PLX-4720,0.26,0.03337895703571085,0.06027402079700642,0.08123064891763153,0.1024125411065811,0.11578172104778495,0.10967768769258746,0.0345155189649025,0.10904913653997984
PLX-4720,0.5,0.03422767671109433,0.06882135350820325,0.14834805638515236,0.1785884663353455,0.13468718224711612,0.12424615527262078,0.043190570072298616,0.12865845163119843
PLX-4720,0.85,0.035688139834018445,0.0801135864656339,0.2513198117189895,0.2591681502621963,0.14392616872910927,0.14157824485984766,0.08218151817713941,0.15706987888405963
PLX-4720,1,0.03545941090396159,0.09260787666702033,0.2676293223601939,0.2861062409821897,0.16214127529683883,0.15244815728221112,0.10683328978943733,0.1514831293114433
Podofilox,0,0.04909696158423102,0.020309029444417558,0.04904554231326388,0.051747827138101464,0.0646098026805042,0.06949392230191331,0.023335280509730365,0.05808692570048088
Podofilox,0.26,0.04945126167379559,0.025239458708924578,0.08019771485816221,0.08805202595572671,0.07730654434323472,0.07839107011176254,0.028201061326423547,0.070625442080047
Podofilox,0.5,0.04720849115276975,0.033285524146063644,0.12435948604946925,0.16577514702813725,0.09401767740676972,0.09320423332574734,0.028798398157105293,0.08793284252749216
Podofilox,0.85,0.050339842776808426,0.057610161342160286,0.195476806988214,0.25201391683332053,0.11997365228203458,0.11736371210800531,0.04206357693419785,0.10642626615162173
Podofilox,1,0.05388805962936489,0.061710131895068986,0.23268366638474913,0.2743406494902428,0.12565676590992728,0.12400609143594735,0.04806268044518948,0.10904227092893518
QL47,0,0.025403193483220943,0.03865672028241818,0.04781398132417492,0.039003949331653215,0.07850616027441118,0.07657894595410288,0.08573161717803231,0.13232026385800685
QL47,0.26,0.02384530622538327,0.04291230472591392,0.09849129657846913,0.05701168398990932,0.09211493424841777,0.08693323829248208,0.10154291709245865,0.15138679464603294
QL47,0.5,0.024434550317061474,0.045048735973016486,0.17783078826790816,0.12642996952242525,0.10421576021841199,0.09643901053787002,0.11558384523469516,0.17009596932760537
QL47,0.85,0.028591742984545497,0.07376181990751599,0.28617509850092476,0.27978808467180344,0.11382306864530604,0.10821075607443496,0.14800271235291726,0.18877725044887414
QL47,1,0.030007092515696082,0.08402568853923847,0.3006290589849932,0.3059913881290403,0.11094248047531972,0.10655584842060348,0.1683294605682523,0.19868266523878633
Quizartinib,0,0.044190238334655664,0.030493103702991055,0.05677133749049484,0.05212352883359924,0.08932149850089663,0.08186623468800681,0.05103515842569552,0.1163769769414391
Quizartinib,0.26,0.0461834207388792,0.04409428289401613,0.0964901009232443,0.09301326625672135,0.10396223115010897,0.09417414078561574,0.05789904696577346,0.13485560372583344
Quizartinib,0.5,0.04970033059309377,0.05724551645331278,0.15783218404240074,0.14468132831339112,0.1135605814566202,0.10377039139748596,0.06855642944525131,0.15424643636804164
Quizartinib,0.85,0.055787189983258746,0.058367458406598204,0.21744982815960828,0.235594245162268,0.1245467893281234,0.10819223278744594,0.0919202592540455,0.18809618208605547
Quizartinib,1,0.05709502548387755,0.06513658171929873,0.24107781027382089,0.24625211781645748,0.13750557283284232,0.12061595608822973,0.10718555109590461,0.18307388051960927
Raloxifene,0,0.030416662159978892,0.0392728118613741,0.04209661937010474,0.04145131758042337,0.08286222185579305,0.07789308172729165,0.029124424797862484,0.09003184317948276
Raloxifene,0.26,0.031575961296960435,0.052864139283057505,0.07347678378461714,0.07916451450731607,0.09445392936204706,0.08974426212487924,0.03618340807617589,0.10302625538897116
Raloxifene,0.5,0.032337563084677445,0.060362786920675274,0.11793895127841482,0.1654508930413792,0.10958881336952497,0.10064064520240214,0.043851551408299015,0.12019370733394596
Raloxifene,0.85,0.036057045049857364,0.0797733742589616,0.17033610608321356,0.24045066322011985,0.12073363209762993,0.11213301109414905,0.07056021766611471,0.14811912016373774
Raloxifene,1,0.03660979670104076,0.08537067990199064,0.20041414950079472,0.2735956511434737,0.13021997286126377,0.11307393819926063,0.09489103880607799,0.1640781232424427
Rifabutin,0,0.043698711699701465,0.033790089337136016,0.028868649267948483,0.02999130640967065,0.0630844547798321,0.05790734797877177,0.03550752418191325,0.07885790692825516
Rifabutin,0.26,0.040275819584770285,0.045202926383153826,0.054777823669648215,0.08443740074613446,0.0766603437064554,0.06662677426906348,0.04333789026011744,0.08983637001622183
Rifabutin,0.5,0.04494338328987241,0.04793569175625086,0.09112039273992621,0.12962874591733034,0.0972410742566432,0.08092572084957317,0.04514574383283289,0.10836679526995757
Rifabutin,0.85,0.051200249457480744,0.07535165683245432,0.14576551956463973,0.23532662626032358,0.11361579248768995,0.09448716866308136,0.07250026172065725,0.12825169840696685
Rifabutin,1,0.057262554715397464,0.08346004746364448,0.14406942616607823,0.2456990114338403,0.12693340110710546,0.09787831519147223,0.08699361088955407,0.13624775142551274
Roquinimex,0,0.048012259967625925,0.036236415374955665,0.04002765040998369,0.03832530122569992,0.030475828052567565,0.022965271420931754,0.041688308877331874,0.047718100738507054
Roquinimex,0.26,0.04450273053156648,0.044407824182521774,0.06685880945943887,0.07697564095704221,0.03521344703741821,0.024886341152376673,0.050397042100121414,0.054421235544887106
Roquinimex,0.5,0.04572530027305178,0.05473853254637894,0.11490153706551882,0.14653053428895316,0.048589479165739885,0.0303345385468264,0.06232463842735234,0.06321859796683495
Roquinimex,0.85,0.05488940153752281,0.06371897522570304,0.24709801135464107,0.26287709155248623,0.06118512326683321,0.05069378095810454,0.10031408687490832,0.07473116073288975
Roquinimex,1,0.056270650459930675,0.07156183782480778,0.2671012583342308,0.24962741623449558,0.0787342554662499,0.05622447517986526,0.11324218807580295,0.06293824871705651
Rottlerin,0,0.04343731225074132,0.04183216852347071,0.05299696342633476,0.060974889275838724,0.13759967756846883,0.1218007109674975,0.049760015639141265,0.12817819291163068
Rottlerin,0.26,0.04565079930703998,0.050438066104763,0.085057068187319,0.08796723457407538,0.15358633350431722,0.1371114055268377,0.06158477379560796,0.14237727512084733
Rottlerin,0.5,0.050387295057090574,0.05792099487552293,0.13388972909084376,0.12475134039658056,0.16308701419945432,0.14952818470360615,0.07132994472546261,0.15965294868753527
Rottlerin,0.85,0.05808598183010112,0.07160338628574485,0.20611103460408872,0.21313680294165926,0.188303736512768,0.15981671968122224,0.09705602748687928,0.17981658537214493
Rottlerin,1,0.06111289174726594,0.0768787694188285,0.2068596748175434,0.21858113286850955,0.1966557292895704,0.1684282974769411,0.10810156910016452,0.1882566771531699
Ruxolitinib,0,0.03523601774957404,0.04224751087582957,0.03972594412583376,0.053799590572460296,0.07410604718097605,0.07521463472510943,0.05065554291469553,0.09141942902376778
Ruxolitinib,0.26,0.03819179959885213,0.04968622525574674,0.07483865648772617,0.0980297413291872,0.08959220461752847,0.08721465634352217,0.06286349458904014,0.10503081087822026
Ruxolitinib,0.5,0.04197905311425583,0.06417417596661532,0.10677169621810449,0.1407172984294055,0.10477287468987834,0.09752534756351626,0.07626833841560567,0.11968531251278824
Ruxolitinib,0.85,0.041914440206136036,0.07357857928029408,0.15583925004198174,0.23610103088613194,0.11680652834479373,0.10864991875504258,0.10285017664865582,0.1437237263868716
Ruxolitinib,1,0.045428619469397115,0.08634738241518486,0.1717672080219837,0.2611280809298241,0.12405623209937029,0.11281583189390666,0.11481165273496974,0.14713311920200786
SB743921,0,0.03757451006098796,0.013311770259760785,0.01928435666095374,0.0344981611070939,0.08711260010745454,0.08338091262881736,0.05583064660690697,0.10097606691814537
SB743921,0.26,0.03619068070425013,0.01510314633611852,0.04522766375905943,0.048471705658951966,0.10187074668077753,0.09637515836636226,0.06852745665255436,0.11709612420711586
SB743921,0.5,0.03744808095400228,0.0289840437541652,0.07435438095064371,0.0700859498299756,0.10774700432029548,0.10815697710065078,0.08138305927104493,0.12973045991427679
SB743921,0.85,0.03970926500676871,0.038166203124004296,0.1739778041220877,0.10537293015925273,0.12401233781392763,0.11738907066929123,0.10390812239387898,0.13257596782872264
SB743921,1,0.03991481320805796,0.04530471407679915,0.20084760029887863,0.08993830952262483,0.1164350734679232,0.11674760101556197,0.11718655582833229,0.13255650624514387
SCHEMBL1564574,0,0.040433856796318085,0.06256385149514004,0.03874584612926667,0.05294872247555114,0.07535053863667562,0.06694802108907295,0.06714579272700348,0.10677374277310535
SCHEMBL1564574,0.26,0.04094862692151709,0.07897157892892483,0.06326330955742876,0.09449481503192955,0.09009249674793743,0.07584364407778628,0.07904626518199094,0.1228659994983183
SCHEMBL1564574,0.5,0.03988779344532612,0.09172202093231753,0.09707905524445408,0.17078144465686612,0.10569643216982315,0.08964411582549084,0.0914717169296088,0.14383502524451194
SCHEMBL1564574,0.85,0.04374917039103871,0.10430709020670811,0.17058604041950814,0.2536481003909677,0.1116467864142391,0.0975987650036711,0.13462359843701294,0.18537326680824254
SCHEMBL1564574,1,0.04541578477456187,0.11193658279259523,0.17855581104837615,0.26909035219228755,0.11883281901387958,0.10380718384998512,0.14733518578735347,0.19117613682773102
SCHEMBL618594,0,0.029498509561805192,0.03125245454694125,0.03483849354181697,0.05619614219460869,0.043660120213418405,0.04708294138910515,0.026116734710454427,0.07181477304722307
SCHEMBL618594,0.26,0.030948530429315186,0.036173566812317696,0.06595913859146843,0.0862161035603834,0.052479203125876846,0.05442311680472036,0.029315958666550745,0.0848155014537089
SCHEMBL618594,0.5,0.028499634525273352,0.04017844742216662,0.10687326496529749,0.20009883857577168,0.06294027117006118,0.06194943210427875,0.0337216073204087,0.10057870072409275
SCHEMBL618594,0.85,0.025295579433414414,0.041051456240792414,0.19459445633366226,0.2842580568754541,0.05884283196440442,0.0650448306009463,0.0657733806768719,0.12391706143304583
SCHEMBL618594,1,0.029364918745427415,0.04466990939234361,0.22340267766759708,0.32335343614996936,0.06955760341098981,0.06998483143191402,0.0822669211210399,0.11299735789035235
Seliciclib,0,0.04420953192702528,0.041158249100835244,0.04867576837094152,0.06387165666931681,0.07164038114616138,0.07368943846370288,0.041668336523675166,0.07839696029787378
Seliciclib,0.26,0.04359764447470544,0.04929974633907718,0.08645791318960308,0.10366148431684123,0.0881348709675852,0.08501336933726013,0.049978719601061615,0.0930462492102269
Seliciclib,0.5,0.043501281008426186,0.05973001732485817,0.14805516516515901,0.15563808254709918,0.10558290308522517,0.0973978273058074,0.06383006503378533,0.10901725347283887
Seliciclib,0.85,0.0491913488260164,0.07350087705903842,0.22927017352325504,0.24330008650241647,0.12873013377695613,0.12212324816315928,0.0853153176112851,0.13882850209854228
Seliciclib,1,0.048583374414015064,0.07677369161101344,0.2857871762787531,0.2656692852284813,0.13933988708229764,0.13027608139332525,0.09556383674304525,0.13680368936755186
SGX-523,0,0.025334583243486752,0.03243670014515872,0.027930806243546175,0.05163773077219048,0.07402921167767004,0.06730025595259631,0.05271163909083576,0.10670142546832054
SGX-523,0.26,0.02419119425264202,0.04768925665896705,0.04885845292466609,0.0958859625463415,0.094170865522392,0.08166281192285464,0.06186588568604991,0.12412089321709686
SGX-523,0.5,0.0233081641716967,0.05580815100725128,0.09817020571030774,0.13461622728301542,0.10914531567271432,0.09881643628019289,0.07154577885203361,0.1454648256606151
SGX-523,0.85,0.03184455018130184,0.06847766901411056,0.16509918055423212,0.26669824870422443,0.12892201252034322,0.10287459682418547,0.09465313849274486,0.1723628231380907
SGX-523,1,0.0321756516599736,0.0834119756244437,0.19627025499526415,0.3062910665585551,0.13882147995419564,0.12069488511350496,0.12179590607549924,0.169254868895503
Sirolimus,0,0.035297997651452646,0.036160422390182106,0.03643351786524163,0.04556634042639252,0.07208818528754396,0.07037962073627532,0.04107330024208079,0.06398410454577876
Sirolimus,0.26,0.036266672475742855,0.041265605598432196,0.061796981570979834,0.07966444713464262,0.08594359358560888,0.08160482544747802,0.04964995123292384,0.07434975854197574
Sirolimus,0.5,0.03576094621564345,0.04812506701574773,0.10602463733285346,0.16564068697671797,0.09929910729143715,0.09338363769623455,0.06234193553963424,0.0861133127808776
Sirolimus,0.85,0.03728627889944272,0.06291787299125448,0.18892196966122168,0.2622433444743823,0.11984301641120267,0.10573205589090408,0.09047916138264946,0.10990682660935622
Sirolimus,1,0.0388010277354679,0.07133064600262512,0.2307100173532492,0.27236608389504946,0.12325105453706245,0.11382864767374055,0.11065829699149643,0.12133029946960694
Sitagliptin,0,0.07859894965776043,0.04552946483892121,0.04810948955158584,0.0518760132830062,0.129276517817375,0.11592583032272456,0.040142659689818935,0.1290355651854366
Sitagliptin,0.26,0.07717647606330832,0.06359948000284972,0.08800365205198427,0.08691493485293884,0.14865528901495348,0.1337961492390895,0.048511107537382664,0.14660720246448722
Sitagliptin,0.5,0.07740725365875048,0.07843454902777006,0.10760607290955147,0.14068188816078028,0.1686242807650901,0.15033135157683247,0.060593709282381364,0.16350371140302683
Sitagliptin,0.85,0.08187631431161956,0.09810538355795548,0.16690723620799414,0.17462038804433577,0.19841929394535093,0.1801528819836409,0.10050620491595612,0.20621278360750614
Sitagliptin,1,0.0843672518322978,0.11234891756339731,0.16161904794825177,0.2204714013399707,0.2099809235496894,0.18775555012259448,0.11248645725720571,0.2074861132480475
Skiii,0,0.041176844508344405,0.03572309915133245,0.04323429848157847,0.04700405578054241,0.11618214586382972,0.11031863795280543,0.0393661073584976,0.12330348871391106
Skiii,0.26,0.04084835732800365,0.04184672037560984,0.0831910188604678,0.09571392654152125,0.13350084076981347,0.12376163625622105,0.046742042863860724,0.13830203810787584
Skiii,0.5,0.043526348704390025,0.049655968138424524,0.13679304149081942,0.18910402019970998,0.14584713937149124,0.13809166648328222,0.05622766204613653,0.1540900839431947
Skiii,0.85,0.049586077749637386,0.053141547525118425,0.18987702691824251,0.32300453033350307,0.16423804253544694,0.15757291839617416,0.0712838639836696,0.19186952505969518
Skiii,1,0.04998448600162134,0.05195115712278987,0.22127454521684703,0.3534603638916999,0.1756777439545647,0.1676035052916547,0.09156499672534787,0.20142647666586336
Sorafenib,0,0.037919822848467184,0.03439772759433199,0.04303018611306374,0.042151355102402414,0.13437816528867988,0.11877719362186474,0.04776374624423181,0.13221917188293422
Sorafenib,0.26,0.04084933991909341,0.04365377013909296,0.08039452035144924,0.0822441480029643,0.15531129444875238,0.1345472323336702,0.0579878794561464,0.1543733651746733
Sorafenib,0.5,0.04123646555777092,0.04960254091452855,0.12960717149771434,0.16097757208192473,0.17580802397711282,0.1512360992514883,0.07052817513006858,0.1813885542923754
Sorafenib,0.85,0.04456804014404657,0.0627920200701632,0.25268779583281303,0.28943533960821516,0.1956239518342935,0.17174593099330743,0.09555876811524035,0.2175758645524627
Sorafenib,1,0.046513142993678994,0.0723694238142503,0.28367099761391856,0.31393286975030116,0.20582640814507255,0.17815838434507442,0.10804961711646074,0.22032503597663103
SPECTRUM_001092,0,0.03142244571300454,0.0335915845685938,0.028416008413077225,0.04474978582992446,0.02005914361930044,0.0279408948102854,0.04048850739236391,0.03517530504554906
SPECTRUM_001092,0.26,0.032524208964472924,0.04073894073347307,0.05254158979767672,0.05955991006967615,0.024066759333024757,0.029179069194095308,0.048151658758070204,0.037172273407993284
SPECTRUM_001092,0.5,0.035381881289874025,0.049578776761061816,0.07794274566791577,0.07826960432261035,0.028923478970332397,0.03684842230279336,0.05524284004796076,0.04018977272189601
SPECTRUM_001092,0.85,0.04177614060036433,0.04713110865759413,0.1271209635233913,0.14315022803635616,0.04025887479824194,0.043666042792457914,0.09776518068098598,0.050301253996870576
SPECTRUM_001092,1,0.0411027547031509,0.053171776432769484,0.14019824461701955,0.17920447583058485,0.045302298389350994,0.04339664456832496,0.11920252796331214,0.05199757536845141
TAE-684,0,0.042536532163147546,0.04418950134012685,0.062369476896575356,0.058429472905517074,0.0738693554964836,0.06560236830773679,0.03767983637522568,0.08281515523082336
TAE-684,0.26,0.04755408927211833,0.05381921959588213,0.10345665939865956,0.1410138401985905,0.08799612988678841,0.07653531284276066,0.04524559655839244,0.09717958969709904
TAE-684,0.5,0.051185315568330975,0.06521061462323292,0.14303615044862583,0.23511414825539034,0.10963127231004902,0.08992682077296946,0.05375893292312563,0.11479754751739425
TAE-684,0.85,0.054248563906251025,0.06409590214537635,0.21989468554399522,0.3373465598630689,0.12857512669444193,0.11360738319378061,0.06833806509524479,0.1485109113993011
TAE-684,1,0.055222945108087104,0.07217486939148897,0.27837038225644534,0.3500070736013866,0.14170978676089074,0.11821583492525334,0.08591788293768288,0.15954132358539258
TAK-715,0,0.03546139805095514,0.044255132670806885,0.032565664135976634,0.059306320165189934,0.07962486439868394,0.07014104564391793,0.04530429899848855,0.10420335693030038
TAK-715,0.26,0.03559701340126528,0.05448632800399777,0.05852755496646253,0.11246262153772149,0.09556892147634546,0.08032168042813409,0.05504978350693038,0.12079689763963052
TAK-715,0.5,0.03854776826481376,0.06628486483579488,0.10528059882432936,0.17360867090579546,0.10994605789586667,0.09342864178956344,0.06779503003524207,0.14067020884643058
TAK-715,0.85,0.04227162745622341,0.06777540620472618,0.18444386668110238,0.2998979390781431,0.12933137233449696,0.11280267002406247,0.09086912915674315,0.1729223139482672
TAK-715,1,0.04404576174256753,0.07847879526087467,0.19546396267225724,0.30572989341351553,0.1398115716281881,0.12293111154090207,0.10405767030078805,0.1830758448924434
Troglitazone,0,0.042157913919177184,0.018413685420102813,0.03845695389828557,0.050500425480137404,0.05855815005143152,0.058988983545692555,0.045441661876453994,0.07243695528672942
Troglitazone,0.26,0.04318128600790392,0.023760952570135455,0.07307405069478741,0.07409660610345058,0.07065238934759938,0.06903658714815343,0.05436979964076003,0.08549819665816259
Troglitazone,0.5,0.04818996490749826,0.03472041689264997,0.11942798252195351,0.17732237311712007,0.08458079218606006,0.07662511953253076,0.06566092032102396,0.10714440755074404
Troglitazone,0.85,0.054432795627317114,0.041902213142803214,0.22981759835496704,0.28313295774197744,0.09724359331164316,0.09437749133534297,0.10577660033277092,0.13223764852507222
Troglitazone,1,0.05778546457819608,0.049121181098546796,0.23383635045092602,0.31111770229573815,0.10795032972240594,0.09845441576443023,0.12048041965811715,0.13320122501921164
Valsartan,0,0.03752891330199559,0.05622588834302847,0.03434120372656187,0.03588778417283883,0.060338567588717175,0.05913271481160045,0.04320845550502208,0.0876930506118166
Valsartan,0.26,0.0362126745176352,0.06901992442081073,0.06701213908087299,0.08469660285308023,0.07095984598697722,0.06704604789105637,0.0514553642483931,0.10194923544466028
Valsartan,0.5,0.03930018878418812,0.07601483940963569,0.15808821276634552,0.144095426431313,0.08442829439554768,0.07992052376133094,0.06181089056307652,0.12075928494099879
Valsartan,0.85,0.043255695015271524,0.0974141365845042,0.23193000115777002,0.24575482869761223,0.09691326248771144,0.0827745502049315,0.08711270378660037,0.15402932489053855
Valsartan,1,0.04973674431930796,0.10967939413773686,0.250194934755467,0.2574804691344412,0.0983941281600717,0.07961168223993566,0.10589904726307067,0.16202398064009582
Veliparib,0,0.03453339318174498,0.03227665200246689,0.044412649655338504,0.06307522979224625,0.0595520873053394,0.06427492204221306,0.03755334526077168,0.08501650050341887
Veliparib,0.26,0.03476766743117798,0.041233889783053285,0.07844763725990259,0.10029416419852201,0.0715407126245921,0.074560024164782,0.043614206704765915,0.09910362011322905
Veliparib,0.5,0.03559494483817806,0.046429338567760034,0.13026823124687142,0.1536288375542611,0.08221338884967262,0.08633998430713372,0.05283101043415341,0.11665914562131591
Veliparib,0.85,0.03786700156474788,0.05753145866357712,0.20732752112643757,0.19975452339100702,0.08589752434029442,0.09352677502806499,0.08451196552981548,0.13742773220407942
Veliparib,1,0.03770603185978425,0.061075835522289935,0.20834994744265234,0.22492617743408727,0.09700661572249132,0.09736922360579357,0.09834518574537038,0.14092076416846427
vincristine,0,0.042015462358016925,0.024190985024431896,0.05610399374921606,0.05385884106100054,0.0552383492529441,0.05685933506566613,0.027505642802558468,0.06476774644191535
vincristine,0.26,0.0448915295421225,0.02795509709743923,0.08859724830189589,0.08722927134780895,0.06594129025483343,0.06446620672230041,0.03333061695545957,0.07570446800211332
vincristine,0.5,0.04148766034820548,0.026315178040509413,0.11677837179043173,0.1829578287241375,0.08128595464645536,0.07381041529612334,0.03598488080105221,0.0943629279562813
vincristine,0.85,0.04412387143432266,0.03838481098413054,0.18552747181721857,0.30891101680242045,0.11638262425353486,0.09918076490177374,0.050379834570338414,0.10864251666917875
vincristine,1,0.045856434717952275,0.04543384854097323,0.21320411068243025,0.33799433686669395,0.11742507064924361,0.09959592228427208,0.06762881148912057,0.1184234338861358
Vorinostat,0,0.03108792530897959,0.03497060607317069,0.033169616999201124,0.04254617230139787,0.06469523725271417,0.059277600660308474,0.027907355991982668,0.07755615440196716
Vorinostat,0.26,0.03251504956875683,0.04158211439540047,0.05790446928627534,0.07921703395500582,0.07578742704384653,0.06792692897297342,0.03371557509696974,0.0880438254749136
Vorinostat,0.5,0.03246232622512225,0.050814493332305775,0.10807205906298806,0.13995710309955622,0.0907493651842899,0.07713881686046216,0.04110338149213691,0.1009319561608543
Vorinostat,0.85,0.034729733785265594,0.05578270221179054,0.19231218755376212,0.21612563075901292,0.10822267230419917,0.09169793183656019,0.07288781184787428,0.1313762184494743
Vorinostat,1,0.03558820930334258,0.06279259420561889,0.2198538556905931,0.23735889518597453,0.11353287734766093,0.10026520846748788,0.09283032230332326,0.1442736525219445
VX-745,0,0.02607292899179317,0.04351709389608338,0.04520301156285662,0.029274723732743518,0.06818185775501744,0.059003887809127735,0.026968850059785193,0.10564951299342545
VX-745,0.26,0.026951585305043393,0.05820693526385117,0.08144037000427476,0.04800114984912867,0.08391264377064284,0.0716176467301047,0.03062983007433491,0.12273890328908463
VX-745,0.5,0.02841147791061304,0.06377617846025878,0.15489950111153983,0.11475723539409706,0.10110254520988703,0.08353784896835653,0.037206414425559095,0.14224022550794485
VX-745,0.85,0.03499242393602318,0.06726058465482236,0.24970413597705507,0.20066452122267034,0.12686901724239127,0.10095679310715305,0.07338194088053568,0.171802787005967
VX-745,1,0.03926619423286026,0.07143353661050865,0.3043434190253729,0.2206222992677043,0.13943319366351878,0.11453964137263063,0.10240684716675325,0.17046991331923259
Withaferin A,0,0.044420730837554295,0.04194636354441325,0.04034176888376196,0.051890228564623574,0.091273640648022,0.08561865098242002,0.0662116557775508,0.09381300664994964
Withaferin A,0.26,0.04471702326239222,0.04672226892766561,0.07311283566623378,0.08009788565410984,0.10684511045464092,0.09661935332144901,0.07917054205992663,0.10656209464318322
Withaferin A,0.5,0.04761749200016522,0.053461767893150526,0.10838895954306292,0.154497924194625,0.11969312180554453,0.1077392127194749,0.09221676718171674,0.11965129905929302
Withaferin A,0.85,0.04919509612450353,0.05877265333305227,0.19802529478935493,0.2150267876413334,0.1444664627633577,0.1277960234018332,0.13512112341473817,0.13400632082722702
Withaferin A,1,0.04922792693939545,0.06594932208408977,0.23669745662616842,0.2403834476082811,0.14509529123202697,0.1367710271741262,0.15050829566007518,0.13766080126780117
Wortmannin,0,0.03116044900857814,0.04732805546761473,0.04136339953548345,0.05319458149180915,0.08676322756313785,0.0803395456554201,0.03506354645268179,0.08934525967743141
Wortmannin,0.26,0.03267709083251235,0.054979117289861226,0.07142512683856782,0.09639466404443296,0.10253695892098852,0.09337715168166204,0.04338338446934823,0.1035013211547264
Wortmannin,0.5,0.03283180285752645,0.06525069630320532,0.12550622065724043,0.1891987614811427,0.11481777485084246,0.10535941386017347,0.05283618891628245,0.12001015742077939
Wortmannin,0.85,0.033919376646551105,0.08276480013120999,0.22446408451657307,0.2854994119991724,0.12769285742958592,0.11362416043263125,0.09893241044292102,0.14388031726617184
Wortmannin,1,0.03563957959248124,0.08797045722008247,0.2693438827907616,0.30747940728388384,0.1296565709047546,0.11494045529579923,0.12804658005010297,0.15082766489775648
