perturbagen,threshold,m_ratio,c_ratio,n1_ratio,a2_ratio,a3_ratio,ap_ratio,a4_ratio,c5_ratio
179324-69-7,0,1.44106463878327,0.004694835680751174,63.2,0.23699421965317918,Inf,90.71428571428571,159.5,Inf
179324-69-7,0.26,1.4787644787644787,0.006269592476489028,36.76470588235294,0.14642857142857144,Inf,106,159.5,Inf
179324-69-7,0.5,1.6528925619834711,0.009433962264150943,2.938650306748466,1.4883720930232558,Inf,641,127.4,Inf
179324-69-7,0.85,1.6311475409836065,0.009433962264150943,1.620408163265306,1.0980392156862746,Inf,Inf,20.4,Inf
179324-69-7,1,1.5476190476190477,0.014218009478672985,0.8033707865168539,1.3345454545454545,Inf,Inf,7.337662337662338,Inf
A-443654,0,0.42105263157894735,0.17391304347826086,1.7,0.038461538461538464,3.5,2.857142857142857,0.8,2.857142857142857
A-443654,0.26,0.5882352941176471,0.125,0.9285714285714286,0.125,3.5,2.857142857142857,0.8,2.857142857142857
A-443654,0.5,0.5882352941176471,0.17391304347826086,0.35,0.5882352941176471,4.4,3.5,0.8,2.857142857142857
A-443654,0.85,0.5882352941176471,0.35,0.2857142857142857,0.5,5.75,2.857142857142857,0.5882352941176471,3.5
A-443654,1,0.5882352941176471,0.35,0.35,0.35,3.5,3.5,0.42105263157894735,2.857142857142857
AC1MJ3VH,0,2,0.32,0.8333333333333334,0.2222222222222222,3.125,2,0.32,1.5384615384615385
AC1MJ3VH,0.26,2.3,0.17857142857142858,0.65,0.1,3.125,2,0.32,1.5384615384615385
AC1MJ3VH,0.5,1.5384615384615385,0.1,0.65,0.8333333333333334,3.125,2.6666666666666665,0.65,1.5384615384615385
AC1MJ3VH,0.85,1.2,0.13793103448275862,0.17857142857142858,0.65,3.7142857142857144,3.125,0.65,1.5384615384615385
AC1MJ3VH,1,1.5384615384615385,0.17857142857142858,0.32,0.5,3.7142857142857144,3.7142857142857144,0.7368421052631579,1.5384615384615385
AC1NWAML,0,0.7142857142857143,11,5,0.2,0.5,0.3333333333333333,1.4,3
AC1NWAML,0.26,0.5,11,5,0.3333333333333333,0.5,0.3333333333333333,2,3
AC1NWAML,0.5,0.5,11,5,1,0.7142857142857143,0.7142857142857143,3,3
AC1NWAML,0.85,0.3333333333333333,3,2,1.4,1.4,0.7142857142857143,3,2
AC1NWAML,1,0.7142857142857143,3,3,1.4,1.4,1.4,1.4,2
AC1OCDAW,0,6.5,0.07142857142857142,1.5,0.07142857142857142,4,4,1.1428571428571428,2.75
AC1OCDAW,0.26,14,0,1.1428571428571428,0.07142857142857142,4,4,1.5,2.75
AC1OCDAW,0.5,14,0,0.875,0.6666666666666666,4,2.75,1.5,2.75
AC1OCDAW,0.85,6.5,0,0.07142857142857142,0.6666666666666666,4,4,0.875,4
AC1OCDAW,1,6.5,0,0,0.5,4,4,0.36363636363636365,4
AKT Inhibitor VIII,0,0.4,0.10526315789473684,0.4,2,20,6,4.25,20
AKT Inhibitor VIII,0.26,0.4,0.05,0.9090909090909091,0.9090909090909091,20,6,4.25,20
AKT Inhibitor VIII,0.5,0.3125,0.05,2,1.625,9.5,6,3.2,20
AKT Inhibitor VIII,0.85,0.6153846153846154,0.05,1.625,0.5,9.5,9.5,1.3333333333333333,20
AKT Inhibitor VIII,1,1.1,0.10526315789473684,2,0.5,6,6,0.9090909090909091,20
Alpelisib,0,0.7777777777777778,0.14285714285714285,0.45454545454545453,1.2857142857142858,15,7,2.2,4.333333333333333
Alpelisib,0.26,0.6,0.23076923076923078,0.45454545454545453,0.7777777777777778,15,4.333333333333333,2.2,4.333333333333333
Alpelisib,0.5,0.7777777777777778,0.23076923076923078,0.6,0.6,15,4.333333333333333,3,4.333333333333333
Alpelisib,0.85,0.7777777777777778,0.3333333333333333,0.6,0.45454545454545453,15,7,3,4.333333333333333
Alpelisib,1,0.7777777777777778,0.3333333333333333,0.45454545454545453,0.45454545454545453,4.333333333333333,4.333333333333333,3,4.333333333333333
Alvocidib,0,1.2692307692307692,0.37209302325581395,1.0344827586206897,0.09259259259259259,3.9166666666666665,3.5384615384615383,0.11320754716981132,1.36
Alvocidib,0.26,1.1071428571428572,0.18,0.5128205128205128,0.1568627450980392,4.363636363636363,3.5384615384615383,0.1346153846153846,1.36
Alvocidib,0.5,1.0344827586206897,0.09259259259259259,0.2826086956521739,0.7878787878787878,5.555555555555555,3.5384615384615383,0.07272727272727272,1.4583333333333333
Alvocidib,0.85,0.84375,0.18,0.11320754716981132,0.3409090909090909,6.375,3.2142857142857144,0.09259259259259259,2.933333333333333
Alvocidib,1,0.9666666666666667,0.3111111111111111,0.18,0.3409090909090909,4.9,4.9,0.1346153846153846,2.933333333333333
Aminopurvalanol,0,1.5,0,1,0.25,9,9,0.25,9
Aminopurvalanol,0.26,1.5,0,1,0,9,9,0.25,9
Aminopurvalanol,0.5,1.5,0,1,0.42857142857142855,9,9,0.42857142857142855,9
Aminopurvalanol,0.85,1.5,0.1111111111111111,0.42857142857142855,0.1111111111111111,9,9,0.42857142857142855,9
Aminopurvalanol,1,1.5,0.1111111111111111,0.42857142857142855,0.1111111111111111,9,9,0.42857142857142855,Inf
AT-7519,0,0.4074074074074074,0.6521739130434783,2.8,0.15151515151515152,1.5333333333333334,1,0.4074074074074074,0.9
AT-7519,0.26,0.52,0.35714285714285715,1.5333333333333334,0.3103448275862069,1.5333333333333334,1,0.46153846153846156,0.9
AT-7519,0.5,0.5833333333333334,0.26666666666666666,0.9,1.7142857142857142,1.5333333333333334,0.9,0.5833333333333334,1
AT-7519,0.85,0.4074074074074074,0.26666666666666666,0.4074074074074074,0.8095238095238095,2.1666666666666665,1.5333333333333334,0.52,2.1666666666666665
AT-7519,1,0.4074074074074074,0.4074074074074074,0.35714285714285715,0.52,2.1666666666666665,1.5333333333333334,0.7272727272727273,2.4545454545454546
AT-9283,0,0.9166666666666666,0.09523809523809523,0.7692307692307693,0.6428571428571429,1.0909090909090908,1.5555555555555556,10.5,4.75
AT-9283,0.26,0.9166666666666666,0.09523809523809523,0.9166666666666666,1.0909090909090908,1.0909090909090908,1.5555555555555556,22,4.75
AT-9283,0.5,1.0909090909090908,0.09523809523809523,1.5555555555555556,1.875,1.0909090909090908,1.5555555555555556,22,4.75
AT-9283,0.85,1.0909090909090908,0.09523809523809523,0.9166666666666666,1.0909090909090908,1.0909090909090908,1.3,2.8333333333333335,6.666666666666667
AT-9283,1,1.0909090909090908,0.09523809523809523,0.7692307692307693,0.9166666666666666,1.875,1.875,1.875,6.666666666666667
AZD-1775,0,1.0714285714285714,0.3181818181818182,0.8125,0.6111111111111112,1.4166666666666667,1.2307692307692308,3.142857142857143,4.8
AZD-1775,0.26,1.2307692307692308,0.38095238095238093,0.7058823529411765,0.5263157894736842,1.6363636363636365,1.2307692307692308,3.142857142857143,4.8
AZD-1775,0.5,1.2307692307692308,0.45,0.9333333333333333,0.9333333333333333,1.6363636363636365,1.2307692307692308,3.8333333333333335,3.8333333333333335
AZD-1775,0.85,1.2307692307692308,0.7058823529411765,0.7058823529411765,1.0714285714285714,2.625,1.6363636363636365,3.142857142857143,3.8333333333333335
AZD-1775,1,1.2307692307692308,0.8125,0.45,0.8125,3.142857142857143,2.2222222222222223,2.625,3.142857142857143
AZD-5438,0,0.7,0.4166666666666667,2.7777777777777777,0.25925925925925924,1.125,1,0.1724137931034483,0.6190476190476191
AZD-5438,0.26,0.7,0.3076923076923077,1.6153846153846154,0.4782608695652174,1.2666666666666666,1.125,0.1724137931034483,0.6190476190476191
AZD-5438,0.5,1,0.4166666666666667,1,2.090909090909091,1.2666666666666666,1,0.13333333333333333,0.6190476190476191
AZD-5438,0.85,0.7,0.21428571428571427,0.6190476190476191,0.8888888888888888,1.2666666666666666,1,0.13333333333333333,0.7894736842105263
AZD-5438,1,0.7,0.4782608695652174,0.6190476190476191,0.6190476190476191,1.125,1,0.25925925925925924,1
BRD-K54343811,0,0.5833333333333334,0.05555555555555555,0.46153846153846156,0.9,1.375,1.7142857142857142,1.7142857142857142,2.1666666666666665
BRD-K54343811,0.26,0.5833333333333334,0.7272727272727273,0.35714285714285715,0.26666666666666666,1.7142857142857142,1.7142857142857142,1.375,2.1666666666666665
BRD-K54343811,0.5,0.46153846153846156,0.46153846153846156,0.35714285714285715,0.46153846153846156,1.375,1.375,2.1666666666666665,2.1666666666666665
BRD-K54343811,0.85,0.35714285714285715,0.46153846153846156,0.5833333333333334,0.46153846153846156,2.1666666666666665,1.375,0.9,1.7142857142857142
BRD-K54343811,1,0.35714285714285715,0.46153846153846156,0.46153846153846156,0.46153846153846156,1.7142857142857142,1.7142857142857142,0.9,2.1666666666666665
Broad-Sai-045,0,0.6875,0.5,0.6875,1.7,2.857142857142857,2.857142857142857,2,1.4545454545454546
Broad-Sai-045,0.26,0.5882352941176471,0.42105263157894735,0.8,1.25,2.857142857142857,2.857142857142857,2.375,1.4545454545454546
Broad-Sai-045,0.5,0.8,0.5,0.6875,0.8,3.5,2.857142857142857,3.5,1.4545454545454546
Broad-Sai-045,0.85,0.9285714285714286,0.5,0.8,0.5882352941176471,2.857142857142857,2.857142857142857,2.375,1.4545454545454546
Broad-Sai-045,1,0.6875,0.5882352941176471,1.0769230769230769,0.5882352941176471,2.375,3.5,2.375,2.375
Broad-Sai-595,0,0.3125,0.3125,0.5,0.75,1.625,1.625,1.3333333333333333,3.2
Broad-Sai-595,0.26,0.3125,0.4,0.75,0.3125,1.625,1.625,1.3333333333333333,3.2
Broad-Sai-595,0.5,0.3125,0.4,0.5,0.9090909090909091,2,1.625,1.3333333333333333,3.2
Broad-Sai-595,0.85,0.3125,0.4,0.6153846153846154,0.4,1.625,1.625,0.75,3.2
Broad-Sai-595,1,0.3125,0.5,0.9090909090909091,0.4,2,1.625,0.75,3.2
BS-181,0,0.5,1.4,1,1,1,1.4,2,1
BS-181,0.26,0.3333333333333333,2,0.7142857142857143,1,1,1,1.4,1
BS-181,0.5,0.5,2,0.7142857142857143,1,1,1.4,3,1
BS-181,0.85,0.7142857142857143,0.7142857142857143,0.7142857142857143,1,3,2,1,1.4
BS-181,1,1,0.7142857142857143,1,1,2,1.4,2,1.4
C30H33N3O5S,0,1.8,0.2727272727272727,0.07692307692307693,1.8,13,6,6,13
C30H33N3O5S,0.26,1.8,0.16666666666666666,0.07692307692307693,1.3333333333333333,13,6,6,13
C30H33N3O5S,0.5,1.3333333333333333,0.2727272727272727,0.2727272727272727,1.3333333333333333,6,6,6,13
C30H33N3O5S,0.85,1.3333333333333333,0.5555555555555556,0.4,2.5,3.6666666666666665,6,1.3333333333333333,6
C30H33N3O5S,1,1.8,0.5555555555555556,0.4,1.3333333333333333,3.6666666666666665,6,1.3333333333333333,6
CHEMBL1083527,0,1,0.5,0.2857142857142857,0.6363636363636364,2.6,2,2,2.6
CHEMBL1083527,0.26,1,0.8,0.5,0.5,2.6,2,2,2.6
CHEMBL1083527,0.5,0.6363636363636364,0.6363636363636364,0.6363636363636364,0.8,2,2.6,2.6,2.6
CHEMBL1083527,0.85,0.6363636363636364,0.6363636363636364,0.5,1.25,1.25,1.5714285714285714,1.5714285714285714,2
CHEMBL1083527,1,0.6363636363636364,0.6363636363636364,0.8,1,1.25,1.5714285714285714,1.5714285714285714,1.5714285714285714
CHEMBL2136735,0,1.0909090909090908,0.4375,0.09523809523809523,3.6,1.875,2.2857142857142856,0.35294117647058826,1.0909090909090908
CHEMBL2136735,0.26,0.6428571428571429,0.2777777777777778,0.21052631578947367,1.0909090909090908,1.5555555555555556,2.2857142857142856,0.35294117647058826,1.0909090909090908
CHEMBL2136735,0.5,0.6428571428571429,0.2777777777777778,0.7692307692307693,0.9166666666666666,1.3,2.2857142857142856,0.2777777777777778,1.0909090909090908
CHEMBL2136735,0.85,0.35294117647058826,0.35294117647058826,1.5555555555555556,0.6428571428571429,1.5555555555555556,1.5555555555555556,0.09523809523809523,0.9166666666666666
CHEMBL2136735,1,0.4375,0.35294117647058826,0.7692307692307693,1.3,1.5555555555555556,1.875,0.045454545454545456,1.0909090909090908
CHEMBL2381524,0,0.4375,0.7692307692307693,0.5333333333333333,0.9166666666666666,1.5555555555555556,1.5555555555555556,1.875,1.5555555555555556
CHEMBL2381524,0.26,0.5333333333333333,0.7692307692307693,0.2777777777777778,0.7692307692307693,1.875,1.875,1.875,1.5555555555555556
CHEMBL2381524,0.5,0.4375,0.6428571428571429,0.5333333333333333,0.6428571428571429,1.5555555555555556,1.875,1.5555555555555556,1.5555555555555556
CHEMBL2381524,0.85,0.35294117647058826,1.3,0.7692307692307693,0.6428571428571429,1.875,1.0909090909090908,1.3,1.875
CHEMBL2381524,1,0.35294117647058826,1.875,1.0909090909090908,0.7692307692307693,1.5555555555555556,1.875,1.3,1.875
CHEMBL3182395,0,1.5,0.6666666666666666,0.6666666666666666,1,0.6666666666666666,1.5,0.6666666666666666,0.42857142857142855
CHEMBL3182395,0.26,1,1,0.6666666666666666,2.3333333333333335,0.6666666666666666,1.5,0.6666666666666666,0.42857142857142855
CHEMBL3182395,0.5,1.5,1,0.1111111111111111,2.3333333333333335,0.6666666666666666,1.5,0.6666666666666666,0.42857142857142855
CHEMBL3182395,0.85,1,1,0.6666666666666666,1.5,1,2.3333333333333335,1.5,0.6666666666666666
CHEMBL3182395,1,1,1.5,0.25,2.3333333333333335,1.5,1,0.6666666666666666,0.42857142857142855
CHEMBL3183436,0,1.1666666666666667,0.3,1.3636363636363635,0.625,4.2,5.5,1.3636363636363635,5.5
CHEMBL3183436,0.26,1.1666666666666667,0.3,1,0.625,4.2,5.5,1.6,5.5
CHEMBL3183436,0.5,1.3636363636363635,0.23809523809523808,1.3636363636363635,0.4444444444444444,7.666666666666667,5.5,1.8888888888888888,5.5
CHEMBL3183436,0.85,1.3636363636363635,0.3684210526315789,1,0.625,3.3333333333333335,7.666666666666667,1.6,5.5
CHEMBL3183436,1,1.6,0.3684210526315789,1.3636363636363635,0.5294117647058824,3.3333333333333335,5.5,1.6,4.2
CHEMBL585951,0,0.5294117647058824,0.8571428571428571,1.6,0.3,2.7142857142857144,1.6,0.3684210526315789,1
CHEMBL585951,0.26,0.5294117647058824,0.8571428571428571,1,0.625,2.7142857142857144,1.6,0.3684210526315789,1
CHEMBL585951,0.5,0.5294117647058824,0.7333333333333333,0.7333333333333333,1.8888888888888888,2.7142857142857144,1.6,0.3684210526315789,1
CHEMBL585951,0.85,0.5294117647058824,0.8571428571428571,0.3,0.625,3.3333333333333335,1.8888888888888888,0.3,1.3636363636363635
CHEMBL585951,1,0.5294117647058824,1.1666666666666667,0.5294117647058824,0.625,3.3333333333333335,2.25,0.23809523809523808,1.1666666666666667
CI-1040,0,0.5652173913043478,1.5714285714285714,1.1176470588235294,0.7142857142857143,1.25,0.8,0.44,1.5714285714285714
CI-1040,0.26,0.6363636363636364,1.5714285714285714,1,0.8947368421052632,1.25,0.8947368421052632,0.44,1.7692307692307692
CI-1040,0.5,0.6363636363636364,1.5714285714285714,0.8,0.5652173913043478,1.25,0.8947368421052632,0.5652173913043478,1.4
CI-1040,0.85,0.38461538461538464,1.1176470588235294,1.25,0.8,1.5714285714285714,1.4,0.5652173913043478,1.25
CI-1040,1,0.5652173913043478,1.5714285714285714,1,1,1.7692307692307692,1.4,0.6363636363636364,1.25
COT-10B,0,0.7,0.0625,2.4,0.13333333333333333,1.4285714285714286,1.4285714285714286,0.8888888888888888,1.4285714285714286
COT-10B,0.26,0.5454545454545454,0.21428571428571427,2.4,0.4166666666666667,1.4285714285714286,1.4285714285714286,0.8888888888888888,1.8333333333333333
COT-10B,0.5,0.7,0.21428571428571427,1.4285714285714286,0.8888888888888888,1.125,1.4285714285714286,1.125,1.8333333333333333
COT-10B,0.85,0.7,0.5454545454545454,1.125,0.8888888888888888,1.125,1.4285714285714286,0.8888888888888888,1.4285714285714286
COT-10B,1,0.8888888888888888,0.4166666666666667,1.4285714285714286,1.125,1.125,1.4285714285714286,0.8888888888888888,1.4285714285714286
CP-724714,0,0.9285714285714286,0.8,1.0769230769230769,1.25,8,5.75,1.4545454545454546,8
CP-724714,0.26,0.9285714285714286,0.5882352941176471,0.9285714285714286,1.25,8,8,1.4545454545454546,12.5
CP-724714,0.5,0.8,0.42105263157894735,1.25,1.0769230769230769,5.75,5.75,1.4545454545454546,8
CP-724714,0.85,0.8,0.2857142857142857,1.7,0.9285714285714286,26,8,1.4545454545454546,5.75
CP-724714,1,0.8,0.35,2,0.8,5.75,5.75,1.0769230769230769,5.75
Crizotinib,0,1.3125,0.32142857142857145,1.4666666666666666,0.9473684210526315,1.8461538461538463,1.8461538461538463,4.285714285714286,2.7
Crizotinib,0.26,1.1764705882352942,0.37037037037037035,1.8461538461538463,0.7619047619047619,2.0833333333333335,1.8461538461538463,4.285714285714286,2.7
Crizotinib,0.5,1.3125,0.37037037037037035,2.3636363636363638,1.1764705882352942,1.8461538461538463,2.0833333333333335,8.25,2.7
Crizotinib,0.85,1.3125,0.32142857142857145,0.7619047619047619,0.6086956521739131,1.8461538461538463,1.8461538461538463,5.166666666666667,2.3636363636363638
Crizotinib,1,1.6428571428571428,0.32142857142857145,0.5416666666666666,0.5416666666666666,1.6428571428571428,2.3636363636363638,5.166666666666667,2.7
Dasatinib,0,0.29850746268656714,0.359375,0.24285714285714285,0.8125,0.4032258064516129,0.359375,1.2307692307692308,0.45
Dasatinib,0.26,0.24285714285714285,0.4745762711864407,0.2608695652173913,0.851063829787234,0.4262295081967213,0.359375,1.2307692307692308,0.45
Dasatinib,0.5,0.27941176470588236,0.4262295081967213,0.2608695652173913,1.2894736842105263,0.4262295081967213,0.3384615384615385,1.2894736842105263,0.4262295081967213
Dasatinib,0.85,0.20833333333333334,0.6415094339622641,0.5535714285714286,1.2307692307692308,0.4032258064516129,0.4262295081967213,1.175,0.359375
Dasatinib,1,0.1917808219178082,0.5,0.29850746268656714,1.3513513513513513,0.4745762711864407,0.5263157894736842,1.2307692307692308,0.3384615384615385
Dienestrol,0,0.7,0.4166666666666667,0.8888888888888888,1.125,1.8333333333333333,2.4,1.125,1.125
Dienestrol,0.26,0.5454545454545454,0.3076923076923077,0.5454545454545454,1.125,2.4,2.4,1.125,1.125
Dienestrol,0.5,0.8888888888888888,0.21428571428571427,0.7,3.25,2.4,2.4,1.125,1.125
Dienestrol,0.85,0.7,0.3076923076923077,0.5454545454545454,4.666666666666667,1.4285714285714286,1.4285714285714286,0.7,1.125
Dienestrol,1,0.5454545454545454,0.3076923076923077,0.5454545454545454,3.25,1.125,1.8333333333333333,0.5454545454545454,0.8888888888888888
Doxorubicin,0,4.846153846153846,0.1875,0.6521739130434783,0.26666666666666666,4.428571428571429,3.2222222222222223,0.38181818181818183,2.1666666666666665
Doxorubicin,0.26,3.75,0.08571428571428572,0.6888888888888889,0.2459016393442623,4.428571428571429,3.2222222222222223,0.4339622641509434,2.3043478260869565
Doxorubicin,0.5,3,0.05555555555555555,0.7272727272727273,1.5333333333333334,3.75,3.2222222222222223,0.46153846153846156,2.1666666666666665
Doxorubicin,0.85,2.04,0.07042253521126761,0.3103448275862069,1.054054054054054,4.066666666666666,3.75,0.26666666666666666,3
Doxorubicin,1,1.9230769230769231,0.13432835820895522,0.26666666666666666,1.1714285714285715,4.066666666666666,3.75,0.288135593220339,2.8
Entinostat,0,1.4444444444444444,0.24528301886792453,0.5348837209302325,2.142857142857143,15.5,21,2.473684210526316,21
Entinostat,0.26,1.1290322580645162,0.1,0.5348837209302325,0.7368421052631579,15.5,21,2.6666666666666665,21
Entinostat,0.5,1.1290322580645162,0.047619047619047616,0.6923076923076923,1.2,15.5,21,2.142857142857143,21
Entinostat,0.85,1.2758620689655173,0.17857142857142858,0.5348837209302325,0.6923076923076923,12.2,32,1.2,21
Entinostat,1,1.4444444444444444,0.13793103448275862,0.5714285714285714,0.7837837837837838,15.5,15.5,1,21
Everolimus,0,0.35,0,0.5,0.125,2.375,2,5.75,12.5
Everolimus,0.26,0.35,0.038461538461538464,0.5,0.125,2.375,1.7,8,12.5
Everolimus,0.5,0.42105263157894735,0.038461538461538464,0.6875,0.5,2.375,1.7,5.75,12.5
Everolimus,0.85,0.5882352941176471,0.08,0.42105263157894735,0.42105263157894735,2,2,1.7,8
Everolimus,1,0.5882352941176471,0.125,0.5882352941176471,0.42105263157894735,2.857142857142857,1.25,2.375,12.5
Flufenamic acid,0,1.5,0.25,1.5,4,4,1.5,1.5,4
Flufenamic acid,0.26,1.5,0.25,1.5,1.5,4,1.5,1.5,4
Flufenamic acid,0.5,0.6666666666666666,0.6666666666666666,0.6666666666666666,4,0.6666666666666666,1.5,1.5,4
Flufenamic acid,0.85,0.6666666666666666,0.25,0.6666666666666666,4,0.6666666666666666,0.6666666666666666,0.6666666666666666,1.5
Flufenamic acid,1,0.25,0.25,1.5,0.6666666666666666,0.6666666666666666,0.6666666666666666,0.6666666666666666,1.5
Flutamide,0,0,0.3333333333333333,1,0.5,2,1.4,11,2
Flutamide,0.26,0,0.2,1,0.7142857142857143,2,1.4,Inf,2
Flutamide,0.5,0,0.3333333333333333,1,0.7142857142857143,2,2,11,2
Flutamide,0.85,0,0.3333333333333333,1,0.7142857142857143,2,3,2,11
Flutamide,1,0,0.3333333333333333,0.7142857142857143,1.4,3,3,1.4,2
Foretinib,0,0.3157894736842105,0.19047619047619047,0.47058823529411764,0.5625,1.7777777777777777,2.125,1.7777777777777777,4
Foretinib,0.26,0.25,0.19047619047619047,0.6666666666666666,0.6666666666666666,1.7777777777777777,2.125,1.7777777777777777,4
Foretinib,0.5,0.19047619047619047,0.13636363636363635,1.0833333333333333,0.7857142857142857,2.125,1.7777777777777777,1.2727272727272727,4
Foretinib,0.85,0.3157894736842105,0.19047619047619047,0.7857142857142857,0.5625,2.5714285714285716,2.5714285714285716,0.5625,4
Foretinib,1,0.3157894736842105,0.19047619047619047,0.47058823529411764,0.5625,2.5714285714285716,2.5714285714285716,0.9230769230769231,3.1666666666666665
Gefitinib,0,0.8125,0.8125,0.45,1.4166666666666667,1.9,2.625,0.7058823529411765,1.6363636363636365
Gefitinib,0.26,0.7058823529411765,1.0714285714285714,0.45,1.4166666666666667,1.9,2.625,1.0714285714285714,1.6363636363636365
Gefitinib,0.5,0.7058823529411765,1.2307692307692308,0.5263157894736842,1.0714285714285714,1.6363636363636365,2.2222222222222223,0.9333333333333333,1.9
Gefitinib,0.85,0.5263157894736842,0.9333333333333333,0.8125,1.0714285714285714,1.6363636363636365,2.2222222222222223,1.0714285714285714,1.4166666666666667
Gefitinib,1,0.6111111111111112,1.0714285714285714,0.9333333333333333,1.0714285714285714,1.6363636363636365,2.2222222222222223,1.0714285714285714,1.6363636363636365
Gemcitabine,0,3.1,0.025,1.2777777777777777,0.36666666666666664,7.2,5.833333333333333,0.20588235294117646,5.833333333333333
Gemcitabine,0.26,2.1538461538461537,0.025,1.1578947368421053,0.5185185185185185,7.2,4.857142857142857,0.20588235294117646,5.833333333333333
Gemcitabine,0.5,1.9285714285714286,0.05128205128205128,1.9285714285714286,1.7333333333333334,7.2,5.833333333333333,0.20588235294117646,7.2
Gemcitabine,0.85,1.9285714285714286,0.05128205128205128,0.9523809523809523,1.5625,5.833333333333333,9.25,0.17142857142857143,12.666666666666666
Gemcitabine,1,1.7333333333333334,0.05128205128205128,0.782608695652174,1.411764705882353,7.2,12.666666666666666,0.24242424242424243,12.666666666666666
Genistein,0,1.4375,0.56,0.56,1.1666666666666667,0.95,1.1666666666666667,1.6,0.95
Genistein,0.26,1.0526315789473684,0.8571428571428571,0.5,1.7857142857142858,0.8571428571428571,1.0526315789473684,1.7857142857142858,1.0526315789473684
Genistein,0.5,0.7727272727272727,0.95,1.4375,1.0526315789473684,1.1666666666666667,1.0526315789473684,1.7857142857142858,1.1666666666666667
Genistein,0.85,0.95,0.5,1.1666666666666667,0.6956521739130435,1.0526315789473684,2,1.0526315789473684,1.1666666666666667
Genistein,1,1.0526315789473684,0.56,0.95,0.8571428571428571,1.2941176470588236,2,0.7727272727272727,1.0526315789473684
GF-109203,0,0.45454545454545453,1.2857142857142858,1.6666666666666667,0.14285714285714285,0.3333333333333333,0.23076923076923078,0.45454545454545453,0.23076923076923078
GF-109203,0.26,0.45454545454545453,1.6666666666666667,1,0.23076923076923078,0.3333333333333333,0.23076923076923078,0.3333333333333333,0.23076923076923078
GF-109203,0.5,1,1.2857142857142858,1,1,0.45454545454545453,0.23076923076923078,0.3333333333333333,0.23076923076923078
GF-109203,0.85,0.7777777777777778,1,0.6,1,1,0.45454545454545453,0.45454545454545453,0.45454545454545453
GF-109203,1,0.6,1.2857142857142858,0.7777777777777778,1,1,1,0.45454545454545453,0.3333333333333333
GSK 1059615,0,0.38461538461538464,0.125,0.3584905660377358,0.5652173913043478,6.2,5,11,7
GSK 1059615,0.26,0.3090909090909091,0.125,0.5,0.5652173913043478,6.2,4.538461538461538,11,8
GSK 1059615,0.5,0.38461538461538464,0.125,0.6363636363636364,1.5714285714285714,5,3.8,11,8
GSK 1059615,0.85,0.4117647058823529,0.2413793103448276,1.0571428571428572,1.25,2.6,3,5,6.2
GSK 1059615,1,0.5319148936170213,0.2857142857142857,0.8461538461538461,1.25,2.789473684210526,3.8,5,8
GSK J4,0,0.25,0.42857142857142855,2.3333333333333335,1,9,Inf,Inf,Inf
GSK J4,0.26,0.6666666666666666,0.42857142857142855,1.5,2.3333333333333335,Inf,Inf,Inf,Inf
GSK J4,0.5,0.42857142857142855,0.6666666666666666,2.3333333333333335,9,4,Inf,9,Inf
GSK J4,0.85,0.6666666666666666,0.42857142857142855,1,2.3333333333333335,2.3333333333333335,9,2.3333333333333335,Inf
GSK J4,1,1,0.6666666666666666,1.5,2.3333333333333335,4,Inf,1.5,Inf
GSK-1070916,0,1.3529411764705883,0.1111111111111111,0.48148148148148145,0.5384615384615384,2.6363636363636362,2.6363636363636362,7,2.6363636363636362
GSK-1070916,0.26,1.105263157894737,0.25,0.48148148148148145,0.3333333333333333,2.3333333333333335,2.6363636363636362,5.666666666666667,2.6363636363636362
GSK-1070916,0.5,1.105263157894737,0.2903225806451613,1,0.6,2.3333333333333335,2.3333333333333335,3.4444444444444446,2.6363636363636362
GSK-1070916,0.85,1.105263157894737,0.2903225806451613,1,0.5384615384615384,2.6363636363636362,2.6363636363636362,2.076923076923077,2.6363636363636362
GSK-1070916,1,1.105263157894737,0.2903225806451613,0.8181818181818182,0.5384615384615384,2.3333333333333335,2.6363636363636362,2.076923076923077,2.6363636363636362
GSK-3 Inhibitor IX,0,1.1666666666666667,5.5,1.8888888888888888,0.5294117647058824,1.3636363636363635,1,7.666666666666667,1.6
GSK-3 Inhibitor IX,0.26,0.625,5.5,2.25,1,1.6,1,25,2.25
GSK-3 Inhibitor IX,0.5,1.8888888888888888,5.5,1.3636363636363635,0.5294117647058824,1.8888888888888888,1.6,Inf,2.25
GSK-3 Inhibitor IX,0.85,1.3636363636363635,5.5,1,0.5294117647058824,5.5,2.7142857142857144,25,2.25
GSK-3 Inhibitor IX,1,1.3636363636363635,12,0.8571428571428571,0.625,3.3333333333333335,4.2,25,4.2
GSK-461364,0,0.375,0.65,1.3571428571428572,0.32,1.0625,0.7368421052631579,2.3,0.9411764705882353
GSK-461364,0.26,0.32,1.5384615384615385,0.5714285714285714,0.5714285714285714,1.0625,0.7368421052631579,2,0.9411764705882353
GSK-461364,0.5,0.43478260869565216,2.6666666666666665,0.375,0.5,0.9411764705882353,0.7368421052631579,2,0.9411764705882353
GSK-461364,0.85,0.32,3.125,0.375,0.43478260869565216,0.8333333333333334,0.65,10,0.7368421052631579
GSK-461364,1,0.43478260869565216,2.3,0.5,0.65,0.7368421052631579,0.65,4.5,0.5
GW843682X,0,0.2222222222222222,0.5,5.6,0.43478260869565216,15.5,7.25,3.125,7.25
GW843682X,0.26,0.2222222222222222,0.8333333333333334,3.7142857142857144,0.8333333333333334,15.5,10,3.125,7.25
GW843682X,0.5,0.43478260869565216,1.0625,1.2,1.0625,32,7.25,4.5,7.25
GW843682X,0.85,0.43478260869565216,0.9411764705882353,1.0625,0.43478260869565216,32,15.5,3.125,10
GW843682X,1,0.43478260869565216,0.9411764705882353,1.0625,0.43478260869565216,32,10,2.6666666666666665,4.5
HG-14-10-04,0,0.5,0,0.8,0.2857142857142857,Inf,8,3.5,Inf
HG-14-10-04,0.26,0.5,0,0.5,0.5,Inf,8,3.5,Inf
HG-14-10-04,0.5,0.5,0,0.5,0.8,8,Inf,3.5,Inf
HG-14-10-04,0.85,0.5,0,1.25,0.5,2,2,2,Inf
HG-14-10-04,1,0.2857142857142857,0,0.5,0.2857142857142857,2,2,2,Inf
Idebenone,0,1.3333333333333333,0.75,0.75,0.16666666666666666,2.5,2.5,1.3333333333333333,6
Idebenone,0.26,0.75,0.75,0.75,0.16666666666666666,2.5,2.5,2.5,6
Idebenone,0.5,1.3333333333333333,0.16666666666666666,0.4,0.4,6,2.5,2.5,6
Idebenone,0.85,0.75,0.16666666666666666,0.75,0.4,Inf,6,6,6
Idebenone,1,1.3333333333333333,0,0.75,0.16666666666666666,Inf,Inf,2.5,6
Idelalisib,0,0.35714285714285715,0.9,0.5833333333333334,0.11764705882352941,0.46153846153846156,0.46153846153846156,1.7142857142857142,1.1111111111111112
Idelalisib,0.26,0.46153846153846156,0.9,0.7272727272727273,0.11764705882352941,0.5833333333333334,0.46153846153846156,1.7142857142857142,1.1111111111111112
Idelalisib,0.5,0.35714285714285715,1.1111111111111112,0.7272727272727273,1.1111111111111112,0.26666666666666666,0.46153846153846156,1.375,1.1111111111111112
Idelalisib,0.85,0.35714285714285715,1.1111111111111112,0.7272727272727273,0.9,0.46153846153846156,0.35714285714285715,0.7272727272727273,1.375
Idelalisib,1,0.35714285714285715,1.1111111111111112,0.7272727272727273,1.7142857142857142,0.46153846153846156,0.35714285714285715,0.9,1.1111111111111112
Ivermectin,0,2.25,0.08333333333333333,0.8571428571428571,2.25,12,Inf,3.3333333333333335,12
Ivermectin,0.26,2.25,0.08333333333333333,1.1666666666666667,1.6,12,Inf,3.3333333333333335,12
Ivermectin,0.5,2.25,0.08333333333333333,2.25,0.8571428571428571,Inf,Inf,2.25,12
Ivermectin,0.85,1.6,0,2.25,0.8571428571428571,5.5,12,2.25,12
Ivermectin,1,1.6,0,1.1666666666666667,0.8571428571428571,12,12,2.25,12
Ketorolac,0,2.3333333333333335,0.6666666666666666,0.6666666666666666,2.3333333333333335,9,9,9,4
Ketorolac,0.26,1.5,1.5,0.6666666666666666,1.5,9,9,Inf,4
Ketorolac,0.5,1,1,1,1.5,9,9,Inf,4
Ketorolac,0.85,0.6666666666666666,1,1.5,1,4,4,9,4
Ketorolac,1,1.5,1.5,1.5,1,2.3333333333333335,4,4,4
Lapatinib,0,0.7692307692307693,1.875,0.9166666666666666,1.5555555555555556,1.3,1.5555555555555556,0.9166666666666666,0.9166666666666666
Lapatinib,0.26,0.5333333333333333,2.2857142857142856,0.9166666666666666,1.875,1.3,1.5555555555555556,1.3,0.9166666666666666
Lapatinib,0.5,0.5333333333333333,3.6,1.0909090909090908,1.0909090909090908,1.3,1.3,0.9166666666666666,0.9166666666666666
Lapatinib,0.85,0.5333333333333333,1.5555555555555556,1.5555555555555556,0.5333333333333333,1.875,1.875,0.7692307692307693,0.7692307692307693
Lapatinib,1,0.5333333333333333,1.875,1.0909090909090908,0.7692307692307693,1.5555555555555556,1.875,0.6428571428571429,0.7692307692307693
Linsitinib,0,1.2307692307692308,0.6111111111111112,0.38095238095238093,1.9,3.8333333333333335,4.8,1.9,13.5
Linsitinib,0.26,0.9333333333333333,0.45,0.45,0.8125,3.8333333333333335,4.8,2.2222222222222223,13.5
Linsitinib,0.5,1.2307692307692308,0.6111111111111112,0.7058823529411765,0.9333333333333333,4.8,4.8,1.9,13.5
Linsitinib,0.85,0.9333333333333333,0.7058823529411765,0.7058823529411765,0.9333333333333333,4.8,3.8333333333333335,1.6363636363636365,13.5
Linsitinib,1,1.2307692307692308,1.2307692307692308,0.8125,0.8125,3.8333333333333335,3.8333333333333335,1.6363636363636365,13.5
Maprotiline,0,0.4444444444444444,0.4444444444444444,0.8571428571428571,0.4444444444444444,1.6,0.8571428571428571,0.625,1.6
Maprotiline,0.26,0.4444444444444444,0.4444444444444444,1.6,0.4444444444444444,1.6,1.1666666666666667,0.625,1.6
Maprotiline,0.5,0.4444444444444444,0.18181818181818182,0.8571428571428571,5.5,1.6,1.1666666666666667,0.625,2.25
Maprotiline,0.85,0.4444444444444444,0.3,0.4444444444444444,1.1666666666666667,1.6,1.6,0.625,2.25
Maprotiline,1,0.4444444444444444,0.18181818181818182,0.8571428571428571,1.6,1.6,1.6,0.625,2.25
Mebendazole,0,0.5348837209302325,0.13793103448275862,15.5,0.15789473684210525,4.076923076923077,1.75,2.142857142857143,10
Mebendazole,0.26,0.5714285714285714,0.24528301886792453,7.25,0.4666666666666667,4.5,1.8695652173913044,2.3,10
Mebendazole,0.5,0.65,0.2692307692307692,6.333333333333333,0.5,7.25,2,3.125,10
Mebendazole,0.85,0.7837837837837838,0.32,1.64,0.43478260869565216,7.25,4.076923076923077,3.4,10
Mebendazole,1,0.7368421052631579,0.6097560975609756,0.65,0.40425531914893614,8.428571428571429,5,3.4,8.428571428571429
Meclofenamic acid,0,0.25,0.42857142857142855,0.6666666666666666,0.25,2.3333333333333335,1,1,4
Meclofenamic acid,0.26,0.25,0.42857142857142855,0.42857142857142855,0.25,2.3333333333333335,0.6666666666666666,1,4
Meclofenamic acid,0.5,0.25,0.42857142857142855,0.42857142857142855,0.25,1.5,1,1,4
Meclofenamic acid,0.85,0.25,0.1111111111111111,0.6666666666666666,0.1111111111111111,0.6666666666666666,0.42857142857142855,0.25,4
Meclofenamic acid,1,0.25,0.25,0.42857142857142855,0.1111111111111111,0.6666666666666666,0.42857142857142855,0.1111111111111111,4
Menadione,0,0.875,1,1.3076923076923077,0.7647058823529411,1.7272727272727273,1.7272727272727273,1.3076923076923077,1.7272727272727273
Menadione,0.26,0.7647058823529411,1,1.7272727272727273,0.875,1.3076923076923077,1.5,1.5,2
Menadione,0.5,1,0.6666666666666666,1.7272727272727273,1,1.5,1.7272727272727273,2.3333333333333335,2.3333333333333335
Menadione,0.85,0.875,0.7647058823529411,0.875,0.5,1.7272727272727273,3.2857142857142856,2,2
Menadione,1,0.875,0.5789473684210527,0.5,0.7647058823529411,3.2857142857142856,3.2857142857142856,2,1.3076923076923077
Mepivacaine,0,0.08333333333333333,0.8571428571428571,0.625,0.3,0.8571428571428571,0.625,3.3333333333333335,3.3333333333333335
Mepivacaine,0.26,0.08333333333333333,0.4444444444444444,0.4444444444444444,0.18181818181818182,0.8571428571428571,0.625,3.3333333333333335,3.3333333333333335
Mepivacaine,0.5,0,0.8571428571428571,0.625,0.3,0.8571428571428571,0.625,3.3333333333333335,3.3333333333333335
Mepivacaine,0.85,0,0.625,0.4444444444444444,0.3,1.1666666666666667,0.625,3.3333333333333335,1.6
Mepivacaine,1,0,0.625,0.4444444444444444,0.3,3.3333333333333335,0.8571428571428571,3.3333333333333335,2.25
MG-132,0,1.3214285714285714,0.014040561622464899,28.545454545454547,0.16071428571428573,107.33333333333333,58.09090909090909,18.11764705882353,129
MG-132,0.26,1.3722627737226278,0.01088646967340591,20.666666666666668,0.11301369863013698,107.33333333333333,64,19.967741935483872,129
MG-132,0.5,1.6209677419354838,0.01088646967340591,2.439153439153439,1.73109243697479,107.33333333333333,80.25,23.074074074074073,129
MG-132,0.85,1.6639344262295082,0.01088646967340591,1.2491349480968859,1.2033898305084745,107.33333333333333,80.25,8.848484848484848,129
MG-132,1,1.4528301886792452,0.018808777429467086,0.6839378238341969,1.380952380952381,107.33333333333333,107.33333333333333,4.508474576271187,107.33333333333333
Minoxidil,0,2.6666666666666665,0.8333333333333334,0.5714285714285714,1.75,1.2,1.2,1.2,1.75
Minoxidil,0.26,2.6666666666666665,0.8333333333333334,0.8333333333333334,1.75,2.6666666666666665,1.2,1.2,1.75
Minoxidil,0.5,1.75,0.5714285714285714,0.8333333333333334,1.75,1.75,1.75,1.2,1.75
Minoxidil,0.85,0.8333333333333334,0.5714285714285714,1.2,2.6666666666666665,1.75,1.2,0.5714285714285714,2.6666666666666665
Minoxidil,1,1.75,0.8333333333333334,0.8333333333333334,2.6666666666666665,1.75,1.75,0.375,2.6666666666666665
Mitoxantrone,0,2.1538461538461537,0.3225806451612903,1.2162162162162162,0.30158730158730157,9.25,6.454545454545454,0.41379310344827586,2.727272727272727
Mitoxantrone,0.26,1.7333333333333334,0.22388059701492538,0.9069767441860465,0.18840579710144928,9.25,6.454545454545454,0.3898305084745763,2.727272727272727
Mitoxantrone,0.5,1.6451612903225807,0.20588235294117646,0.9069767441860465,0.9523809523809523,9.25,6.454545454545454,0.43859649122807015,2.9047619047619047
Mitoxantrone,0.85,1.4848484848484849,0.24242424242424243,0.3225806451612903,0.5769230769230769,9.25,8.11111111111111,0.30158730158730157,5.3076923076923075
Mitoxantrone,1,1.4848484848484849,0.28125,0.6078431372549019,0.43859649122807015,12.666666666666666,8.11111111111111,0.3898305084745763,4.466666666666667
MK-2206,0,0.4166666666666667,0.0967741935483871,1.6153846153846154,0.6190476190476191,1.6153846153846154,1.8333333333333333,3.25,2.4
MK-2206,0.26,0.3076923076923077,0.21428571428571427,1.8333333333333333,0.7894736842105263,1.6153846153846154,1.6153846153846154,3.25,2.4
MK-2206,0.5,0.36,0.36,2.4,1.8333333333333333,1.4285714285714286,1.6153846153846154,2.090909090909091,2.7777777777777777
MK-2206,0.85,0.25925925925925924,0.36,2.4,1.2666666666666666,1.4285714285714286,2.090909090909091,3.25,2.090909090909091
MK-2206,1,0.3076923076923077,0.6190476190476191,2.4,1.8333333333333333,1.6153846153846154,2.090909090909091,2.090909090909091,2.4
MLN 2238,0,9.5,0.10526315789473684,9.5,1.625,20,20,9.5,20
MLN 2238,0.26,9.5,0.10526315789473684,9.5,0.5,20,20,9.5,20
MLN 2238,0.5,20,0.10526315789473684,2.5,2,20,20,9.5,20
MLN 2238,0.85,20,0.05,1.625,1.625,20,20,9.5,20
MLN 2238,1,9.5,0.05,0.75,2,20,20,9.5,20
MLS004683634,0,0.3333333333333333,0.14285714285714285,0.3333333333333333,1,3,3,3,7
MLS004683634,0.26,0.3333333333333333,0.3333333333333333,0.14285714285714285,1.6666666666666667,3,3,3,7
MLS004683634,0.5,0.6,0.3333333333333333,0.3333333333333333,1,3,3,3,7
MLS004683634,0.85,0.6,1,0.14285714285714285,0.6,3,3,0.6,7
MLS004683634,1,0.6,1,0.14285714285714285,1.6666666666666667,3,3,0.14285714285714285,3
MLS006011051,0,0.5,0.36363636363636365,2.75,0.875,1.1428571428571428,1.5,2,1.5
MLS006011051,0.26,0.6666666666666666,0.875,1.5,2,1.5,1.5,2,1.5
MLS006011051,0.5,0.6666666666666666,1.1428571428571428,2,2.75,2,2,2,1.5
MLS006011051,0.85,0.6666666666666666,0.5,2.75,2,1.5,2.75,1.5,1.5
MLS006011051,1,1.5,0.5,1.1428571428571428,2.75,1.5,4,1.1428571428571428,2
Nafronyl,0,0.18181818181818182,0.8571428571428571,1.6,0.3,0.625,0.625,3.3333333333333335,3.3333333333333335
Nafronyl,0.26,0.18181818181818182,0.4444444444444444,1.6,0.3,0.8571428571428571,0.625,2.25,3.3333333333333335
Nafronyl,0.5,0.18181818181818182,0.4444444444444444,1.1666666666666667,0.8571428571428571,1.1666666666666667,0.625,3.3333333333333335,3.3333333333333335
Nafronyl,0.85,0.18181818181818182,0.4444444444444444,1.6,0.625,1.1666666666666667,0.8571428571428571,3.3333333333333335,3.3333333333333335
Nafronyl,1,0.18181818181818182,0.625,1.1666666666666667,0.4444444444444444,1.1666666666666667,0.8571428571428571,3.3333333333333335,3.3333333333333335
Nefazodone,0,0.18181818181818182,0.3,1.1666666666666667,1.1666666666666667,2.25,2.25,1.6,5.5
Nefazodone,0.26,0.18181818181818182,0.08333333333333333,0.8571428571428571,0.8571428571428571,2.25,1.6,1.6,5.5
Nefazodone,0.5,0.08333333333333333,0.18181818181818182,0.4444444444444444,0.8571428571428571,3.3333333333333335,2.25,1.6,3.3333333333333335
Nefazodone,0.85,0.3,0.08333333333333333,0.18181818181818182,0.4444444444444444,3.3333333333333335,3.3333333333333335,2.25,3.3333333333333335
Nefazodone,1,0.08333333333333333,0.18181818181818182,0.3,0.4444444444444444,2.25,2.25,1.6,5.5
Neratinib,0,3,1.1818181818181819,0.6,0.09090909090909091,Inf,23,0.4117647058823529,11
Neratinib,0.26,3,1,0.4117647058823529,0.2,Inf,23,0.4117647058823529,11
Neratinib,0.5,3,1,0.14285714285714285,0.7142857142857143,23,Inf,0.2631578947368421,11
Neratinib,0.85,2,0.8461538461538461,0.5,0.4117647058823529,23,23,0.2631578947368421,11
Neratinib,1,1.6666666666666667,0.8461538461538461,1.1818181818181819,0.6,11,23,0.2,7
Niclosamide,0,3.4444444444444446,0.5384615384615384,5.666666666666667,1.8571428571428572,39,39,9,39
Niclosamide,0.26,3,0.5384615384615384,5.666666666666667,1.3529411764705883,39,39,9,39
Niclosamide,0.5,2.6363636363636362,0.42857142857142855,4.714285714285714,3,39,39,7,39
Niclosamide,0.85,2.3333333333333335,0.8181818181818182,3,1.3529411764705883,Inf,39,7,19
Niclosamide,1,2.076923076923077,0.7391304347826086,1.6666666666666667,1.3529411764705883,Inf,39,5.666666666666667,9
Nilotinib,0,0.6086956521739131,0.9473684210526315,1.8461538461538463,1.0555555555555556,3.111111111111111,3.111111111111111,1.6428571428571428,1.1764705882352942
Nilotinib,0.26,0.6818181818181818,0.9473684210526315,1.8461538461538463,1.3125,3.111111111111111,2.7,1.8461538461538463,1.1764705882352942
Nilotinib,0.5,0.7619047619047619,1.1764705882352942,1.3125,0.9473684210526315,3.111111111111111,2.0833333333333335,1.4666666666666666,1.3125
Nilotinib,0.85,0.6086956521739131,1.1764705882352942,1.1764705882352942,0.37037037037037035,3.625,3.111111111111111,1.6428571428571428,1.3125
Nilotinib,1,0.85,1.0555555555555556,0.9473684210526315,0.5416666666666666,3.625,2.7,1.6428571428571428,1.4666666666666666
NSC95397,0,0.7142857142857143,0.7142857142857143,3,0.09090909090909091,2,1.4,1.4,2
NSC95397,0.26,0.7142857142857143,1,2,0.2,2,1.4,1.4,2
NSC95397,0.5,0.7142857142857143,1,1.4,0.7142857142857143,2,1.4,1.4,2
NSC95397,0.85,0.7142857142857143,0.5,1.4,1.4,3,3,1.4,3
NSC95397,1,0.7142857142857143,0.7142857142857143,0.7142857142857143,1.4,3,3,2,3
Olaparib,0,1,0.6,0.7142857142857143,0.8461538461538461,2,2,3,1.6666666666666667
Olaparib,0.26,1,0.8461538461538461,0.7142857142857143,0.8461538461538461,2,2,3.8,1.6666666666666667
Olaparib,0.5,0.8461538461538461,0.6,1.1818181818181819,0.8461538461538461,2,2,3,1.6666666666666667
Olaparib,0.85,1,0.6,1.1818181818181819,1,1.4,1.6666666666666667,2.4285714285714284,2.4285714285714284
Olaparib,1,0.8461538461538461,0.7142857142857143,1,1,1.6666666666666667,1.6666666666666667,7,2
Parbendazole,0,0,0.08333333333333333,3.3333333333333335,0.625,3.3333333333333335,0.8571428571428571,1.1666666666666667,12
Parbendazole,0.26,0,0.08333333333333333,1.6,0.4444444444444444,2.25,1.6,1.1666666666666667,12
Parbendazole,0.5,0,0.08333333333333333,0.4444444444444444,0.625,12,1.6,0.8571428571428571,12
Parbendazole,0.85,0,0.18181818181818182,0.18181818181818182,0.18181818181818182,5.5,1.1666666666666667,0.625,12
Parbendazole,1,0,0.08333333333333333,0.18181818181818182,0.18181818181818182,5.5,5.5,0.8571428571428571,12
Pazopanib,0,0.26666666666666666,0.7272727272727273,0.5833333333333334,0.7272727272727273,3.75,1.7142857142857142,5.333333333333333,2.1666666666666665
Pazopanib,0.26,0.11764705882352941,0.7272727272727273,0.7272727272727273,0.46153846153846156,3.75,1.7142857142857142,8.5,2.1666666666666665
Pazopanib,0.5,0.1875,0.9,0.9,0.9,2.8,2.1666666666666665,3.75,1.7142857142857142
Pazopanib,0.85,0.26666666666666666,0.5833333333333334,1.1111111111111112,1.375,2.1666666666666665,1.375,8.5,1.1111111111111112
Pazopanib,1,0.11764705882352941,0.5833333333333334,2.1666666666666665,1.375,1.7142857142857142,1.7142857142857142,5.333333333333333,1.1111111111111112
PD-0325901,0,1.8928571428571428,1.025,1.131578947368421,0.5283018867924528,0.975609756097561,0.9285714285714286,0.9285714285714286,1.25
PD-0325901,0.26,1.8928571428571428,0.975609756097561,1.0769230769230769,0.723404255319149,1.025,0.9285714285714286,1.025,1.3142857142857143
PD-0325901,0.5,1.793103448275862,0.5576923076923077,0.6875,0.8409090909090909,1.025,0.8837209302325582,1.131578947368421,1.3142857142857143
PD-0325901,0.85,1.4545454545454546,0.723404255319149,1.025,1.3823529411764706,1.025,0.8837209302325582,1.3823529411764706,1.25
PD-0325901,1,1.25,1.1891891891891893,1.025,1.7,1.131578947368421,0.975609756097561,1.3142857142857143,1.25
Penfluridol,0,0.5,0.7142857142857143,1,3,11,11,11,11
Penfluridol,0.26,0.5,0.5,1.4,0.7142857142857143,11,11,11,Inf
Penfluridol,0.5,0.5,0.5,1,2,11,11,11,3
Penfluridol,0.85,0.5,0.5,0.7142857142857143,1,5,11,3,3
Penfluridol,1,0.5,0.7142857142857143,0.3333333333333333,0.7142857142857143,3,11,3,2
PENICILLIN V POTASSIUM,0,0.2857142857142857,1.25,1.25,0.8,2,3.5,3.5,8
PENICILLIN V POTASSIUM,0.26,0.8,0.8,0.5,0.8,2,2,3.5,8
PENICILLIN V POTASSIUM,0.5,0.2857142857142857,1.25,0.5,0.2857142857142857,1.25,1.25,2,8
PENICILLIN V POTASSIUM,0.85,0.8,0.8,0.2857142857142857,0.2857142857142857,1.25,1.25,2,8
PENICILLIN V POTASSIUM,1,0.5,1.25,0.2857142857142857,0.2857142857142857,0.5,0.8,2,8
Perhexiline,0,1,0.3333333333333333,1,1,1.6666666666666667,1.6666666666666667,1.4,1.1818181818181819
Perhexiline,0.26,1,0.4117647058823529,1,1,1.4,1.6666666666666667,1.4,1.4
Perhexiline,0.5,0.7142857142857143,0.3333333333333333,1,1.1818181818181819,1.4,1.6666666666666667,1.4,1.6666666666666667
Perhexiline,0.85,0.7142857142857143,0.6,1.6666666666666667,0.8461538461538461,1.6666666666666667,1.6666666666666667,2.4285714285714284,1.4
Perhexiline,1,0.7142857142857143,0.8461538461538461,1.1818181818181819,1.1818181818181819,1.4,1.6666666666666667,1.6666666666666667,1.4
Pevonedistat,0,23,0.7142857142857143,5,0.8461538461538461,23,23,0.6,23
Pevonedistat,0.26,7,0.7142857142857143,11,0.5,23,23,0.6,23
Pevonedistat,0.5,23,0.7142857142857143,2.4285714285714284,0.8461538461538461,23,23,0.6,23
Pevonedistat,0.85,Inf,0.4117647058823529,1.1818181818181819,0.8461538461538461,23,11,0.5,23
Pevonedistat,1,11,0.5,1.4,0.8461538461538461,23,11,0.5,23
PF-562271,0,1.1333333333333333,1.2857142857142858,0.7777777777777778,0.6,1.1333333333333333,1.1333333333333333,0.45454545454545453,0.8823529411764706
PF-562271,0.26,0.8823529411764706,1.2857142857142858,0.5238095238095238,0.7777777777777778,1.1333333333333333,1.1333333333333333,0.5238095238095238,1
PF-562271,0.5,0.8823529411764706,1,0.6,1.2857142857142858,1.2857142857142858,1.2857142857142858,0.6,0.8823529411764706
PF-562271,0.85,0.8823529411764706,1.4615384615384615,0.6842105263157895,0.6842105263157895,1.2857142857142858,1.2857142857142858,0.45454545454545453,1.2857142857142858
PF-562271,1,0.8823529411764706,1.4615384615384615,0.5238095238095238,0.7777777777777778,1.2857142857142858,1.4615384615384615,0.45454545454545453,1.1333333333333333
PF477736,0,0.42857142857142855,0.5384615384615384,4,0.8181818181818182,1.8571428571428572,1.5,1.8571428571428572,2.3333333333333335
PF477736,0.26,0.42857142857142855,0.42857142857142855,4,0.8181818181818182,1.8571428571428572,1.2222222222222223,2.3333333333333335,2.3333333333333335
PF477736,0.5,0.42857142857142855,0.42857142857142855,1.8571428571428572,0.8181818181818182,1.8571428571428572,1.2222222222222223,2.3333333333333335,3
PF477736,0.85,0.42857142857142855,0.5384615384615384,1.5,1,1.5,1.8571428571428572,4,3
PF477736,1,0.42857142857142855,0.5384615384615384,1.5,1,1.8571428571428572,2.3333333333333335,4,4
PHA-793887,0,1,0.05555555555555555,1.1111111111111112,0.52,1.2352941176470589,1.375,0.1875,2.4545454545454546
PHA-793887,0.26,1,0.02702702702702703,0.9,0.35714285714285715,1.2352941176470589,1.375,0.1875,2.4545454545454546
PHA-793887,0.5,1.2352941176470589,0.02702702702702703,0.9,0.9,1.375,1.375,0.22580645161290322,2.1666666666666665
PHA-793887,0.85,1,0.08571428571428572,0.35714285714285715,0.52,1.7142857142857142,1.375,0.26666666666666666,5.333333333333333
PHA-793887,1,0.9,0.11764705882352941,0.4074074074074074,0.52,1.7142857142857142,1.5333333333333334,0.3103448275862069,6.6
phylloquinone,0,0.4,0.4,0.16666666666666666,1.3333333333333333,1.3333333333333333,1.3333333333333333,1.3333333333333333,6
phylloquinone,0.26,0.16666666666666666,0.4,0.4,2.5,1.3333333333333333,1.3333333333333333,1.3333333333333333,6
phylloquinone,0.5,0.16666666666666666,0.4,0.75,2.5,1.3333333333333333,1.3333333333333333,1.3333333333333333,6
phylloquinone,0.85,0.16666666666666666,0.4,0.4,1.3333333333333333,2.5,2.5,0.75,6
phylloquinone,1,0.16666666666666666,0.75,0.4,0.75,2.5,2.5,0.75,6
PLX-4720,0,0.3157894736842105,1.2727272727272727,1.2727272727272727,1.0833333333333333,0.7857142857142857,0.9230769230769231,1.7777777777777777,0.47058823529411764
PLX-4720,0.26,0.3157894736842105,1.5,1.2727272727272727,1.2727272727272727,0.7857142857142857,0.9230769230769231,2.125,0.47058823529411764
PLX-4720,0.5,0.3157894736842105,1.5,0.9230769230769231,0.5625,0.7857142857142857,0.9230769230769231,2.5714285714285716,0.47058823529411764
PLX-4720,0.85,0.19047619047619047,1.2727272727272727,0.9230769230769231,0.6666666666666666,1.0833333333333333,1.0833333333333333,3.1666666666666665,0.47058823529411764
PLX-4720,1,0.25,1.2727272727272727,0.7857142857142857,0.6666666666666666,1.0833333333333333,1.0833333333333333,3.1666666666666665,0.5625
Podofilox,0,0.125,0.2857142857142857,17,0.125,8,5,1,Inf
Podofilox,0.26,0.125,0.6363636363636364,5,0.2,8,5,0.8,Inf
Podofilox,0.5,0.2857142857142857,0.8,1.25,0.5,8,5,1,17
Podofilox,0.85,0.2857142857142857,2,0.6363636363636364,0.5,5,5,1.5714285714285714,Inf
Podofilox,1,0.38461538461538464,3.5,0.38461538461538464,0.5,5,5,2.6,17
QL47,0,0.2,0.2,1.1818181818181819,2.4285714285714284,5,5,23,7
QL47,0.26,0.09090909090909091,0.2631578947368421,1.6666666666666667,1,5,5,23,7
QL47,0.5,0.2,0.3333333333333333,1.4,1.1818181818181819,5,5,23,7
QL47,0.85,0.4117647058823529,0.6,1.1818181818181819,1.1818181818181819,11,7,7,7
QL47,1,0.5,0.7142857142857143,1.1818181818181819,1,23,11,3.8,7
Quizartinib,0,0.9230769230769231,0.47058823529411764,0.5625,1.2727272727272727,7.333333333333333,5.25,2.5714285714285716,2.125
Quizartinib,0.26,0.9230769230769231,0.3157894736842105,0.6666666666666666,0.9230769230769231,7.333333333333333,5.25,2.5714285714285716,2.5714285714285716
Quizartinib,0.5,0.7857142857142857,0.5625,0.6666666666666666,1.7777777777777777,7.333333333333333,7.333333333333333,3.1666666666666665,2.125
Quizartinib,0.85,0.7857142857142857,0.5625,0.47058823529411764,1.0833333333333333,11.5,11.5,4,2.5714285714285716
Quizartinib,1,0.9230769230769231,0.5625,0.5625,1.2727272727272727,7.333333333333333,11.5,2.5714285714285716,4
Raloxifene,0,2.357142857142857,0.23684210526315788,0.9583333333333334,0.5161290322580645,4.875,4.222222222222222,0.8076923076923077,4.875
Raloxifene,0.26,1.9375,0.11904761904761904,1.2380952380952381,0.23684210526315788,4.875,4.222222222222222,1.0434782608695652,5.714285714285714
Raloxifene,0.5,2.9166666666666665,0.09302325581395349,0.7407407407407407,0.3055555555555556,3.7,4.222222222222222,1.2380952380952381,5.714285714285714
Raloxifene,0.85,1.0434782608695652,0.14634146341463414,0.7407407407407407,0.42424242424242425,4.222222222222222,4.222222222222222,1.0434782608695652,4.875
Raloxifene,1,1.6111111111111112,0.14634146341463414,1.0434782608695652,0.46875,3.7,4.875,0.6785714285714286,3.7
Rifabutin,0,0,0.6666666666666666,1,0,0.6666666666666666,0.6666666666666666,2.3333333333333335,1.5
Rifabutin,0.26,0,0.6666666666666666,1,0.42857142857142855,0.6666666666666666,0.6666666666666666,2.3333333333333335,1.5
Rifabutin,0.5,0,0.42857142857142855,2.3333333333333335,1,0.6666666666666666,0.6666666666666666,1.5,1.5
Rifabutin,0.85,0.1111111111111111,1,1,0.6666666666666666,0.6666666666666666,1,1,1.5
Rifabutin,1,0.1111111111111111,1,1,1,0.6666666666666666,1.5,1,1
Roquinimex,0,0.25,1,0.6666666666666666,4,4,9,9,9
Roquinimex,0.26,0.42857142857142855,0.42857142857142855,1,4,4,9,4,9
Roquinimex,0.5,0.42857142857142855,1.5,1.5,4,2.3333333333333335,9,4,9
Roquinimex,0.85,0.42857142857142855,1.5,0.42857142857142855,4,9,9,4,9
Roquinimex,1,0.42857142857142855,1.5,0.42857142857142855,4,2.3333333333333335,9,4,9
Rottlerin,0,1.7142857142857142,0.7272727272727273,2.1666666666666665,1.375,Inf,Inf,3.75,Inf
Rottlerin,0.26,2.1666666666666665,0.7272727272727273,2.1666666666666665,1.7142857142857142,Inf,Inf,3.75,Inf
Rottlerin,0.5,2.1666666666666665,0.9,1.375,3.75,Inf,Inf,2.8,Inf
Rottlerin,0.85,1.7142857142857142,1.375,2.1666666666666665,1.375,18,Inf,3.75,Inf
Rottlerin,1,1.375,1.375,2.1666666666666665,2.1666666666666665,18,Inf,2.8,18
Ruxolitinib,0,0.6428571428571429,0.35294117647058826,0.6428571428571429,1.3,0.9166666666666666,1.3,1.5555555555555556,1.5555555555555556
Ruxolitinib,0.26,0.6428571428571429,0.5333333333333333,0.6428571428571429,1.0909090909090908,0.9166666666666666,1.0909090909090908,1.5555555555555556,1.3
Ruxolitinib,0.5,0.7692307692307693,0.6428571428571429,0.4375,0.9166666666666666,0.9166666666666666,1.3,1.3,1.875
Ruxolitinib,0.85,0.6428571428571429,0.7692307692307693,0.2777777777777778,0.2777777777777778,1.3,1.3,1.3,1.3
Ruxolitinib,1,0.9166666666666666,0.7692307692307693,0.2777777777777778,0.2777777777777778,0.9166666666666666,1.875,0.9166666666666666,1.5555555555555556
SB743921,0,0.1,0,Inf,0,0.375,0.2222222222222222,2.6666666666666665,0.5714285714285714
SB743921,0.26,0.1,0.375,Inf,0.1,0.375,0.375,2.6666666666666665,0.2222222222222222
SB743921,0.5,0.1,0.5714285714285714,0.8333333333333334,0,0.8333333333333334,0.2222222222222222,2.6666666666666665,0.2222222222222222
SB743921,0.85,0.1,2.6666666666666665,0.375,0,10,0.8333333333333334,4.5,1.2
SB743921,1,0.1,4.5,0.5714285714285714,0,Inf,1.2,10,1.2
SCHEMBL1564574,0,0.7333333333333333,0.625,0.5294117647058824,0.7333333333333333,0.625,0.625,1.3636363636363635,1.1666666666666667
SCHEMBL1564574,0.26,0.4444444444444444,0.7333333333333333,0.3684210526315789,0.4444444444444444,0.625,0.5294117647058824,1.3636363636363635,1.1666666666666667
SCHEMBL1564574,0.5,0.3684210526315789,0.7333333333333333,0.5294117647058824,0.5294117647058824,0.7333333333333333,0.625,1.8888888888888888,1.1666666666666667
SCHEMBL1564574,0.85,0.4444444444444444,0.625,0.625,0.4444444444444444,1,1,1.6,1
SCHEMBL1564574,1,0.625,0.625,0.18181818181818182,0.5294117647058824,1,1.3636363636363635,1.3636363636363635,1
SCHEMBL618594,0,0.25,0.6666666666666666,0.5,1.5,0.15384615384615385,0.25,2,0.36363636363636365
SCHEMBL618594,0.26,0.15384615384615385,0.875,0.5,0.875,0.25,0.25,2,0.36363636363636365
SCHEMBL618594,0.5,0.25,0.875,0.15384615384615385,0.6666666666666666,0.25,0.25,2,0.36363636363636365
SCHEMBL618594,0.85,0.36363636363636365,1.1428571428571428,0.15384615384615385,0.6666666666666666,0.25,0.36363636363636365,2,0.36363636363636365
SCHEMBL618594,1,0.36363636363636365,4,0.07142857142857142,0.6666666666666666,0.15384615384615385,0.36363636363636365,2,0.36363636363636365
Seliciclib,0,0.42857142857142855,0.875,4,0.5789473684210527,0.6666666666666666,0.7647058823529411,0.2,0.6666666666666666
Seliciclib,0.26,0.42857142857142855,1,1.3076923076923077,0.6666666666666666,0.6666666666666666,0.7647058823529411,0.2,0.6666666666666666
Seliciclib,0.5,0.36363636363636365,0.6666666666666666,2,0.6666666666666666,0.6666666666666666,0.875,0.25,0.6666666666666666
Seliciclib,0.85,0.5789473684210527,0.36363636363636365,1.5,0.36363636363636365,1,1.1428571428571428,0.36363636363636365,0.7647058823529411
Seliciclib,1,0.5789473684210527,0.6666666666666666,1.5,0.5,0.875,0.875,0.36363636363636365,1.1428571428571428
SGX-523,0,0.625,1.1666666666666667,0.625,1.6,0.4444444444444444,0.3,2.25,0.3
SGX-523,0.26,0.625,1.6,0.18181818181818182,1.6,0.4444444444444444,0.4444444444444444,2.25,0.3
SGX-523,0.5,0.4444444444444444,1.1666666666666667,0.4444444444444444,3.3333333333333335,0.4444444444444444,0.3,3.3333333333333335,0.3
SGX-523,0.85,0.3,0.8571428571428571,0.8571428571428571,1.1666666666666667,0.625,0.625,2.25,0.625
SGX-523,1,0.4444444444444444,1.6,0.8571428571428571,1.1666666666666667,0.4444444444444444,0.625,2.25,0.625
Sirolimus,0,0.7702702702702703,0.1592920353982301,0.39361702127659576,0.27184466019417475,4.24,2.1951219512195124,1.471698113207547,6.705882352941177
Sirolimus,0.26,0.5783132530120482,0.1391304347826087,0.5595238095238095,0.24761904761904763,3.8518518518518516,2.046511627906977,1.5686274509803921,7.1875
Sirolimus,0.5,0.5057471264367817,0.11965811965811966,1.2982456140350878,0.8450704225352113,2.8529411764705883,2.046511627906977,1.6734693877551021,6.705882352941177
Sirolimus,0.85,0.5232558139534884,0.18018018018018017,1.2203389830508475,0.9264705882352942,1.6734693877551021,2.119047619047619,0.9848484848484849,6.277777777777778
Sirolimus,1,0.5595238095238095,0.2018348623853211,1.471698113207547,0.9552238805970149,1.6734693877551021,1.62,1.0793650793650793,5.55
Sitagliptin,0,1,0.6,0.6,1,1.6666666666666667,1.6666666666666667,3,3
Sitagliptin,0.26,1,0.6,0.6,1.6666666666666667,1.6666666666666667,1.6666666666666667,3,3
Sitagliptin,0.5,1,1,0.6,1,3,1.6666666666666667,3,3
Sitagliptin,0.85,1,1,1,1,3,1.6666666666666667,3,3
Sitagliptin,1,1,1,0.3333333333333333,1,7,3,3,1.6666666666666667
Skiii,0,1.6,2.7142857142857144,1.8888888888888888,0.5294117647058824,7.666666666666667,5.5,1.6,5.5
Skiii,0.26,1.6,1.6,1.6,0.5294117647058824,7.666666666666667,5.5,1.6,7.666666666666667
Skiii,0.5,1.3636363636363635,1.8888888888888888,0.8571428571428571,0.7333333333333333,7.666666666666667,5.5,1.3636363636363635,7.666666666666667
Skiii,0.85,1.6,3.3333333333333335,0.7333333333333333,0.5294117647058824,7.666666666666667,5.5,1,5.5
Skiii,1,1.8888888888888888,2.7142857142857144,0.3684210526315789,0.625,7.666666666666667,5.5,1.1666666666666667,4.2
Sorafenib,0,0.3870967741935484,1.3888888888888888,1.263157894736842,0.5357142857142857,1.263157894736842,1.263157894736842,1.8666666666666667,1.15
Sorafenib,0.26,0.43333333333333335,1.15,0.6538461538461539,0.4827586206896552,1.3888888888888888,1.263157894736842,1.6875,1.15
Sorafenib,0.5,0.34375,1.15,0.5925925925925926,0.4827586206896552,1.3888888888888888,1.15,1.8666666666666667,1.15
Sorafenib,0.85,0.3870967741935484,0.6538461538461539,0.9545454545454546,0.72,2.5833333333333335,1.3888888888888888,1.3888888888888888,1.15
Sorafenib,1,0.5357142857142857,0.72,0.7916666666666666,0.5925925925925926,2.909090909090909,1.6875,1.15,1.15
SPECTRUM_001092,0,0.2222222222222222,1.2,0.8333333333333334,2.6666666666666665,Inf,10,2.6666666666666665,Inf
SPECTRUM_001092,0.26,0.2222222222222222,0.8333333333333334,1.2,4.5,Inf,10,2.6666666666666665,Inf
SPECTRUM_001092,0.5,0.2222222222222222,1.75,1.2,Inf,Inf,10,1.75,Inf
SPECTRUM_001092,0.85,0.2222222222222222,2.6666666666666665,0.375,4.5,Inf,Inf,1.2,Inf
SPECTRUM_001092,1,0.2222222222222222,4.5,0.5714285714285714,2.6666666666666665,Inf,Inf,0.5714285714285714,Inf
TAE-684,0,1.4615384615384615,0.45454545454545453,1,0.45454545454545453,3,5.4,4.333333333333333,9.666666666666666
TAE-684,0.26,1.4615384615384615,0.6842105263157895,0.7777777777777778,0.391304347826087,3,5.4,5.4,7
TAE-684,0.5,1.9090909090909092,0.391304347826087,0.6842105263157895,0.3333333333333333,2.5555555555555554,3.5714285714285716,7,7
TAE-684,0.85,1.4615384615384615,0.45454545454545453,1.1333333333333333,0.45454545454545453,3,3.5714285714285716,2.5555555555555554,3.5714285714285716
TAE-684,1,1.4615384615384615,0.45454545454545453,0.6842105263157895,0.45454545454545453,2.5555555555555554,3.5714285714285716,2.2,3.5714285714285716
TAK-715,0,0.9090909090909091,0.3125,0.16666666666666666,0.6153846153846154,0.9090909090909091,0.75,0.75,0.9090909090909091
TAK-715,0.26,1.1,0.4,0.10526315789473684,0.6153846153846154,1.1,0.75,0.9090909090909091,0.9090909090909091
TAK-715,0.5,0.9090909090909091,0.3125,0.3125,0.9090909090909091,0.9090909090909091,0.75,0.75,0.9090909090909091
TAK-715,0.85,0.75,0.16666666666666666,0.6153846153846154,0.9090909090909091,1.1,0.9090909090909091,0.9090909090909091,1.1
TAK-715,1,1.1,0.16666666666666666,0.75,0.9090909090909091,1.1,0.9090909090909091,0.9090909090909091,1.1
Troglitazone,0,0.7272727272727273,2.1666666666666665,0.26666666666666666,1.375,0.35714285714285715,0.46153846153846156,0.46153846153846156,0.35714285714285715
Troglitazone,0.26,0.5833333333333334,2.1666666666666665,0.26666666666666666,1.375,0.35714285714285715,0.35714285714285715,0.5833333333333334,0.46153846153846156
Troglitazone,0.5,0.46153846153846156,0.9,0.26666666666666666,1.375,0.46153846153846156,0.46153846153846156,0.5833333333333334,0.46153846153846156
Troglitazone,0.85,0.7272727272727273,0.5833333333333334,0.46153846153846156,1.375,0.9,0.9,1.7142857142857142,0.7272727272727273
Troglitazone,1,0.5833333333333334,0.5833333333333334,0.46153846153846156,1.1111111111111112,0.9,1.1111111111111112,1.1111111111111112,0.5833333333333334
Valsartan,0,0.2222222222222222,0.2222222222222222,0.1,0.375,1.75,1.2,0.5714285714285714,1.75
Valsartan,0.26,0.2222222222222222,0.2222222222222222,0,0.375,2.6666666666666665,1.2,0.5714285714285714,1.2
Valsartan,0.5,0.2222222222222222,0.2222222222222222,0.2222222222222222,0.375,2.6666666666666665,1.2,0.5714285714285714,1.75
Valsartan,0.85,0.1,0.2222222222222222,0.2222222222222222,0.5714285714285714,0.8333333333333334,1.2,0.5714285714285714,1.75
Valsartan,1,0.2222222222222222,0.2222222222222222,0.2222222222222222,0.8333333333333334,0.8333333333333334,1.2,0.8333333333333334,1.75
Veliparib,0,1.2,0.5714285714285714,0.7368421052631579,1.75,0.8333333333333334,0.8333333333333334,1.2,0.5714285714285714
Veliparib,0.26,0.9411764705882353,0.65,0.8333333333333334,1.75,0.65,0.8333333333333334,1.2,0.65
Veliparib,0.5,1.5384615384615385,0.5714285714285714,1.3571428571428572,0.9411764705882353,0.5714285714285714,0.7368421052631579,1.3571428571428572,0.65
Veliparib,0.85,0.8333333333333334,0.7368421052631579,1.0625,0.7368421052631579,0.7368421052631579,1.0625,1.5384615384615385,0.65
Veliparib,1,0.9411764705882353,0.7368421052631579,1.3571428571428572,1.0625,0.5714285714285714,1.0625,1.3571428571428572,0.65
vincristine,0,0.7272727272727273,0.11764705882352941,5.333333333333333,0.35714285714285715,Inf,Inf,1.375,Inf
vincristine,0.26,0.46153846153846156,0.11764705882352941,5.333333333333333,0.35714285714285715,Inf,Inf,1.7142857142857142,Inf
vincristine,0.5,0.9,0.11764705882352941,2.1666666666666665,0.35714285714285715,Inf,Inf,2.1666666666666665,Inf
vincristine,0.85,1.1111111111111112,0.11764705882352941,0.7272727272727273,0.35714285714285715,Inf,18,1.1111111111111112,Inf
vincristine,1,1.1111111111111112,0.7272727272727273,0.5833333333333334,0.35714285714285715,18,18,1.1111111111111112,Inf
Vorinostat,0,1.9702970297029703,0.2987012987012987,0.9607843137254902,0.6216216216216216,5.666666666666667,5,1.1126760563380282,3.838709677419355
Vorinostat,0.26,1.9411764705882353,0.1583011583011583,0.5384615384615384,0.2711864406779661,5.122448979591836,4.660377358490566,1.173913043478261,4.084745762711864
Vorinostat,0.5,2.5714285714285716,0.10294117647058823,0.29310344827586204,0.2605042016806723,4.882352941176471,4.454545454545454,0.910828025477707,4
Vorinostat,0.85,1.9411764705882353,0.2145748987854251,0.1952191235059761,0.4084507042253521,9,6.5,1.2727272727272727,3.6875
Vorinostat,1,2.1578947368421053,0.2145748987854251,0.16279069767441862,0.4634146341463415,5.976744186046512,7.823529411764706,2,4
VX-745,0,0.2727272727272727,0.5555555555555556,1,0.4,0.75,0.75,1.3333333333333333,1
VX-745,0.26,0.2727272727272727,0.4,0.4,0.4,1,0.75,1.8,1
VX-745,0.5,0.2727272727272727,0.5555555555555556,0.75,0.5555555555555556,0.75,1,1,1
VX-745,0.85,0.4,0.5555555555555556,0.75,0.4,1,0.75,1,1.3333333333333333
VX-745,1,0.4,0.75,1,0.75,0.75,0.75,0.75,1.3333333333333333
Withaferin A,0,0.9130434782608695,0.6,2.142857142857143,0.1891891891891892,3.888888888888889,3.1904761904761907,2.259259259259259,7
Withaferin A,0.26,0.8333333333333334,0.4915254237288136,1.2564102564102564,0.2222222222222222,3.888888888888889,3.4,2.0344827586206895,7
Withaferin A,0.5,1,0.41935483870967744,0.6296296296296297,0.4426229508196721,3.888888888888889,3,1.8387096774193548,7
Withaferin A,0.85,1.4444444444444444,0.6296296296296297,0.4426229508196721,0.1282051282051282,4.866666666666666,2.6666666666666665,1.5142857142857142,7.8
Withaferin A,1,1.588235294117647,0.6,0.4426229508196721,0.1282051282051282,4.5,3,1.3783783783783783,7
Wortmannin,0,0.9578947368421052,0.10714285714285714,0.6909090909090909,0.4198473282442748,4.636363636363637,3.5365853658536586,3.769230769230769,7.857142857142857
Wortmannin,0.26,0.86,0.10714285714285714,0.9175257731958762,0.4645669291338583,4.8125,3.5365853658536586,4.314285714285714,7.857142857142857
Wortmannin,0.5,0.8415841584158416,0.08771929824561403,1.325,0.9175257731958762,4.166666666666667,3.3255813953488373,3.769230769230769,7.454545454545454
Wortmannin,0.85,1.0898876404494382,0.14814814814814814,1.0898876404494382,1.043956043956044,3.5365853658536586,3.769230769230769,2.206896551724138,7.086956521739131
Wortmannin,1,1.2409638554216869,0.14814814814814814,0.9175257731958762,1.1627906976744187,3.8947368421052633,4.8125,1.9523809523809523,7.086956521739131
