compound,los,nib,quine,vir,similarity,meansim,nas
AS-605240,0.8877,0.3992,0.5034,0.447,-0.3329,0.559325,0
Phorbol Myristate Acetate,0.8535,0.3868,NA,0.42,-0.3308,0.5534333333333333,1
5-(6-Aminopurin-9-yl)-2-methyltetrahydrofuran-3-ol,0.8293,0.3345,0.518,0.4235,-0.3326,0.526325,0
Zileuton,0.8246,0.4333,0.4045,0.4344,-0.3342,0.5242,0
STOCK1N-09285,0.81,NA,0.5019,0.4327,-0.3514,0.5815333333333333,1
Palovarotene,0.8019,0.4492,NA,0.4006,-0.343,0.5505666666666666,1
BRD-A25736793,0.7829,0.3535,0.5517,0.4878,-0.3229,0.543975,0
Sirolimus,0.7773,0.7163,0.6614,0.5843,-0.3216,0.684825,0
AZD-5438,0.7546,NA,0.5941,0.3299,-0.3427,0.5595333333333333,1
Avicin-D,0.7491,NA,0.4976,0.4648,-0.3666,0.5705,1
Y-39983,0.7242,NA,0.416,0.5265,-0.3251,0.5555666666666667,1
Iguratimod,0.7129,NA,0.3621,0.3716,-0.3815,0.48219999999999996,1
Busulfan,0.7045,0.3316,0.5194,0.5524,-0.3632,0.526975,0
PI828,0.7015,0.3678,0.4421,0.4119,-0.3426,0.480825,0
AZD4547,0.698,0.5546,0.5883,0.4749,-0.3341,0.57895,0
Bendroflumethiazide,0.6906,NA,0.4712,NA,-0.3826,0.5809,2
Deoxycholic acid,0.689,0.3493,0.6186,0.3294,-0.3378,0.496575,0
Fumonisin-B1,0.6737,NA,0.4245,0.4326,-0.3276,0.5102666666666666,1
Cisapride,0.6717,0.3448,NA,NA,-0.3512,0.50825,2
BMS-299897,0.6709,NA,0.5785,0.5197,-0.3239,0.5897,1
BMY-14802,0.6649,NA,0.4826,NA,-0.3621,0.57375,2
"Temsirolimus (CCI-779, NSC 683864)",0.6629,NA,0.452,0.5129,-0.4826,0.5426,1
SCHEMBL6851809,0.6615,0.3558,0.587,0.686,-0.5603,0.5725750000000001,0
Tipiracil (hydrochloride),0.6567,NA,0.3776,0.4362,-0.3522,0.49016666666666664,1
SCHEMBL13991002,0.6496,NA,0.4992,0.4268,-0.3313,0.5252,1
LEVOSIMENDAN,0.6486,0.3602,NA,NA,-0.3681,0.5044,2
BRD-K01621458,0.6439,0.3736,0.548,0.3499,-0.3356,0.47885,0
CHEMBL1083527,0.6378,0.5107,0.591,0.5002,-0.3661,0.559925,0
Mizolastine,0.6241,0.4371,NA,0.3486,-0.41,0.4699333333333333,1
Tivozanib,0.624,0.5066,0.4541,0.5967,-0.3733,0.54535,0
AP26113,0.6228,0.3478,0.4888,0.5956,-0.3391,0.51375,0
Mifepristone,0.6226,0.3506,0.3723,0.3891,-0.3367,0.43365000000000004,0
SCHEMBL15556278,0.6216,NA,0.5235,0.5135,-0.3282,0.5528666666666666,1
Voriconazole,0.6206,NA,NA,0.364,-0.3559,0.4923,2
Minoxidil,0.6206,NA,0.5991,0.4892,-0.3221,0.5696333333333333,1
Famciclovir,0.6153,NA,0.5341,0.4077,-0.372,0.5190333333333333,1
GW843682X,0.6142,NA,0.4127,0.4639,-0.3971,0.49693333333333334,1
Tacedinaline,0.6127,0.4385,0.4842,0.4701,-0.3289,0.501375,0
GDC-0152,0.6095,NA,NA,0.4254,-0.3309,0.51745,2
Phenoxazine,0.6033,NA,0.5445,0.321,-0.3262,0.4896,1
AKT Inhibitor VIII,0.6023,0.6433,0.6051,0.6663,-0.4253,0.62925,0
BG-51,0.6019,0.3936,0.4678,0.5211,-0.3493,0.4961,0
Simvastatin,0.6015,0.4479,0.4978,0.3276,-0.3371,0.4687,0
BRD-K01425431,0.5961,0.4572,0.512,0.4887,-0.3382,0.5135,0
Troglitazone,0.5952,0.3248,0.6153,0.5708,-0.3398,0.5265249999999999,0
AC1NSZCT,0.5944,NA,0.499,0.3225,-0.3704,0.4719666666666667,1
Bitopertin,0.5942,NA,0.4026,0.4422,-0.3982,0.47966666666666663,1
Raloxifene,0.5933,0.6628,0.5569,0.5117,-0.3282,0.581175,0
Valsartan,0.5918,NA,0.377,0.3862,-0.3572,0.45166666666666666,1
"Ingenol 3,20-dibenzoate",0.5911,0.4068,0.4588,0.4395,-0.3382,0.47404999999999997,0
Vemurafenib,0.5879,0.538,0.5428,0.4345,-0.3408,0.5258,0
Betahistine,0.5863,0.4354,0.4526,0.6518,-0.3911,0.531525,0
BRD-K84528570,0.584,0.4051,NA,NA,-0.3667,0.49455,2
RO4987655,0.5802,0.3866,0.4299,0.3476,-0.3405,0.436075,0
Tamibarotene,0.5796,NA,0.4748,0.4253,-0.3702,0.49323333333333336,1
Verapamil,0.5782,0.4291,0.4483,0.4382,-0.3794,0.47345,0
NCGC00166323-01,0.5771,0.3753,0.5656,0.4104,-0.332,0.4821,0
CHEMBL2132289,0.5767,0.3725,0.5686,0.5187,-0.3363,0.509125,0
BRD-K93112400,0.5687,NA,0.3627,NA,-0.3561,0.4657,2
OSI-906 (Linsitinib),0.567,NA,NA,0.4778,-0.3746,0.5224,2
Dacomitinib,0.5665,0.3924,0.5435,0.4784,-0.3337,0.4952,0
HY-11007,0.5642,0.3332,0.4515,0.463,-0.3264,0.452975,0
RG2833 (RGFP109),0.5637,0.4207,0.4508,0.6683,-0.4001,0.525875,0
Mozavaptan,0.5633,NA,0.4499,0.3872,-0.3314,0.4668,1
Chlorpheniramine,0.5614,NA,0.501,0.4114,-0.3934,0.4912666666666667,1
L-690330,0.5613,NA,0.4487,0.641,-0.3392,0.5503333333333333,1
Alisertib,0.56,0.4135,0.4179,0.464,-0.3399,0.46385,0
SCHEMBL3958507,0.5591,0.3771,0.424,0.5995,-0.3624,0.489925,0
GSK-J1,0.557,NA,0.5873,0.4001,-0.3781,0.5148,1
Decitabine,0.5555,0.3468,0.4944,0.475,-0.3221,0.467925,0
CHEMBL3182395,0.5549,0.4798,0.4517,0.4227,-0.3569,0.477275,0
Berberine,0.5516,0.405,NA,0.4298,-0.4361,0.46213333333333334,1
Nebivolol,0.5478,0.4831,NA,0.4002,-0.3593,0.4770333333333333,1
BRD-K64106162,0.5458,NA,0.4627,0.4201,-0.3663,0.47619999999999996,1
FR-180204,0.5443,NA,0.6516,0.5025,-0.3787,0.5661333333333333,1
BRD-K37303684,0.5443,NA,NA,0.3649,-0.3356,0.4546,2
N6022,0.5422,NA,NA,0.3514,-0.3393,0.4468,2
Saracatinib,0.5386,0.617,0.5368,0.425,-0.3664,0.52935,0
Pimobendan,0.5355,NA,0.5828,0.5533,-0.3243,0.5572,1
Gly-Gly-Palo,0.5334,NA,NA,0.4493,-0.3331,0.49134999999999995,2
Lidoflazine,0.5298,0.5868,NA,0.3988,-0.3311,0.5051333333333333,1
CX-5461,0.5277,0.3896,0.44,0.3878,-0.3339,0.43627499999999997,0
Galeterone,0.5249,0.4917,0.4449,0.3752,-0.3315,0.459175,0
Nimodipine,0.5176,NA,0.5144,0.3995,-0.3214,0.47716666666666663,1
Nandrolone,0.5145,0.431,0.5223,0.3793,-0.3393,0.461775,0
DOCETAXEL,0.5119,0.4016,NA,0.404,-0.3801,0.4391666666666667,1
Minaprine,0.5111,NA,0.4523,NA,-0.3608,0.4817,2
ABT-751,0.5094,0.4309,NA,NA,-0.3296,0.47014999999999996,2
Theophylline,0.5076,NA,NA,0.3371,-0.3833,0.42235,2
Imatinib,0.5043,0.583,0.5535,0.6042,-0.3211,0.56125,0
Bepotastine Besilate,0.499,NA,0.4535,0.3385,-0.3238,0.43033333333333335,1
Pomalidomide,0.4979,0.5217,0.3877,0.3231,-0.3268,0.4326,0
Varlitinib,0.4942,0.652,NA,0.4816,-0.3508,0.5426,1
BRD-K31427141,0.4906,NA,0.4235,NA,-0.3905,0.45704999999999996,2
BRD-A10420615-001-02-8,0.4882,0.4396,0.4233,0.4055,-0.4232,0.43915000000000004,0
Raltitrexed,0.4876,0.3618,0.4352,NA,-0.3331,0.42819999999999997,1
BRD-A43331270-001-01-6,0.4868,0.6066,0.4353,0.4409,-0.3931,0.4924,0
BRD-K10143126,0.4864,NA,NA,0.3406,-0.3499,0.4135,2
CHEMBL2135649,0.4852,0.354,NA,0.3562,-0.4122,0.3984666666666667,1
Dimesna,0.484,NA,NA,0.4418,-0.3291,0.4629,2
Diphenidol,0.4839,NA,0.3211,0.3355,-0.3586,0.38016666666666665,1
"MEK162 (ARRY-162, ARRY-438162)",0.4801,0.3758,NA,0.3815,-0.3243,0.4124666666666667,1
Dexamethasone 21-acetate,0.4778,NA,NA,0.3523,-0.3425,0.41505000000000003,2
Axitinib,0.477,NA,0.4569,0.4243,-0.3408,0.4527333333333333,1
Moxifloxacin,0.4768,NA,0.4051,0.4445,-0.321,0.4421333333333333,1
SCHEMBL16892136,0.4741,0.3456,0.4137,NA,-0.328,0.41113333333333335,1
MLS002703118,0.4696,0.5343,0.4213,0.3465,-0.4074,0.442925,0
Picotamide,0.4647,NA,0.4184,0.3807,-0.3224,0.4212666666666667,1
Thiothixene,0.4625,0.6372,0.537,0.5407,-0.3314,0.54435,0
TL Aurora 09,0.4609,NA,0.4875,NA,-0.407,0.47419999999999995,2
Mestanolone,0.4608,0.431,NA,NA,-0.3648,0.44589999999999996,2
H 8,0.4605,NA,0.4016,0.3915,-0.3351,0.41786666666666666,1
CHEMBL1868923,0.4592,NA,0.4324,0.3269,-0.3389,0.4061666666666667,1
amcinonide,0.454,0.3912,0.4817,0.4145,-0.3527,0.43535,0
Danazol,0.4521,0.4233,0.5169,0.4114,-0.3491,0.450925,0
CHEMBL1410859,0.4481,NA,0.3674,NA,-0.3479,0.40775,2
Trimetozine,0.4455,NA,0.3764,0.4075,-0.3383,0.4098,1
Irinotecan,0.4451,0.3584,0.4654,0.4424,-0.3212,0.427825,0
PRIMA 1,0.4448,NA,NA,0.3258,-0.329,0.3853,2
PP 2,0.4442,0.3957,0.3892,0.3581,-0.3246,0.3968,0
(+)-SK&F 10047 hydrochloride,0.4392,NA,NA,0.3487,-0.4106,0.39395,2
SUDAHWBOROXANE-UHFFFAOYSA-N,0.4386,NA,NA,0.5711,-0.3247,0.50485,2
Cpccoet,0.4374,NA,0.4698,0.5167,-0.3936,0.47463333333333335,1
5-Nonyloxytryptamine,0.4354,0.5356,0.3907,NA,-0.3255,0.45389999999999997,1
6266-99-5,0.4338,0.4317,0.3748,0.4049,-0.3272,0.4113,0
Bazedoxifene HCl,0.4332,0.5643,0.6497,0.3764,-0.3623,0.5059,0
HSCI1_000314,0.4331,NA,0.4631,0.3327,-0.3303,0.40963333333333335,1
Indole-3-carbinol,0.4311,NA,NA,0.3901,-0.3382,0.41059999999999997,2
3-Aminobenzamide,0.4293,NA,0.4986,NA,-0.4166,0.46395,2
1-(4-fluorobenzyl)-N-(piperidin-4-yl)-1H-benzo[d]imidazol-2-amine,0.429,0.3655,NA,0.3982,-0.4203,0.3975666666666667,1
Pyrimethamine,0.4285,NA,0.5671,0.5132,-0.3314,0.5029333333333333,1
Triamterene,0.4268,NA,0.4782,0.4536,-0.3293,0.4528666666666667,1
Dehydroepiandrosterone Acetate,0.4249,NA,0.3893,0.4596,-0.3589,0.4246,1
apigenin,0.4248,0.6882,0.3646,0.3932,-0.3324,0.4677,0
SPECTRUM_001522,0.4192,NA,0.4098,NA,-0.3277,0.4145,2
CHEMBL2142321,0.4148,0.3863,0.5151,0.3763,-0.3596,0.423125,0
Mbcq,0.4138,0.3492,0.4038,0.3309,-0.3596,0.374425,0
AC1NWALC,0.4073,0.3823,0.3968,NA,-0.3429,0.39546666666666663,1
Taxifolin,0.4066,0.3828,NA,NA,-0.3904,0.3947,2
SPECTRUM_000403,0.4018,NA,0.4535,0.5282,-0.3436,0.46116666666666667,1
Syrosingopine,0.4017,NA,0.3918,0.33,-0.372,0.3745,1
"2-(4-chlorophenyl)-3-(2-methoxyphenyl)hexahydro-1H-pyrrolo[1,2-c]imidazol-1-one",0.4009,NA,0.4403,NA,-0.3333,0.4206,2
Teriflunomide,0.3993,NA,0.4447,NA,-0.3959,0.422,2
MLS002729074,0.398,NA,0.4707,0.4064,-0.3335,0.4250333333333333,1
SU 11274,0.3974,0.536,0.4794,NA,-0.3249,0.4709333333333333,1
Diloxanide Furoate,0.3971,NA,0.3858,0.3641,-0.3605,0.3823333333333333,1
Nevirapine,0.3951,NA,NA,0.4174,-0.3232,0.40625,2
MBX-2982,0.3918,0.3744,0.3663,0.3979,-0.4211,0.3826,0
Thioguanosine,0.3897,NA,NA,0.4554,-0.3434,0.42255,2
AC1O7M2R,0.3878,NA,0.3337,0.3501,-0.3418,0.3572,1
Benfluorex,0.3863,NA,NA,0.3521,-0.3838,0.3692,2
Isocycloheximide,0.386,NA,0.3915,NA,-0.3482,0.38875000000000004,2
WZ 3146,0.3849,NA,0.4344,0.4344,-0.3443,0.4179,1
BRD-K61683215,0.3802,NA,0.5082,0.409,-0.3337,0.43246666666666667,1
Arglabin,0.3794,NA,0.3815,NA,-0.3263,0.38045,2
SPECTRUM3_001992,0.378,0.3468,0.4291,0.4294,-0.3312,0.395825,0
Bezafibrate,0.3778,NA,0.4736,0.3579,-0.3519,0.4031,1
Purmorphamine,0.376,NA,0.4504,0.3776,-0.3533,0.4013333333333333,1
BRD-K14091022,0.376,NA,0.3811,NA,-0.3479,0.37855,2
PRX-08066 Maleic acid,0.3758,NA,0.4129,NA,-0.3345,0.39435,2
Sufentanil,0.3705,NA,NA,0.3578,-0.3257,0.36415,2
BRD-K67090983,0.3658,0.3373,NA,0.3529,-0.4527,0.352,1
Lypressin,0.3653,NA,0.3807,NA,-0.3947,0.373,2
STK151112,0.3646,NA,NA,0.3581,-0.3423,0.36134999999999995,2
SCHEMBL2608041,0.3637,0.3363,0.4598,0.4061,-0.4645,0.391475,0
Protionamide,0.3625,NA,0.364,0.3865,-0.3665,0.371,1
VX-11E,0.361,NA,0.5831,0.3941,-0.3277,0.44606666666666667,1
ALD1-H_001128,0.3577,NA,0.3808,NA,-0.3336,0.36925,2
Donitriptan hydrochloride,0.3566,0.4472,NA,0.3397,-0.3211,0.38116666666666665,1
Lintitript,0.3552,NA,NA,0.4135,-0.3719,0.38434999999999997,2
Felodipine,0.3548,NA,0.3868,NA,-0.3449,0.3708,2
Ingenol Mebutate,0.3546,0.3292,0.6577,0.5404,-0.3308,0.470475,0
BRD-K53638321,0.3529,NA,0.3702,NA,-0.3786,0.36155,2
Pazufloxacin,0.3529,NA,0.4011,NA,-0.3446,0.377,2
Cyproheptadine,0.3522,0.394,NA,0.3524,-0.3347,0.3662,1
SMER28,0.3505,NA,0.7191,0.4451,-0.3327,0.5049,1
BRD-K69888333,0.3424,0.4763,NA,0.3385,-0.4313,0.3857333333333333,1
16Beta-bromoandrosterone,0.3392,0.4375,0.4289,0.3217,-0.3392,0.38182499999999997,0
BRD-K29251608,0.3376,0.3273,NA,0.369,-0.3247,0.34463333333333335,1
CHEMBL1394132,0.3342,0.3553,NA,NA,-0.3214,0.34475,2
DC-45-A2,0.8721,NA,0.4907,0.4273,-0.3526,0.5967,1
PF-562271,0.8348,0.4084,0.6156,0.4695,-0.35,0.582075,0
AZD-8055,0.8227,0.3747,0.6502,0.6047,-0.3457,0.613075,0
Maprotiline,0.8204,0.6604,0.4405,0.4008,-0.3998,0.580525,0
QS-11,0.7892,0.4343,0.4889,0.4195,-0.4637,0.532975,0
Wortmannin,0.7823,0.4592,0.7247,0.5363,-0.3222,0.625625,0
PHA-793887,0.7813,0.3678,0.5435,0.4469,-0.3223,0.534875,0
Palbociclib,0.7788,0.3779,0.4209,0.3532,-0.321,0.4827,0
AZD-1775,0.7762,0.415,0.5601,0.4723,-0.3234,0.5559000000000001,0
Dactolisib,0.774,0.3436,0.5267,0.5292,-0.3307,0.5433749999999999,0
Mitoxantrone,0.773,0.4165,0.6303,0.5908,-0.3222,0.60265,0
GDC-0980 (RG7422),0.7696,0.378,0.5859,0.7074,-0.3289,0.610225,0
PF-04217903,0.7679,0.3291,0.5245,0.5864,-0.3734,0.551975,0
7-Nitroindazole,0.7602,NA,0.4389,0.419,-0.3303,0.5393666666666667,1
COT-10B,0.757,0.5785,0.686,0.5025,-0.427,0.631,0
Ethacrynic acid,0.755,0.374,0.531,0.4443,-0.342,0.526075,0
AB01274770-01,0.7487,NA,0.5756,0.3728,-0.3595,0.5657,1
Dasatinib,0.7469,0.4259,0.5733,0.4582,-0.3213,0.551075,0
MLN 2238,0.7455,0.325,0.6341,0.4545,-0.3634,0.539775,0
Paricalcitol,0.7439,NA,NA,0.4117,-0.3491,0.5778,2
GSK-1070916,0.7423,0.5792,0.5668,0.539,-0.3536,0.606825,0
RG7388,0.7395,0.3515,0.4833,0.4107,-0.3285,0.49625,0
179324-69-7,0.7388,0.3729,0.4444,0.5133,-0.3293,0.51735,0
PF431396,0.7338,0.3731,0.5921,0.4305,-0.3921,0.532375,0
GSK 525762A,0.7302,0.5744,0.6677,0.5805,-0.3306,0.6382,0
Nilotinib,0.7262,0.345,0.5113,0.4451,-0.3442,0.5069,0
LY-294002,0.7247,0.5146,0.6323,0.4978,-0.3272,0.5923499999999999,0
Foretinib,0.7239,0.4796,0.4721,0.6464,-0.3509,0.5805,0
AZD-8330,0.7234,0.449,0.551,0.4205,-0.3271,0.535975,0
Ruxolitinib,0.7219,0.3468,0.5412,0.5034,-0.3308,0.5283249999999999,0
GSK-1904529A,0.7215,0.551,0.4911,0.4474,-0.3496,0.5527500000000001,0
"13-Hydroxy-8,14,19-trimethoxy-4,10,12,16-tetramethyl-3,20,22-trioxo-2-azabicyclo[16.3.1]docosa-1(21),4,6,10,18-pentaen-9-yl carbamate",0.7213,0.4651,0.5755,0.559,-0.3258,0.580225,0
CHEMBL3183436,0.7211,0.5149,0.5018,0.4853,-0.3238,0.555775,0
Auranofin,0.721,0.4647,0.55,NA,-0.4134,0.5785666666666667,1
Sorafenib,0.721,0.3751,0.6386,0.4594,-0.3266,0.5485249999999999,0
"4,11-Diethyl-4,9-dihydroxy-1H-pyrano[3',4':6,7]indolizino[1,2-b]quinoline-3,14(4H,12H)-dione",0.7209,0.3764,0.5369,0.3534,-0.3277,0.4969,0
Phorbol 12-myristate-13-acetate,0.7172,0.436,0.3629,0.4596,-0.3297,0.493925,0
Tremulacin,0.7148,0.3293,0.4898,0.3582,-0.3581,0.47302500000000003,0
ZSTK 474,0.7145,0.3933,0.5196,0.4728,-0.3246,0.52505,0
WH-4-025,0.7126,0.5203,0.4776,0.4533,-0.3257,0.54095,0
TSU-68,0.7089,NA,0.5861,0.5369,-0.3414,0.6106333333333334,1
PI-103,0.7087,0.4045,0.6501,0.5703,-0.3323,0.5834,0
R547,0.7085,NA,0.5719,NA,-0.3223,0.6402,2
Bupropion,0.7076,0.3714,0.5262,0.3866,-0.3516,0.49795,0
BRD-K41087962,0.7056,0.4218,0.4483,NA,-0.3414,0.5252333333333333,1
CHEMBL1887751,0.7055,NA,0.4909,0.5536,-0.4187,0.5833333333333334,1
Trametinib,0.7044,0.431,0.5189,0.4811,-0.3414,0.53385,0
Zuclomiphene,0.7042,0.649,0.5293,0.374,-0.3761,0.564125,0
NVP-AUY922,0.7042,0.4193,0.3818,0.4386,-0.3411,0.485975,0
SB-216763,0.7041,0.3287,0.5095,0.4697,-0.3349,0.503,0
Selumetinib,0.7036,0.4142,0.615,0.4707,-0.3281,0.550875,0
Erlotinib,0.7032,0.3705,0.5058,0.6176,-0.3258,0.5492750000000001,0
Milciclib (PHA-848125),0.7031,0.3269,0.4998,0.3399,-0.3304,0.467425,0
SMR000075319,0.7002,0.7734,0.6265,0.5282,-0.4078,0.657075,0
C24H25CLFN5O3,0.6999,0.3237,0.5031,0.4409,-0.368,0.4919,0
Aurora A Inhibitor I,0.6995,0.4694,0.466,0.5067,-0.3672,0.5354,0
LDN 193189,0.6991,NA,0.8012,0.4097,-0.4436,0.6366666666666667,1
Doxorubicin,0.6987,0.4457,0.5801,0.4676,-0.3216,0.548025,0
AC1MJ3VH,0.6983,0.3921,0.613,0.5097,-0.3219,0.553275,0
PIK 75,0.6982,NA,0.5334,0.4575,-0.4145,0.5630333333333334,1
Gemcitabine,0.6963,0.4379,0.5746,0.4623,-0.3216,0.542775,0
Ganciclovir,0.6962,NA,0.5379,0.4558,-0.35,0.5633,1
GSK-2334470,0.6954,0.3359,0.4758,0.483,-0.3344,0.497525,0
Altrenogest,0.6947,0.3238,0.4677,0.3613,-0.381,0.461875,0
Meclofenamic acid,0.6941,NA,0.5146,0.3447,-0.3402,0.5178,1
Camptothecin,0.6929,0.3477,0.5229,0.4294,-0.3269,0.49822500000000003,0
NVP-BHG712,0.6928,0.3804,0.5027,0.44,-0.3222,0.5039750000000001,0
AC1L2X6Z,0.6926,NA,NA,0.3514,-0.342,0.522,2
STK219801,0.6921,0.4348,0.6011,0.555,-0.3419,0.57075,0
Gliclazide,0.6915,NA,0.5386,0.3758,-0.361,0.5353,1
Niclosamide,0.6911,0.5189,0.5484,0.585,-0.3242,0.58585,0
Sepantronium,0.691,0.3858,0.6328,0.5525,-0.3683,0.56552499999999994,0
Teniposide,0.6896,0.3822,0.5153,0.4265,-0.3277,0.5034,0
Pinacidil,0.689,NA,0.4123,0.4495,-0.322,0.5169333333333334,1
Canertinib,0.6887,0.5015,0.552,0.4186,-0.3397,0.5402,0
AZD-1152-HQPA,0.6868,0.4213,0.5574,0.4662,-0.3222,0.532925,0
Pitavastatin Calcium,0.6861,0.5429,0.6799,0.3806,-0.329,0.572375,0
CHEMBL1720543,0.6854,0.5437,0.4697,NA,-0.3745,0.5662666666666667,1
AT-7519,0.6853,0.4786,0.593,0.4466,-0.3362,0.550875,0
SN-38,0.6844,0.3395,0.4882,0.3665,-0.3237,0.46965,0
Aminopurvalanol,0.6836,0.3912,0.5026,0.3241,-0.3469,0.475375,0
PF-03758309,0.6835,0.3407,0.5714,0.4524,-0.3215,0.512,0
NMS-1286937,0.6832,0.34,NA,0.5367,-0.3216,0.5199666666666667,1
Osimertinib,0.6829,0.5428,0.4966,0.441,-0.3582,0.540825,0
10-DEBC,0.6819,0.6481,0.4924,0.4255,-0.4205,0.561975,0
KW-2449,0.6805,0.4068,0.4519,0.5523,-0.3327,0.522875,0
Ornidazole,0.6801,NA,0.5191,0.5085,-0.4561,0.5692333333333334,1
ITK Inhibitor,0.6796,0.5656,0.4414,0.4405,-0.4398,0.531775,0
Valrubicin,0.6788,0.4128,0.3948,0.4874,-0.3235,0.49345,0
MAYBRIDGE4_003028,0.6776,NA,NA,0.5488,-0.4426,0.6132,2
NSC95397,0.6768,0.3365,0.5207,0.4686,-0.4538,0.50065,0
Pifithrin,0.6758,NA,0.5027,0.3897,-0.3225,0.5227333333333333,1
IN1549,0.6744,NA,0.5837,0.4273,-0.3378,0.5618,1
Cladribine,0.6734,0.3529,0.4943,0.571,-0.3234,0.5229,0
I-BET151,0.6732,0.4935,0.4531,0.4504,-0.3297,0.51755,0
SCHEMBL16226502,0.6704,0.4526,0.4656,0.4546,-0.3455,0.5108,0
Vorinostat,0.6701,0.4698,0.619,0.6217,-0.3224,0.5951500000000001,0
Vorinostat,0.6701,0.4698,0.619,0.6217,-0.3224,0.5951500000000001,0
Amonafide,0.6682,0.3688,0.4014,0.3715,-0.3288,0.452475,0
Momelotinib,0.6666,NA,0.421,0.4103,-0.4102,0.49929999999999997,1
L-690488,0.6665,0.3653,0.6656,0.4721,-0.4795,0.542375,0
PX 12,0.6662,0.325,0.4347,0.3861,-0.3839,0.453,0
AMD-070 (hydrochloride),0.665,NA,0.411,0.3892,-0.3777,0.4884,1
Epirubicin HCl,0.6649,0.3525,0.571,0.3924,-0.3433,0.4952,0
HG-14-10-04,0.6637,0.4079,0.481,0.5798,-0.3439,0.5331,0
KUC111774N,0.6633,NA,0.4218,0.5008,-0.328,0.5286333333333333,1
PD-198306,0.6632,0.3518,0.372,0.4181,-0.3295,0.451275,0
"Apitolisib (gdc-0980, rg7422)",0.6631,0.4277,0.6112,0.499,-0.3234,0.55025,0
CEP-701,0.663,0.3225,0.4008,0.5553,-0.3435,0.4854,0
Rebastinib,0.6629,NA,0.4783,0.6179,-0.3243,0.5863666666666667,1
CHEMBL2360495,0.6628,0.3322,NA,NA,-0.4911,0.49749999999999994,2
OSI-027,0.6628,NA,0.4592,0.48,-0.3319,0.534,1
NCGC00172397-01,0.6618,0.3313,0.387,0.3415,-0.3327,0.4304,0
5-Nitroso-8-cinnolinol,0.6608,0.3854,0.4666,0.3265,-0.3477,0.45982500000000004,0
Cediranib,0.6607,0.6337,0.4625,0.378,-0.3242,0.533725,0
AT 7867,0.6607,0.4384,0.4344,0.4619,-0.4757,0.49885,0
NUTLIN 3,0.6595,0.5492,0.4161,0.4807,-0.3283,0.526375,0
Ticagrelor,0.6579,NA,NA,0.3498,-0.4662,0.50385,2
Donepezil,0.6574,NA,0.3463,NA,-0.4546,0.50185,2
WZ 4002,0.6564,0.4446,0.6044,0.475,-0.3447,0.5451,0
Cymarin,0.6521,NA,0.4125,0.3379,-0.3458,0.46749999999999997,1
"6,10,10B-Trihydroxy-3,4a,7,7,10a-pentamethyl-1-oxo-3-vinyldodecahydro-1H-benzo[f]chromen-5-yl acetate",0.6515,NA,0.418,0.5077,-0.3377,0.5257333333333334,1
Pimasertib,0.6515,NA,0.3743,0.3272,-0.3482,0.451,1
MLN-8054,0.6514,0.425,0.5382,0.5405,-0.3466,0.538775,0
BRD-K38477985,0.6512,0.4366,0.4382,NA,-0.3697,0.5086666666666666,1
COL-3,0.6507,0.3579,0.4441,0.5515,-0.3356,0.50105,0
Thioridazine,0.6505,0.7095,0.4794,0.4566,-0.3264,0.574,0
Tosedostat,0.6503,0.4143,0.4354,0.6061,-0.3328,0.526525,0
SB743921,0.65,0.425,0.3873,NA,-0.33,0.48743333333333333,1
Bithionol,0.6495,0.3368,0.5353,0.4356,-0.3781,0.48929999999999996,0
Panobinostat,0.6493,0.4486,0.5715,0.5791,-0.3233,0.562125,0
Isotretinoin,0.648,NA,0.4142,0.3544,-0.3955,0.4722,1
MLN-0128,0.648,0.3425,0.5506,0.4541,-0.3624,0.4988,0
Pictilisib,0.6478,0.4193,0.5652,0.4362,-0.3434,0.5171250000000001,0
Ofloxacin,0.6465,NA,0.4324,0.3626,-0.3371,0.4805,1
GSK429286A,0.6456,NA,0.4624,0.3582,-0.3435,0.4887333333333333,1
SCHEMBL6874948,0.6454,0.4499,0.4945,0.4862,-0.3355,0.519,0
CHEMBL2140299,0.6453,0.4117,0.3924,0.4262,-0.3309,0.4689,0
Primaquine,0.6448,0.4488,0.8122,0.3674,-0.4113,0.5683,0
Oxetane,0.6447,0.3957,0.4955,0.4592,-0.3629,0.498775,0
AC1Q6JJ5,0.6444,0.515,0.5814,0.4727,-0.3369,0.553375,0
Apocynin,0.6434,NA,NA,0.3925,-0.4378,0.51795,2
UNII-MET7ZRB8Y7,0.6422,0.4562,0.4856,0.4809,-0.3676,0.5162249999999999,0
Colforsin,0.641,NA,0.4998,0.4438,-0.3805,0.5282,1
Tunicamycin From Streptomyces Sp.,0.6405,NA,0.4122,0.3793,-0.3775,0.47733333333333333,1
Gefitinib,0.6403,0.5163,0.5938,0.5791,-0.3301,0.582375,0
TORIN1,0.6403,0.3287,0.6154,0.5188,-0.321,0.5258,0
TORIN1,0.6403,0.3287,0.6154,0.5188,-0.321,0.5258,0
Quinacrine,0.6403,0.5416,0.5956,0.473,-0.3432,0.5626249999999999,0
Amuvatinib,0.6402,NA,0.509,0.4945,-0.3218,0.5479,1
Cobicistat (GS-9350),0.64,0.3929,0.5192,0.4907,-0.3307,0.5107,0
SB-203580,0.6398,NA,0.4878,0.6415,-0.356,0.5897,1
Licarbazepine,0.6397,0.4952,0.3953,0.4442,-0.3575,0.4936,0
Diphenylpyraline,0.6394,NA,0.4989,0.4092,-0.4318,0.5158333333333334,1
"Trichostatin A, Streptomyces Sp.",0.6394,0.4682,0.6556,0.6303,-0.3253,0.598375,0
CBIOL_001848,0.6394,0.3545,0.5701,0.5021,-0.3559,0.516525,0
Elliptecine,0.6393,0.3287,0.4928,0.3678,-0.3369,0.45715,0
nimodipine,0.6392,NA,0.3808,0.3998,-0.3588,0.47326666666666667,1
KPT-330,0.6389,NA,0.3891,0.3421,-0.3354,0.4567,1
Dorsomorphin,0.6386,0.3312,0.5344,0.4565,-0.3344,0.49017499999999997,0
Danusertib,0.6382,0.4586,0.4755,0.4948,-0.3228,0.516775,0
PD-0325901,0.6378,0.3998,0.6675,0.5017,-0.3218,0.5517,0
Topotecan,0.637,0.3781,0.4211,NA,-0.3311,0.47873333333333334,1
Olaparib,0.6368,0.3699,0.5349,0.5308,-0.3233,0.5181,0
Entinostat,0.6365,0.4383,0.5179,0.618,-0.3455,0.552675,0
AT-9283,0.6355,0.3316,0.4259,0.488,-0.3293,0.47025,0
Tubastatin A,0.6341,0.3771,0.4718,0.4002,-0.3338,0.4708,0
SCHEMBL17857056,0.6332,0.3894,NA,0.4043,-0.3503,0.47563333333333335,1
Taranabant,0.6331,NA,0.4792,0.4873,-0.4481,0.5332,1
LGX818,0.632,0.3674,0.384,0.4031,-0.3422,0.446625,0
Oprozomib (ONX 0912),0.632,0.3643,0.6331,NA,-0.3283,0.5431333333333334,1
Pioglitazone,0.6318,0.4282,0.6494,0.4629,-0.3611,0.543075,0
BRD-A24396574-001-01-5,0.6308,0.447,0.5305,0.4464,-0.361,0.513675,0
GANT-61,0.6305,0.4302,0.5186,NA,-0.3902,0.5264333333333333,1
BRD-K74316684,0.6295,NA,0.4709,0.5259,-0.3678,0.5421,1
LE-135,0.6293,0.3968,0.4624,0.426,-0.3216,0.47862499999999997,0
noscapine,0.6292,0.346,0.471,0.4552,-0.3567,0.47535,0
SB 242235,0.6289,NA,0.5051,0.3951,-0.3656,0.5097,1
Linsitinib,0.6275,0.3455,0.5017,0.4061,-0.4243,0.4702,0
AMSACRINE,0.6274,0.3818,0.4976,0.3736,-0.3221,0.47009999999999996,0
ICG-001,0.6274,0.3706,0.5665,0.3989,-0.3291,0.49085,0
Puromycin,0.6254,0.4128,NA,NA,-0.3279,0.5191,2
Adapalene,0.6252,NA,NA,0.4132,-0.3472,0.5192,2
Tozasertib,0.6243,0.5447,0.4577,0.4682,-0.3287,0.523725,0
Diphenyleneiodonium,0.6227,0.3661,0.5204,0.4291,-0.3684,0.484575,0
BI-2536,0.6215,0.61240000000000006,0.5926,0.4842,-0.3241,0.577675,0
TAE-684,0.621,0.4352,0.5345,0.5892,-0.3235,0.544975,0
Tyrphostin AG-1478,0.621,0.3545,0.4875,0.4963,-0.3486,0.489825,0
BRD-K60706752,0.6204,NA,0.4264,NA,-0.4053,0.5234,2
Adarotene,0.62,0.3742,0.4682,0.4545,-0.3245,0.479225,0
Rottlerin,0.6198,0.4236,0.5025,0.4019,-0.327,0.48695,0
SPECTRUM2_001084,0.6182,0.3574,0.5018,0.3296,-0.3242,0.45175,0
Levonorgestrel,0.6181,0.4328,0.4869,0.3957,-0.3238,0.483375,0
Floxuridine,0.6175,0.4643,0.5394,0.5054,-0.3773,0.53165,0
Pralatrexate,0.6171,0.3768,0.6045,0.3847,-0.3326,0.495775,0
PFI-1,0.6171,0.4685,0.4735,0.4136,-0.3772,0.49317500000000003,0
Estradiol,0.616,0.4467,0.5823,0.4165,-0.3448,0.515375,0
F1061-0166,0.6154,NA,0.461,0.3592,-0.3545,0.4785333333333333,1
VRT752271,0.6152,0.3772,0.4189,0.409,-0.3254,0.455075,0
4-Methoxy-2-(4-propoxyphenyl)quinazoline,0.6145,NA,0.3876,0.3558,-0.3813,0.45263333333333333,1
1268524-70-4,0.6143,0.5544,0.4755,0.4786,-0.3216,0.5307,0
Calcitriol,0.6122,0.4129,0.403,0.4631,-0.3364,0.4728,0
SMR000651449,0.6117,0.3863,0.4395,0.4095,-0.3631,0.46175,0
NCGC00346967-01,0.6116,0.5187,0.6454,0.6913,-0.3245,0.61675,0
Dovitinib,0.6115,0.5417,0.5454,0.5188,-0.3332,0.55435,0
Tretinoin,0.6109,0.4147,0.6005,0.7501,-0.3232,0.59405,0
Warfarin,0.6109,NA,0.4574,0.3924,-0.4212,0.4869,1
331771-20-1,0.6104,0.4099,0.583,0.4586,-0.3518,0.515475,0
Flunisolide,0.6104,0.4289,0.523,0.3428,-0.3345,0.476275,0
CGK733,0.61,0.3714,0.446,0.4633,-0.3523,0.472675,0
SCHEMBL14379041,0.6097,NA,0.4949,NA,-0.3426,0.5523,2
AC1OCDAW,0.6093,0.3798,0.5916,0.4196,-0.3215,0.500075,0
Sulmazole,0.609,NA,0.3797,NA,-0.3834,0.49434999999999996,2
Ammonium Glycyrrhizinate,0.6089,NA,0.7072,0.4658,-0.3477,0.5939666666666666,1
N-[4-(Acridin-9-ylmethyl)-3-methoxyphenyl]methanesulfonamide,0.6081,0.3304,0.4142,NA,-0.3343,0.4509,1
Pracinostat,0.6081,0.5189,0.5623,0.4261,-0.3457,0.52885,0
BRD-K65366129-001-02-4,0.6079,NA,NA,0.446,-0.3507,0.52695,2
AC1O9EM7,0.6061,NA,0.4554,0.4313,-0.4066,0.4976,1
CI-1040,0.6057,0.4349,0.5228,0.4227,-0.338,0.496525,0
Dabrafenib,0.605,0.3522,0.5634,0.3993,-0.3247,0.479975,0
pyrvinium-pamoate,0.6048,0.4079,0.6344,NA,-0.3231,0.5490333333333333,1
AC1NSOND,0.6046,0.353,NA,NA,-0.3309,0.4788,2
CHEMBL2131973,0.6042,0.3565,0.4377,0.3885,-0.3259,0.446725,0
BRD-A31180007,0.6036,NA,NA,0.3865,-0.3348,0.49505,2
Radicicol,0.6023,0.4115,0.4204,0.3936,-0.3459,0.45694999999999997,0
Inolitazone (dihydrochloride),0.6004,0.3357,0.4609,0.3549,-0.3414,0.437975,0
Prochlorperazine,0.6004,0.5329,0.4168,0.478,-0.3255,0.5070250000000001,0
Triciribine,0.5988,0.3565,0.3559,NA,-0.3224,0.43706666666666666,1
BX-795,0.5988,0.4128,0.54990000000000006,0.4326,-0.3297,0.498525,0
Sunitinib,0.5979,0.5019,0.4948,0.5518,-0.3427,0.5366,0
Cytarabine,0.5977,0.4387,0.4569,0.3987,-0.3805,0.473,0
LRRK2-IN-1,0.5969,0.5105,0.4586,0.6793,-0.3411,0.561325,0
Avicin-G,0.5966,0.5228,0.4559,0.4018,-0.3285,0.494275,0
Theobromine,0.5958,NA,0.5069,0.3924,-0.3234,0.4983666666666667,1
BRD-K65567503,0.5958,0.3465,NA,0.346,-0.3746,0.42943333333333333,1
Luteolin,0.5955,NA,0.4281,0.3802,-0.3439,0.4679333333333333,1
Crizotinib,0.5949,0.5813,0.5548,0.4853,-0.3734,0.554075,0
Reversine,0.5946,NA,0.5035,NA,-0.3873,0.54905,2
Amitriptyline,0.5942,0.6008,0.4698,0.4739,-0.3878,0.534675,0
ML228,0.5939,0.4287,0.4073,NA,-0.4044,0.47663333333333335,1
Amethopterin,0.5938,NA,0.5667,NA,-0.3655,0.5802499999999999,2
Diflorasone Diacetate,0.5928,NA,0.4472,NA,-0.3507,0.52,2
(-)-Tramadol,0.5923,NA,0.455,0.4809,-0.3223,0.5094000000000001,1
AV-412 (free base),0.592,0.3987,0.4497,0.4576,-0.3252,0.4745,0
BRD-K60391168,0.5919,NA,0.4321,0.3345,-0.3369,0.4528333333333333,1
BRD-K01335708,0.5915,NA,NA,0.3633,-0.3399,0.47740000000000005,2
Riluzole,0.591,NA,0.4749,0.3641,-0.373,0.4766666666666666,1
Mycophenolate Mofetil,0.5909,0.448,0.513,0.6058,-0.3338,0.539425,0
PHA-767491,0.5907,NA,0.4794,0.3483,-0.334,0.4728,1
PDK1 Inhibitor,0.59,NA,0.5232,0.5091,-0.3408,0.5407666666666666,1
BMS-754807,0.5899,0.4033,0.6661,0.5073,-0.3343,0.54165,0
LY2801653,0.5893,NA,0.4882,0.352,-0.3423,0.47650000000000003,1
BRD-K03651937,0.5891,NA,0.4268,0.3304,-0.3695,0.44876666666666665,1
O-Demethylated Adapalene,0.5891,0.4482,0.4504,0.3569,-0.3238,0.46115,0
ZINC77024257,0.589,0.6741,0.534,0.516,-0.3546,0.578275,0
AZ628,0.5883,0.4697,0.5741,0.5797,-0.3338,0.55295,0
Nifedipine,0.5882,NA,0.5209,0.3781,-0.3683,0.4957333333333333,1
3-(4-Pyridyl)indole,0.5879,0.3325,0.4504,0.5321,-0.4274,0.475725,0
Atorvastatin,0.5878,0.6083,0.4897,0.3314,-0.3215,0.5043,0
Atorvastatin,0.5878,0.6083,0.4897,0.3314,-0.3215,0.5043,0
BIIB 021,0.5877,NA,0.442,0.431,-0.3384,0.4869,1
Tigecycline,0.5875,NA,0.5039,0.3692,-0.3392,0.48686666666666667,1
TAS-103 (dihydrochloride),0.5859,0.4297,0.4029,0.4218,-0.3238,0.460075,0
"13-Methyl-7-[9-(4,4,5,5,5-pentafluoropentylsulfinyl)nonyl]-6,7,8,9,11,12,14,15,16,17-decahydrocyclopenta[a]phenanthrene-3,17-diol",0.5858,0.5877,0.4925,0.4297,-0.3249,0.523925,0
(+)-Camptothecin,0.5857,0.3379,0.5273,0.3306,-0.4361,0.44537499999999997,0
BMS-536924,0.5856,0.4707,0.5288,0.4859,-0.3821,0.51775,0
CHEMBL2137729,0.5856,0.3515,NA,NA,-0.337,0.46855,2
BMS-509744,0.5846,0.393,0.4438,0.4361,-0.368,0.464375,0
BS-181,0.584,0.5639,0.5284,0.4552,-0.3234,0.532875,0
SCHEMBL12684744,0.5827,0.3626,0.4734,NA,-0.3254,0.4729,1
CID 75060944,0.5826,0.333,NA,NA,-0.3527,0.4578,2
Epirizole,0.5825,NA,0.427,0.4644,-0.3274,0.4913,1
AZ20,0.5816,NA,0.4589,0.5292,-0.3264,0.5232333333333333,1
KU0060648,0.5815,0.5862,0.5476,0.5322,-0.3731,0.561875,0
Dapivirine (TMC120),0.5814,0.5151,0.3714,0.41,-0.3407,0.469475,0
Trequinsin,0.5812,NA,0.4239,NA,-0.3346,0.50255,2
"Triazolothiadiazine, 28",0.5803,0.3215,0.4774,NA,-0.3289,0.4597333333333333,1
Calpain Inhibitor I,0.5802,NA,0.4636,NA,-0.3427,0.5219,2
Rhodomyrtoxin B,0.579,0.494,NA,NA,-0.4461,0.5365,2
Propylthiouracil,0.5785,0.3987,0.5674,0.4687,-0.3795,0.503325,0
Pilaralisib,0.5785,0.3554,0.4411,0.4911,-0.4145,0.46652499999999997,0
Cucurbitacin I,0.5781,0.3401,NA,NA,-0.3354,0.45909999999999995,2
DY131,0.5776,0.4063,0.3921,NA,-0.3616,0.45866666666666667,1
CHEMBL3186554,0.5773,NA,0.4576,0.3933,-0.3666,0.4760666666666667,1
Naproxol,0.5772,NA,0.3474,0.3645,-0.4631,0.4297,1
Fedratinib,0.577,0.8425,0.5186,0.5298,-0.3222,0.616975,0
Infigratinib,0.5769,NA,0.5674,0.457,-0.3269,0.5337666666666667,1
Chlorambucil,0.5764,0.4,0.4711,0.5023,-0.3701,0.48745,0
Dacinostat,0.5756,0.4139,0.5462,0.4198,-0.3659,0.488875,0
Lexibulin,0.5753,0.3537,0.6071,0.4583,-0.3245,0.4986,0
CHEMBL1706858,0.5753,NA,0.372,0.4685,-0.3593,0.47193333333333337,1
Ursolic acid,0.5749,0.4991,0.5099,0.4386,-0.3484,0.505625,0
Remoxipride,0.5747,NA,0.4641,NA,-0.4434,0.5194,2
GSK-3 Inhibitor IX,0.5739,0.3733,0.4052,0.4293,-0.322,0.445425,0
Nitazoxanide,0.5733,NA,NA,0.3718,-0.4272,0.47255,2
SAN1_000751,0.5726,0.3746,NA,NA,-0.3408,0.4736,2
CHEMBL2357518,0.5723,NA,0.5333,0.3332,-0.3347,0.4796,1
STK178014,0.5718,0.337,0.5618,0.4057,-0.3247,0.469075,0
MLS002222336,0.5716,NA,0.424,0.5271,-0.3349,0.5075666666666667,1
SCHEMBL570779,0.571,NA,0.4138,0.3359,-0.3307,0.4402333333333333,1
AGK 2,0.5706,NA,0.5068,0.4872,-0.3486,0.5215333333333334,1
ENMD-2076,0.5688,0.4176,0.3903,0.4472,-0.3246,0.455975,0
1166227-08-2,0.568,NA,0.4261,0.6482,-0.332,0.5474333333333333,1
Calmidazolium,0.5676,0.4616,0.3972,NA,-0.3601,0.47546666666666665,1
Vitinoin,0.5675,0.4251,0.4615,0.3313,-0.3321,0.44635,0
Afuresertib,0.5673,0.3623,0.5019,0.4433,-0.3504,0.4687,0
"Betamethasone 17,21-dipropionate",0.5671,NA,0.3903,NA,-0.3777,0.4787,2
C23H24CLN3O5,0.5669,NA,0.4564,0.3396,-0.3369,0.4543,1
BRD-K15168329,0.5668,NA,0.5128,NA,-0.321,0.5398000000000001,2
HMS2093P09,0.5668,0.4231,NA,0.335,-0.3551,0.4416333333333333,1
GW620972X,0.5664,0.397,0.5411,0.492,-0.3462,0.49912500000000004,0
PIK-93,0.5663,0.3336,0.4737,0.5096,-0.3988,0.4708,0
CHEMBL2136735,0.5663,0.584,0.5178,0.6619,-0.3315,0.5825,0
TGX 221,0.5662,NA,0.4792,0.493,-0.3328,0.5128,1
Dronedarone HCl,0.5633,0.5966,0.3855,0.3647,-0.393,0.47752500000000003,0
Nafadotride,0.5628,NA,0.6329,0.3699,-0.3452,0.5218666666666667,1
Mefexamide,0.5624,0.3674,0.6153,0.4961,-0.3577,0.5103,0
Cytochalasin B,0.5619,0.5161,0.4276,0.5147,-0.3385,0.5050749999999999,0
NSC141540,0.5617,NA,NA,0.3369,-0.3278,0.4493,2
BIX01294,0.5612,0.4975,0.5569,0.5192,-0.3338,0.5337,0
SMP2_000249,0.5611,0.346,0.4195,NA,-0.3392,0.4422,1
Mosapride,0.5609,0.3413,0.4595,NA,-0.3511,0.45389999999999997,1
C21H27N7O3,0.5602,0.4701,0.6196,0.4888,-0.3433,0.534675,0
TCB2,0.5601,NA,0.4074,0.4538,-0.353,0.47376666666666667,1
Etoposide,0.5575,NA,NA,0.37,-0.3259,0.46375,2
Hemado,0.5569,NA,0.5542,0.3501,-0.3833,0.48706666666666665,1
Dinoprost,0.5554,NA,0.3361,0.4438,-0.3315,0.4451,1
Quizartinib,0.5551,0.4838,0.6689,0.5241,-0.4554,0.557975,0
Glyburide,0.555,NA,0.4861,0.4045,-0.3628,0.48186666666666667,1
Pevonedistat,0.5545,NA,0.3802,0.6059,-0.3249,0.5135333333333333,1
etoposide,0.5543,0.3719,0.4474,0.4082,-0.3231,0.44545,0
ST072947,0.5536,NA,0.3943,NA,-0.3841,0.47395,2
Brefeldin A,0.5516,0.3299,0.6009,0.5027,-0.4006,0.496275,0
CHEMBL2356523,0.55,NA,0.3935,0.5153,-0.3631,0.4862666666666667,1
Obatoclax,0.5492,0.3625,NA,0.3416,-0.347,0.4177666666666667,1
BRD-K08663380,0.5485,0.4137,NA,NA,-0.3295,0.48109999999999997,2
761437-28-9,0.5484,0.3401,0.4957,0.522,-0.3233,0.47655000000000003,0
BRD-K76418961,0.5477,0.3434,NA,NA,-0.4341,0.44555,2
Isomammeisin,0.5462,NA,NA,0.3782,-0.3841,0.4622,2
Bosutinib,0.546,0.5337,0.5439,0.4238,-0.3231,0.51185,0
CHEMBL1705313,0.545,0.3269,0.4832,0.3899,-0.3358,0.43625,0
MLS-0435432.0001,0.5446,NA,0.4137,NA,-0.3335,0.47914999999999996,2
CHEMBL1673039,0.5445,0.5504,0.4922,0.5651,-0.3507,0.53805,0
Quiflapon,0.544,0.3519,0.4166,0.3649,-0.3244,0.41935,0
"L741,626",0.544,0.5293,0.4904,NA,-0.3909,0.5212333333333333,1
BRD-K81249836,0.5439,NA,0.3625,0.3286,-0.322,0.4116666666666667,1
BRD-K69159985,0.5436,NA,0.3898,NA,-0.482,0.4667,2
Lasalocid,0.5429,0.701,0.4823,NA,-0.3609,0.5754,1
XAV 939,0.5422,0.3309,0.4093,NA,-0.3385,0.42746666666666666,1
LY2874455,0.542,NA,0.3807,0.4448,-0.374,0.4558333333333333,1
SPOX1_000823,0.542,0.3333,0.3695,0.3606,-0.4254,0.40135,0
UNII-5308DT8060,0.5414,NA,0.5316,0.3683,-0.3499,0.4804333333333333,1
Butein,0.5407,NA,0.3686,NA,-0.3393,0.45465,2
JZL-184,0.5407,NA,0.5419,0.6016,-0.4086,0.5614,1
Fludarabine,0.5402,NA,0.4049,NA,-0.3311,0.47255,2
6-fluoro-3-hydroxypyrazine-2-carboxamide,0.5392,NA,0.4966,0.4044,-0.3518,0.48006666666666664,1
Indirubin-3'monoxime,0.5384,NA,NA,0.3822,-0.4029,0.4603,2
Gallocatechin Gallate,0.5356,NA,0.4902,0.5819,-0.3377,0.5359,1
CGP13501,0.5348,NA,0.3975,NA,-0.426,0.46615000000000006,2
GR-79236,0.5347,NA,0.3676,NA,-0.3348,0.45114999999999994,2
Budesonide,0.5346,NA,0.4122,0.3221,-0.324,0.42296666666666666,1
Bufalin,0.5341,NA,0.5048,NA,-0.3237,0.51945,2
GR 113808,0.533,NA,0.4887,0.3359,-0.3365,0.45253333333333334,1
3-Methyladenine,0.5327,NA,NA,0.3823,-0.3721,0.45749999999999996,2
UNC0638,0.5321,0.461,0.488,0.4386,-0.3437,0.479925,0
vincristine,0.532,0.3835,0.4135,0.383,-0.3947,0.428,0
SAN1_003817,0.5316,0.375,0.6275,0.3775,-0.3225,0.4779,0
BRD-K95985487-001-01-3,0.5312,0.3466,NA,0.4567,-0.3228,0.44483333333333336,1
AMG 232,0.5306,0.3525,NA,0.4207,-0.3286,0.4346,1
AC1NWALF,0.5301,0.4379,0.4829,0.4381,-0.3276,0.47225,0
PLX-4720,0.53,0.3462,0.5647,0.615,-0.3367,0.513975,0
CHEMBL2141722,0.5298,0.4759,0.381,NA,-0.323,0.46223333333333333,1
Devazepide,0.529,0.3604,NA,NA,-0.3501,0.4447,2
Lavendustin C,0.5264,NA,NA,0.3599,-0.345,0.44315,2
HE044657,0.5263,NA,0.3739,0.3626,-0.3223,0.4209333333333333,1
Fluorouracil,0.5258,NA,0.3745,NA,-0.3462,0.45015000000000005,2
Resveratrol,0.5249,0.3906,0.608,0.4275,-0.3493,0.48775,0
Ovasterol-beta,0.5247,0.4771,NA,0.3617,-0.3707,0.4545,1
Broad-Sai-609,0.5246,NA,0.5313,NA,-0.3731,0.5279499999999999,2
Spironolactone,0.5241,0.4258,0.4335,0.4487,-0.3532,0.458025,0
Clofarabine,0.5234,0.4788,0.4073,0.5754,-0.3752,0.496225,0
CHEMBL493153,0.523,NA,0.3975,NA,-0.3939,0.46025000000000005,2
DIMETHYL FUMARATE,0.5228,NA,0.321,NA,-0.33,0.42190000000000005,2
Mometasone Furoate,0.522,0.3617,0.3935,NA,-0.3551,0.42573333333333335,1
Idelalisib,0.5214,0.335,0.4918,0.4184,-0.3212,0.44165,0
SCHEMBL12187882,0.5214,NA,0.4306,0.3696,-0.348,0.44053333333333333,1
AC1O8PYD,0.5212,NA,0.5067,0.3723,-0.3218,0.46673333333333333,1
NCGC00011767,0.5207,NA,0.5881,NA,-0.3647,0.5544,2
Efavirenz,0.5194,NA,0.3811,NA,-0.3327,0.45025,2
Alectinib,0.5194,NA,0.4363,0.3946,-0.3539,0.4501,1
MLS002729057,0.5192,0.3942,NA,0.3492,-0.3518,0.42086666666666667,1
Desoxymetasone,0.5175,NA,0.4088,0.4592,-0.3672,0.4618333333333333,1
"Tazac, Axid, Axid Ar, Nizatidine",0.5167,NA,0.5336,NA,-0.4302,0.52515,2
Scriptaid,0.5167,0.3955,0.6001,0.3764,-0.3273,0.472175,0
BRD-K42197878,0.5161,0.3688,NA,NA,-0.3225,0.44245,2
Indigo Red,0.5141,0.3604,0.3767,0.5547,-0.4039,0.45147499999999996,0
17-DMAG (Alvespimycin) HCl,0.5138,NA,0.407,NA,-0.3388,0.46040000000000003,2
Toremifene,0.5138,0.6232,0.6375,0.4227,-0.3629,0.5493,0
Masitinib,0.5128,0.6646,0.4685,0.425,-0.3582,0.517725,0
NORGESTREL,0.5126,NA,0.5051,0.3567,-0.3229,0.45813333333333334,1
Morin,0.5126,NA,0.4498,NA,-0.3217,0.48119999999999996,2
Abexinostat,0.5125,0.3973,0.4677,0.4106,-0.3221,0.447025,0
Resminostat,0.5122,0.3738,0.5562,0.4192,-0.4659,0.46535000000000004,0
BRD-K55827386,0.5117,NA,0.4785,NA,-0.3219,0.4951,2
CHEMBL2130568,0.5096,0.3506,0.5376,NA,-0.3234,0.46593333333333337,1
Methandriol,0.5085,0.3602,0.4999,0.3833,-0.3391,0.437975,0
CHEMBL2131306,0.5064,0.356,0.3719,NA,-0.3755,0.4114333333333333,1
Cycloheximide,0.5055,0.5085,0.3766,0.4886,-0.3302,0.4698,0
Ischemin,0.5053,NA,0.5159,0.4635,-0.3211,0.4949,1
CHEMBL1698064,0.5047,0.3822,0.4902,0.5075,-0.354,0.47115,0
CHEMBL277800,0.5032,NA,0.4806,0.3362,-0.3247,0.44,1
NU-7026,0.5026,NA,0.6542,0.5654,-0.3403,0.5740666666666667,1
"2-(2,4-Dichlorophenoxy)-n-(4-methyl-2-nitrophenyl)acetamide",0.5013,NA,0.461,NA,-0.339,0.48114999999999997,2
4LY1,0.5002,NA,0.3874,0.4067,-0.3909,0.43143333333333334,1
Deferiprone,0.4995,0.3548,0.3989,0.3882,-0.5338,0.41035,0
sirolimus,0.4994,NA,0.5125,0.4029,-0.3296,0.47159999999999996,1
MDL 72832,0.4982,NA,0.6326,0.4324,-0.4083,0.5210666666666667,1
Fluticasone Propionate,0.4977,NA,0.4764,0.3902,-0.3452,0.45476666666666665,1
CHEMBL2360506,0.4968,0.3822,0.3723,NA,-0.3742,0.4171,1
Progesterone,0.4946,0.3871,0.4317,0.3422,-0.3317,0.4139,0
MLS-0258268.0001,0.4932,0.3693,0.3814,0.5172,-0.4383,0.440275,0
PRESTWICK3_000646,0.4927,NA,0.4282,0.4093,-0.3557,0.4434,1
MRE-269,0.4916,0.3401,0.4847,NA,-0.3436,0.4388,1
Cnqx,0.4914,NA,0.3783,0.3706,-0.3304,0.4134333333333333,1
CHEMBL1612677,0.4909,NA,0.4346,0.3344,-0.3625,0.41996666666666665,1
17-Hydroxyandrost-4-en-3-one,0.4908,0.3841,NA,NA,-0.329,0.43745,2
CHEMBL2143628,0.4902,0.4035,0.4802,NA,-0.3711,0.4579666666666667,1
Carvedilol,0.4895,0.4239,0.4022,0.4181,-0.4437,0.433425,0
Fenretinide,0.4892,NA,0.4717,NA,-0.3268,0.48045000000000004,2
BRD-K99567611,0.4865,NA,NA,0.3993,-0.3613,0.44289999999999996,2
Phtpp,0.4858,NA,0.4173,NA,-0.3629,0.45155,2
Methotrexate,0.4857,NA,0.4653,NA,-0.3404,0.47550000000000003,2
ASN 05257430,0.4845,NA,0.443,0.375,-0.3752,0.43416666666666665,1
CID 75037095,0.484,NA,0.3227,NA,-0.344,0.40335,2
"Methyl-6,7-dimethoxy-4-ethyl-beta-carboline-3-carboxylate",0.4839,NA,0.4821,0.393,-0.3426,0.453,1
4-(Trans-4-butylcyclohexyl)benzoic acid,0.4837,NA,0.443,NA,-0.3225,0.46335000000000004,2
MLS002607797,0.4829,0.4077,NA,0.4439,-0.3226,0.44483333333333336,1
"ICI182, 780",0.4823,NA,0.3855,NA,-0.3349,0.4339,2
Genz-644282,0.4821,NA,0.4881,NA,-0.3292,0.4851,2
Colchicine,0.481,0.4026,NA,0.3582,-0.3218,0.4139333333333333,1
Omeprazole,0.4808,NA,NA,0.3679,-0.352,0.42435,2
ST50411348,0.4803,NA,0.4296,0.4332,-0.3693,0.4477,1
CHEMBL1716096,0.4787,0.3781,0.4654,0.3851,-0.5637,0.426825,0
Bongkrekic acid,0.4774,NA,0.4602,0.3408,-0.4073,0.4261333333333333,1
karakoline,0.4759,NA,NA,0.3508,-0.4223,0.41335,2
CHEMBL2136858,0.4757,0.3445,0.5588,NA,-0.4135,0.45966666666666667,1
BRD-K60067222,0.4754,NA,0.4136,0.3251,-0.4333,0.4047,1
Deguelin,0.4745,NA,0.5156,NA,-0.3281,0.49505,2
Y-134,0.4744,0.5728,0.3742,0.4076,-0.3331,0.45725,0
Deforolimus,0.474,NA,0.4054,0.3349,-0.3503,0.40476666666666666,1
MW-STK33-100,0.4735,NA,0.3214,0.3546,-0.3252,0.38316666666666666,1
NSC25485,0.4723,0.3338,0.5279,0.3312,-0.3464,0.4163,0
CHEMBL3188661,0.472,0.3217,0.5318,0.5483,-0.3602,0.46845000000000003,0
CHEMBL2130605,0.4717,NA,0.4513,0.3409,-0.3219,0.4213,1
BRD-K28610502-001-01-0,0.4712,NA,0.3731,0.3428,-0.3557,0.3957,1
BDBM50377913,0.4696,NA,0.3942,NA,-0.3955,0.4319,2
CHEMBL2133926,0.4696,0.3999,0.4044,NA,-0.4011,0.4246333333333333,1
Kolestevan,NA,0.5141,0.3967,NA,-0.3372,0.4554,2
SA-1456977,NA,0.486,NA,0.4196,-0.3979,0.4528,2
CHEMBL2139070,NA,0.4675,0.4399,NA,-0.4537,0.4537,2
"3,6-Dimethyl-9-[6-(oxiran-2-yl)-6-oxohexyl]decahydropyrrolo[1,2-a][1,4,7,10]tetraazacyclododecine-1,4,7,10-tetrone",NA,0.4132,0.4232,0.4782,-0.3273,0.43820000000000003,1
313516-66-4,NA,0.4034,0.4509,0.3543,-0.3459,0.40286666666666665,1
CHEMBL2135770,NA,0.3916,0.4502,NA,-0.3689,0.4209,2
NCGC00170397-01,NA,0.3619,NA,0.3646,-0.3329,0.36324999999999996,2
BRD-K54127914,NA,0.3401,0.3995,NA,-0.3601,0.3698,2
CHEMBL2131985,NA,0.3395,0.5242,0.351,-0.3938,0.4049,1
CHEMBL2142877,NA,0.3373,0.3653,NA,-0.3328,0.3513,2
SCHEMBL10026606,NA,0.3266,0.4783,NA,-0.3337,0.40245,2
Triacsin C,NA,0.3249,0.498,0.81,-0.339,0.5443,1
CHEMBL2359798,NA,0.534,0.4751,NA,-0.4024,0.50455,2
WZ-4-145,NA,0.4255,NA,0.4828,-0.4189,0.45415,2
Megestrol Acetate,NA,0.4252,0.3312,0.4669,-0.3323,0.40776666666666667,1
Androstenedone,NA,0.4159,NA,0.331,-0.3673,0.37345,2
CID 27806705,NA,0.3976,0.3828,NA,-0.3335,0.3902,2
BRD-K53501402,NA,0.3957,0.3864,0.3624,-0.3782,0.3815,1
BRD-K90543092-001-01-2,NA,0.3951,NA,0.5039,-0.3444,0.4495,2
CHEMBL2057940,NA,0.3887,NA,0.3951,-0.4083,0.3919,2
CHEMBL2144875,NA,0.3723,0.4096,NA,-0.3984,0.39095,2
CHEMBL2057941,NA,0.3633,NA,0.3562,-0.3379,0.35975,2
BRD-K32568627,NA,0.3614,NA,0.3359,-0.4028,0.34865,2
CHEMBL2359459,NA,0.3459,0.3367,NA,-0.3955,0.3413,2
MLS002703102,NA,0.3352,0.442,0.3689,-0.3513,0.38203333333333334,1
MLS-0435541.0001,NA,0.3331,0.4168,0.3826,-0.3862,0.3775,1
BRD-K40566034,NA,NA,0.5317,0.4502,-0.352,0.49095,2
MLS000778276,NA,NA,0.5299,0.3566,-0.3719,0.44325000000000003,2
MDL 29951,NA,NA,0.4762,0.3729,-0.3943,0.42455,2
MLS001116134,NA,NA,0.476,0.3439,-0.3428,0.40995,2
SPECTRUM_001645,NA,NA,0.4459,0.4779,-0.3619,0.4619,2
NSC650841,NA,NA,0.4428,0.3466,-0.3305,0.39470000000000005,2
ST50402870,NA,NA,0.4296,0.4194,-0.3512,0.4245,2
Isoxsuprine,NA,NA,0.4228,0.4162,-0.3653,0.4195,2
Dinoprostone,NA,NA,0.4222,0.324,-0.3805,0.3731,2
PRE-084,NA,NA,0.4078,0.4192,-0.4459,0.4135,2
KX2-391,NA,NA,0.3834,0.3483,-0.3322,0.36585,2
CHEMBL2333343,NA,NA,0.3815,0.4,-0.3408,0.39075000000000004,2
MLS-0435555.0001,NA,NA,0.3756,0.3341,-0.3316,0.35485,2
