compound,azt,los,nib,quine,vir,similarity,nas,presence,meansim
PIK-93,0.8989,NA,NA,0.4514,NA,-0.3865,3,2,0.67515
Enzastaurin,0.7073,NA,NA,0.515,0.4631,-0.337,2,3,0.5618000000000001
ZINC01050121,0.6616,NA,NA,0.3759,NA,-0.3341,3,2,0.51875
CP-724714,0.6605,NA,NA,0.4901,0.4652,-0.3472,2,3,0.5386
Radicicol,0.6567,NA,0.4831,0.4069,0.3745,-0.3395,1,4,0.48029999999999995
PHA-665752,0.6226,NA,0.3378,0.3818,NA,-0.3354,2,3,0.4474
Allitinib,0.6176,0.3578,NA,NA,NA,-0.361,3,2,0.4877
CHEMBL1083527,0.6163,NA,NA,0.516,NA,-0.3799,3,2,0.5661499999999999
Donitriptan hydrochloride,0.5969,NA,0.3631,NA,NA,-0.4457,3,2,0.48
Tozasertib,0.5835,0.3617,0.5056,0.5362,0.3915,-0.3418,0,5,0.4757
Mitoxantrone,0.5823,0.4734,0.6019,0.6703,0.5025,-0.3459,0,5,0.56608
"13-Hydroxy-8,14,19-trimethoxy-4,10,12,16-tetramethyl-3,20,22-trioxo-2-azabicyclo[16.3.1]docosa-1(21),4,6,10,18-pentaen-9-yl carbamate",0.5802,0.5692,0.5599,0.6218,0.5808,-0.3284,0,5,0.58238
Palbociclib,0.5781,0.3292,0.3999,0.4728,0.4688,-0.3303,0,5,0.44976
Fluphenazine,0.5758,0.417,0.3284,0.4088,NA,-0.3864,1,4,0.4325
"1-(2,6-Dichlorobenzylideneamino)guanidine",0.5751,NA,NA,0.4114,0.4542,-0.4289,2,3,0.4802333333333333
Mebendazole,0.5725,0.4882,0.4777,0.4821,0.4489,-0.3364,0,5,0.49388
SA-1973507,0.5661,0.3851,NA,0.4181,NA,-0.4441,2,3,0.45643333333333336
Celecoxib,0.5595,NA,NA,0.5442,0.4074,-0.425,2,3,0.5037
Neostigmine,0.5536,NA,NA,0.4296,NA,-0.6104,3,2,0.4916
NU-7026,0.5393,0.403,NA,NA,NA,-0.385,3,2,0.47115
LY2334737,0.5331,0.3289,NA,NA,NA,-0.3409,3,2,0.43100000000000005
Droperidol,0.5299,NA,NA,NA,0.3225,-0.3503,3,2,0.4262
CID 6167421,0.5245,NA,0.3492,0.4042,NA,-0.4684,2,3,0.42596666666666666
Rottlerin,0.5192,NA,0.3362,NA,0.563,-0.4021,2,3,0.4728
Afuresertib,0.509,NA,NA,0.3441,NA,-0.3422,3,2,0.42655
MLN-8054,0.4991,0.3284,0.4877,0.43120000000000003,0.3823,-0.3604,0,5,0.42574
Withaferin A,0.4952,0.3433,0.3855,0.4938,0.6843,-0.3592,0,5,0.48042
Pevonedistat,0.4932,0.402,NA,0.4652,0.4815,-0.3664,1,4,0.460475
SB 242235,0.4925,NA,0.528,0.559,NA,-0.6684,2,3,0.5265
IN1549,0.4828,NA,NA,NA,0.5051,-0.6916,3,2,0.49395
Foretinib,0.4798,NA,0.4821,0.492,0.3281,-0.3656,1,4,0.4455
O-Demethylated Adapalene,0.4797,0.4195,NA,0.3552,0.3391,-0.3791,1,4,0.39837500000000003
Emedastine,0.4787,0.3324,NA,0.3532,NA,-0.3323,2,3,0.3881
Birinapant,0.4782,NA,NA,0.4771,NA,-0.354,3,2,0.47765
CARGLUMIC ACID,0.4746,NA,NA,NA,0.3506,-0.401,3,2,0.4126
Tivozanib,0.4707,NA,0.3467,0.4152,NA,-0.3675,2,3,0.41086666666666666
SCHEMBL6874948,0.4676,0.3365,NA,0.5963,NA,-0.3451,2,3,0.46680000000000005
CP466722,0.4626,NA,NA,0.5106,0.5233,-0.3437,2,3,0.49883333333333335
Sertraline,0.4581,NA,NA,0.3876,NA,-0.3322,3,2,0.42285
THZ-2-98-01,0.4532,NA,NA,0.4608,0.3584,-0.3739,2,3,0.4241333333333333
LY2801653,0.4495,NA,0.4166,0.4547,0.3453,-0.342,1,4,0.41652500000000003
PLX-4720,0.4489,NA,NA,0.5758,NA,-0.3881,3,2,0.51235
GSK-2334470,0.4408,0.3586,NA,NA,NA,-0.3307,3,2,0.3997
pyrvinium-pamoate,0.4407,NA,NA,0.6198,NA,-0.3339,3,2,0.53025
Menadione,0.4365,NA,NA,0.4301,0.4612,-0.3979,2,3,0.4426
Alaproclate,0.4335,0.3273,NA,NA,NA,-0.3897,3,2,0.38039999999999996
(3-Chlorophenyl)[4-(7-chloroquinolin-4-yl)piperazin-1-yl]methanone,0.4332,NA,NA,0.4617,NA,-0.3716,3,2,0.44745
ENMD-2076,0.4321,NA,0.4125,0.4698,NA,-0.3542,2,3,0.4381333333333333
Irsogladine,0.4303,NA,NA,0.5539,NA,-0.402,3,2,0.4921
Quinoclamine,0.4271,NA,NA,0.4457,NA,-0.335,3,2,0.4364
ZSTK 474,0.4261,0.3847,0.3339,0.5046,0.4551,-0.4109,0,5,0.42088
TAK-715,0.4252,NA,0.3295,0.4329,NA,-0.3631,2,3,0.3958666666666667
Alisertib,0.4248,NA,0.4595,NA,0.3743,-0.3422,2,3,0.41953333333333337
Cladribine,0.4245,0.3742,NA,0.5053,0.5249,-0.335,1,4,0.457225
PI-103,0.4232,NA,0.3254,0.4584,0.4226,-0.3491,1,4,0.4074
Temozolomide,0.4206,0.4391,NA,0.3819,0.347,-0.3311,1,4,0.39715
Dactolisib,0.4157,0.4527,0.3291,0.447,0.4083,-0.3284,0,5,0.41056
Balaglitazone,0.4151,NA,NA,0.4499,NA,-0.38,3,2,0.4325
Erlotinib,0.4148,0.5146,NA,0.4941,NA,-0.4287,2,3,0.4745
MLS-0002494.0001,0.4148,NA,0.3342,NA,NA,-0.3319,3,2,0.3745
282089-49-0,0.4076,NA,NA,0.3253,NA,-0.339,3,2,0.36645
CHEMBL41721,0.4072,NA,NA,0.3965,NA,-0.3309,3,2,0.40185000000000004
SA-424534,0.4048,NA,NA,NA,0.4021,-0.3448,3,2,0.40345
SB-216763,0.4038,0.3455,NA,0.4943,0.34,-0.3375,1,4,0.39590000000000003
SA-1938820,0.4024,NA,NA,NA,0.3418,-0.3645,3,2,0.3721
Mepivacaine,0.4022,0.4389,NA,NA,0.4192,-0.3515,2,3,0.42010000000000003
Trimipramine,0.4005,NA,NA,0.4098,NA,-0.3712,3,2,0.40515
Lonafarnib,0.4005,NA,NA,0.3707,NA,-0.3308,3,2,0.3856
AS601245,0.3974,0.3779,NA,0.4959,0.3689,-0.3612,1,4,0.410025
WHI-P97,0.3948,0.4285,NA,0.3999,0.3527,-0.3303,1,4,0.39397499999999996
Ursolic acid,0.3946,NA,NA,0.433,NA,-0.3295,3,2,0.4138
MLS003129922,0.3937,NA,NA,0.3896,NA,-0.4111,3,2,0.39165
Tetraidofluorescein,0.3917,NA,NA,0.3974,NA,-0.3754,3,2,0.39454999999999996
SPECTRUM2_000920,0.3917,NA,0.3633,NA,NA,-0.335,3,2,0.3775
AP26113,0.3905,NA,0.3269,NA,NA,-0.3639,3,2,0.3587
TORIN1,0.3905,0.4093,NA,0.5617,0.3939,-0.3409,1,4,0.43884999999999996
Taranabant,0.3882,NA,NA,0.5657,0.3577,-0.3984,2,3,0.4372
6-fluoro-3-hydroxypyrazine-2-carboxamide,0.3868,0.3223,NA,0.3807,NA,-0.3341,2,3,0.3632666666666666
Fedratinib,0.3862,0.3811,0.7924,NA,0.5162,-0.4512,1,4,0.518975
BMY-14802,0.3833,NA,NA,0.4086,0.5431,-0.6068,2,3,0.445
ETOPOSIDE,0.3829,NA,0.4273,NA,NA,-0.3797,3,2,0.4051
QS-11,0.3824,NA,NA,0.6576,NA,-0.3719,3,2,0.52
PF477736,0.3821,NA,0.3697,0.5154,0.3992,-0.342,1,4,0.41659999999999997
CGS-15943,0.3818,0.5205,0.3421,0.6398,NA,-0.3378,1,4,0.47104999999999997
Floxuridine,0.3804,NA,NA,0.4071,0.3961,-0.3472,2,3,0.39453333333333335
CHEMBL3189080,0.3801,NA,0.3257,NA,NA,-0.338,3,2,0.3529
CHEMBL3400874,0.3794,0.3976,NA,0.4422,NA,-0.3473,2,3,0.4064
CHEMBL3183436,0.3791,NA,0.3671,0.4319,0.3497,-0.3346,1,4,0.38195
MG-132,0.379,0.3373,0.3232,0.535,0.3918,-0.331,0,5,0.39326
vincristine,0.3785,0.356,NA,0.5533,0.334,-0.3955,1,4,0.40545
Tremulacin,0.3785,NA,NA,NA,0.3578,-0.4007,3,2,0.36815
Pralatrexate,0.3772,NA,NA,0.4583,NA,-0.3533,3,2,0.41774999999999995
Artemether,0.3758,NA,NA,0.6684,NA,-0.3334,3,2,0.5221
Decitabine,0.3758,0.3851,NA,0.5,NA,-0.3317,2,3,0.4203
Trovafloxacin mesylate,0.3747,NA,NA,0.3892,0.3971,-0.3806,2,3,0.387
179324-69-7,0.3725,0.5171,NA,0.5979,0.427,-0.3323,1,4,0.47862499999999997
Oxfendazole,0.3716,NA,0.4763,NA,NA,-0.4262,3,2,0.42395
Ethacrynic acid,0.3715,NA,NA,0.4598,0.3523,-0.3739,2,3,0.39453333333333335
CHEMBL2001494,0.3709,0.3368,NA,0.5631,NA,-0.3508,2,3,0.42360000000000003
GSK-1070916,0.3675,0.4075,0.6578,0.4559,0.4681,-0.4681,0,5,0.47136
SA-96805,0.3669,0.4012,NA,NA,0.5305,-0.3492,2,3,0.4328666666666667
ABT-333,0.3667,NA,NA,0.4227,0.3703,-0.5073,2,3,0.38656666666666667
AZ628,0.3663,0.3982,0.4955,NA,NA,-0.3417,2,3,0.42
SCHEMBL570779,0.366,NA,NA,0.3277,NA,-0.4207,3,2,0.34685
Genistein,0.3642,NA,NA,NA,0.3582,-0.3624,3,2,0.3612
Ruxolitinib,0.3637,NA,NA,0.5795,0.346,-0.3524,2,3,0.42973333333333336
Cabozantinib,0.3622,NA,NA,0.4867,NA,-0.3811,3,2,0.42445
Amethopterin,0.3605,0.3615,NA,0.6596,0.338,-0.3837,1,4,0.4299
T-0156,0.3602,NA,NA,NA,0.4184,-0.3877,3,2,0.3893
Flutamide,0.3599,0.3469,NA,0.3951,NA,-0.3641,2,3,0.3673
AC1O9ZP5,0.3596,NA,0.4117,NA,NA,-0.3954,3,2,0.38565
Camptothecin,0.3587,0.3557,0.4222,0.5422,0.3387,-0.3292,0,5,0.4035
Procaterol,0.3564,NA,NA,NA,0.3589,-0.387,3,2,0.35765
Pitavastatin Calcium,0.3558,NA,0.375,NA,NA,-0.3539,3,2,0.3654
Staurosporine,0.353,NA,NA,NA,0.3325,-0.3968,3,2,0.34275
Cidoxepin,0.3529,NA,NA,0.432,NA,-0.3404,3,2,0.39244999999999997
1166227-08-2,0.3527,0.3777,NA,NA,NA,-0.3376,3,2,0.36519999999999997
"13-Methyl-7-[9-(4,4,5,5,5-pentafluoropentylsulfinyl)nonyl]-6,7,8,9,11,12,14,15,16,17-decahydrocyclopenta[a]phenanthrene-3,17-diol",0.3516,NA,0.3733,0.4701,0.331,-0.365,1,4,0.3815
6-(4-Hydroxy-6-methoxy-7-methyl-3-oxo-1H-2-benzofuran-5-yl)-4-methylhex-4-enoic acid,0.3515,NA,NA,NA,0.3235,-0.4153,3,2,0.3375
Irinotecan,0.3513,0.3216,NA,0.3715,0.3398,-0.4183,1,4,0.34604999999999997
SA-89068,0.3507,0.3588,NA,0.5105,0.3679,-0.5107,1,4,0.39697499999999997
BRD-K45758869-001-01-3,0.3495,NA,NA,NA,0.3639,-0.5852,3,2,0.3567
Duloxetine,0.3488,NA,NA,0.338,NA,-0.3493,3,2,0.34340000000000004
TAE-684,0.3487,NA,0.3737,0.5273,NA,-0.3313,2,3,0.41656666666666664
YM90709,0.344,NA,NA,0.4867,NA,-0.3666,3,2,0.41535
Amonafide,0.344,NA,0.4591,0.377,0.331,-0.3452,1,4,0.37777499999999997
AS-605240,0.3437,NA,NA,NA,0.4337,-0.3563,3,2,0.3887
Thiostrepton,0.3435,0.3659,NA,0.5858,NA,-0.4362,2,3,0.43173333333333336
Bicalutamide,0.3433,0.3565,NA,0.4774,NA,-0.3734,2,3,0.39239999999999997
BRD-K94498396,0.3419,0.3269,NA,0.3814,NA,-0.3929,2,3,0.3500666666666667
Maprotiline,0.3409,0.3277,NA,NA,0.4672,-0.3829,2,3,0.3786
AC1N08ZR,0.3398,NA,NA,NA,0.381,-0.4579,3,2,0.3604
CHEMDIV3_007230,0.3386,0.3371,NA,NA,NA,-0.4385,3,2,0.33785
Roquinimex,0.3381,NA,NA,NA,0.432,-0.4889,3,2,0.38505
BRD-K71714567,0.3378,0.4177,NA,NA,NA,-0.333,3,2,0.37775000000000003
C24H25CLFN5O3,0.3373,NA,NA,0.3751,NA,-0.4489,3,2,0.35619999999999996
PF-03814735,0.3373,0.334,0.3913,NA,NA,-0.3359,2,3,0.3542
Lestaurtinib,0.335,0.3325,NA,0.6263,NA,-0.3746,2,3,0.4312666666666667
Rucaparib,0.3344,0.3451,NA,NA,NA,-0.3419,3,2,0.33975
AC1NUE3V,0.3325,0.3491,NA,NA,NA,-0.3398,3,2,0.3408
"ICI-199,441",0.3324,NA,NA,0.4001,NA,-0.3935,3,2,0.36624999999999996
Dienestrol,0.3313,NA,0.3776,0.3636,NA,-0.3484,2,3,0.3575
AKT Inhibitor IV,0.3306,NA,NA,0.4284,NA,-0.3547,3,2,0.3795
AZD2014,0.3304,0.3752,NA,0.4305,0.3254,-0.3422,1,4,0.365375
Thiothixene,0.3301,NA,NA,0.3777,NA,-0.4107,3,2,0.3539
Resveratrol,0.33,0.4483,NA,NA,NA,-0.3378,3,2,0.38915
XMD15-27,0.3299,NA,NA,0.3924,0.3333,-0.3962,2,3,0.35186666666666666
LY451395,0.3289,NA,NA,0.4406,NA,-0.4328,3,2,0.38475000000000004
Momelotinib,0.328,NA,NA,0.4311,0.3782,-0.3441,2,3,0.3791
PENICILLIN V POTASSIUM,0.3268,NA,NA,0.4251,0.3274,-0.4092,2,3,0.3597666666666667
AT-9283,0.3264,NA,0.4127,0.6057,0.5482,-0.6666,1,4,0.47325
Parbendazole,0.3239,0.4506,NA,0.4121,0.4265,-0.3433,1,4,0.403275
SA-247508,0.3238,0.324,NA,NA,NA,-0.3765,3,2,0.32389999999999997
Pazopanib,0.3226,NA,NA,0.3823,NA,-0.3296,3,2,0.35245
Novobiocin,0.3221,0.439,NA,NA,NA,-0.3887,3,2,0.38055
HG-14-10-04,0.322,0.3346,NA,0.4055,NA,-0.3888,2,3,0.35403333333333337
Cyclosporine,0.3217,NA,NA,0.6155,NA,-0.3492,3,2,0.4686
AG 14361,0.889,0.4088,0.3437,0.3838,NA,-0.3612,1,4,0.506325
PJ34,0.8508,NA,NA,0.5074,NA,-0.352,3,2,0.6791
AZD-1152-HQPA,0.8459,NA,0.3771,0.5488,0.3223,-0.3288,1,4,0.523525
Sumatriptan,0.8172,0.344,NA,0.4171,0.4705,-0.3332,1,4,0.5122
Thiabendazole,0.7934,NA,NA,NA,0.327,-0.3496,3,2,0.5602
Alizapride,0.7687,NA,NA,0.383,NA,-0.8293,3,2,0.57585
Bupropion,0.7261,NA,NA,0.3715,NA,-0.3987,3,2,0.5488
Epitiostanol,0.7077,NA,NA,NA,0.393,-0.4781,3,2,0.55035
CHEMBL1242477,0.6905,0.4056,NA,0.4761,NA,-0.3356,2,3,0.5240666666666667
Olaparib,0.6854,0.3611,NA,0.5744,NA,-0.7098,2,3,0.5403
Flufenamic acid,0.679,NA,NA,0.408,NA,-0.3762,3,2,0.5435
Trametinib,0.672,NA,NA,0.5137,0.4649,-0.3865,2,3,0.5502
SCHEMBL16226502,0.6659,NA,NA,0.4749,0.61,-0.3332,2,3,0.5836
Seliciclib,0.6541,0.3312,0.3793,0.5088,NA,-0.3811,1,4,0.46835000000000004
Amlodipine,0.6514,NA,NA,0.3968,NA,-0.394,3,2,0.5241
NCGC00346967-01,0.647,0.3667,NA,NA,NA,-0.3574,3,2,0.50685
Linsitinib,0.6369,0.3294,0.3889,0.5477,0.4472,-0.3881,0,5,0.47002
Wortmannin,0.6268,0.5166,0.4398,0.6403,0.6168,-0.3287,0,5,0.56806
AC1Q5RFA,0.626,NA,NA,0.3297,NA,-0.4396,3,2,0.47785
CYTO7H11,0.6104,0.4119,NA,0.5338,NA,-0.3529,2,3,0.5187
LDN 193189,0.6016,0.3756,NA,0.5269,NA,-0.4874,2,3,0.5013666666666667
Sarafloxacin,0.5941,NA,NA,0.3823,0.3933,-0.3502,2,3,0.4565666666666666
AC1NXRFO,0.5832,NA,NA,NA,0.5424,-0.3288,3,2,0.5628
Quizartinib,0.5776,NA,NA,0.5804,0.4206,-0.4143,2,3,0.5262
IWR-1-ENDO,0.5714,NA,NA,0.6172,0.4672,-0.3558,2,3,0.5519333333333334
Minoxidil,0.5707,NA,NA,0.6055,0.5327,-0.3871,2,3,0.5696333333333333
Pentamidine,0.5644,NA,NA,0.4025,NA,-0.519,3,2,0.48345000000000005
COT-10B,0.5601,NA,NA,0.628,NA,-0.4033,3,2,0.59405
LY-294002,0.5578,0.5391,0.4141,0.5065,0.4161,-0.3407,0,5,0.48672
Perhexiline,0.554,0.3272,0.3446,0.4498,NA,-0.3889,1,4,0.4189
Thioguanosine,0.5538,NA,NA,0.4985,0.3311,-0.3343,2,3,0.46113333333333334
Broad-Sai-045,0.5466,NA,0.3344,0.3909,NA,-0.4448,2,3,0.42396666666666666
Piplartine,0.5404,0.3627,0.4154,0.4077,0.4106,-0.4231,0,5,0.42736
Dasatinib,0.5385,NA,0.3502,0.5339,0.4245,-0.3393,1,4,0.461775
PD-0325901,0.5323,NA,0.5028,NA,0.3422,-0.3777,2,3,0.4591
Nilotinib,0.5291,0.4008,NA,0.4362,0.5138,-0.335,1,4,0.46997500000000003
SA-1922659,0.5279,NA,NA,0.4394,NA,-0.3771,3,2,0.48365
Sildenafil,0.5254,0.6184,0.3946,0.4649,0.4726,-0.3344,0,5,0.49518
Naftopidil,0.5237,NA,NA,NA,0.4497,-0.4445,3,2,0.4867
Veliparib,0.5229,0.363,NA,0.4841,0.4614,-0.3583,1,4,0.45785
Dapivirine (TMC120),0.5206,NA,NA,0.3963,NA,-0.6097,3,2,0.45844999999999997
Brexpiprazole,0.5167,NA,NA,0.5432,NA,-0.5214,3,2,0.52995
MLN 2238,0.5158,NA,NA,0.3768,0.531,-0.3346,2,3,0.47453333333333336
CI-1040,0.5153,0.4012,0.5124,0.5215,0.6335,-0.3466,0,5,0.51678
Tioconazole,0.5146,0.3566,NA,0.4335,0.4052,-0.7417,1,4,0.427475
AC1Q6JJ5,0.5128,0.3604,0.3477,0.5135,0.4162,-0.3412,0,5,0.43012
CHEMBL585951,0.5048,0.4522,NA,0.4839,NA,-0.3512,2,3,0.4803
IN1451,0.5044,0.3971,NA,0.5532,NA,-0.4665,2,3,0.4849
Vorinostat,0.5033,0.429,0.5772,0.7656,0.5238,-0.3323,0,5,0.5597799999999999
Indirubin-3'monoxime,0.5025,NA,0.3284,NA,NA,-0.4162,3,2,0.41545
Gemcitabine,0.5023,0.4141,NA,0.4209,0.4045,-0.3328,1,4,0.43545
Alvocidib,0.5023,0.3832,0.3502,0.5615,0.4033,-0.3382,0,5,0.4401
Lapatinib,0.4963,NA,NA,0.404,NA,-0.441,3,2,0.45015000000000005
Skiii,0.4959,NA,NA,0.4929,NA,-0.3393,3,2,0.4944
SA-103013,0.494,NA,0.4138,0.4802,0.3279,-0.3555,1,4,0.428975
Benoxinate,0.4901,NA,NA,0.4544,NA,-0.5991,3,2,0.47225
BRD-K66577472,0.4885,NA,NA,0.408,NA,-0.3417,3,2,0.44825
Griseofulvin,0.4869,NA,NA,0.5838,NA,-0.6444,3,2,0.53535
Tretinoin,0.4848,NA,0.3233,0.5098,NA,-0.4455,2,3,0.4393
SPECTRUM_001645,0.4786,0.4215,NA,0.3322,NA,-0.3837,2,3,0.41076666666666667
Dronedarone HCl,0.4783,NA,NA,0.4275,NA,-0.667,3,2,0.45289999999999997
Teniposide,0.4761,NA,0.3625,0.4833,NA,-0.3318,2,3,0.4406333333333333
Sirolimus,0.475,0.474,NA,0.6239,0.3678,-0.3468,1,4,0.485175
MGCD-265,0.4715,NA,0.3298,0.4075,NA,-0.3797,2,3,0.4029333333333333
PHA-793887,0.4712,NA,0.6317,0.5246,0.3419,-0.3328,1,4,0.49235
Cytarabine,0.4708,NA,NA,0.3391,NA,-0.3397,3,2,0.40495000000000003
L-690330,0.4646,NA,NA,0.4567,NA,-0.5608,3,2,0.46065
BRD-K05684908,0.4629,NA,NA,0.3716,NA,-0.3587,3,2,0.41725
KW-2449,0.4627,NA,0.5092,NA,NA,-0.3699,3,2,0.48595
Vanoxerine,0.4626,0.3308,NA,0.4406,NA,-0.3288,2,3,0.41133333333333333
Ziprasidone,0.4614,NA,NA,NA,0.3942,-0.5242,3,2,0.42779999999999996
CHEMBL2136735,0.458,NA,0.3537,0.4438,0.5478,-0.3756,1,4,0.450825
YM 201636,0.4505,NA,NA,0.4866,NA,-0.3532,3,2,0.46855
Valdecoxib,0.4464,NA,NA,0.4832,NA,-0.4542,3,2,0.4648
Isradipine,0.4463,NA,NA,NA,0.3395,-0.33,3,2,0.3929
BAY 61-3606,0.4463,0.3399,NA,0.5295,NA,-0.3298,2,3,0.43856666666666666
AGI-6780,0.4439,NA,NA,0.4206,NA,-0.6244,3,2,0.43225
"3,7-Bis(dimethylamino)phenothiazin-5-ium",0.4427,NA,0.3734,0.6508,0.3759,-0.3719,1,4,0.4607
AZD-6482,0.4423,0.3757,0.4039,0.4229,NA,-0.3484,1,4,0.4112
PF-562271,0.4415,NA,0.37,0.5376,0.6251,-0.3461,1,4,0.49355
Quercetin,0.4412,NA,NA,0.4154,0.3537,-0.3677,2,3,0.4034333333333333
Linifanib,0.4406,NA,0.3436,0.6396,NA,-0.3714,2,3,0.47459999999999997
WYE 125132,0.4388,0.3708,NA,0.5946,0.4251,-0.3649,1,4,0.457325
TH-302,0.4381,NA,0.6108,NA,NA,-0.6987,3,2,0.52445
AC1NWAML,0.4353,NA,NA,0.4161,NA,-0.3608,3,2,0.4257
Alpelisib,0.4352,NA,NA,0.4607,NA,-0.3734,3,2,0.44794999999999996
AT-7519,0.434,NA,0.3803,0.5352,NA,-0.4178,2,3,0.44983333333333336
C30H33N3O5S,0.4335,0.3803,NA,0.3478,NA,-0.3326,2,3,0.3872
SA-424380,0.4326,0.3638,NA,NA,NA,-0.3666,3,2,0.3982
JNK-IN-2,0.429,NA,NA,0.5036,NA,-0.4002,3,2,0.46630000000000005
AC1MJ3VH,0.428,0.3238,0.5663,0.6897,0.4289,-0.3363,0,5,0.48734
Tizanidine,0.428,NA,NA,0.5873,NA,-0.3706,3,2,0.50765
Sitagliptin,0.4271,NA,NA,0.6272,0.4708,-0.6154,2,3,0.5083666666666666
Crizotinib,0.4252,0.3444,0.4669,0.6459,NA,-0.364,1,4,0.4706
Trazodone,0.424,NA,NA,0.4287,NA,-0.4145,3,2,0.42635
Doxorubicin,0.4235,0.4403,0.3898,0.6098,0.4844,-0.3301,0,5,0.46956
NXY 059,0.4227,NA,NA,NA,0.4587,-0.4318,3,2,0.4407
Cyproheptadine,0.4224,NA,NA,0.4337,NA,-0.4382,3,2,0.42805
Selumetinib,0.4186,NA,0.4222,NA,0.4895,-0.5001,2,3,0.44343333333333335
Dorsomorphin,0.4163,NA,0.3494,0.5108,NA,-0.4026,2,3,0.4255
FR-180204,0.4125,NA,0.3405,0.412,NA,-0.406,2,3,0.3883333333333333
A-443654,0.4109,0.3781,NA,0.4781,NA,-0.3501,2,3,0.42236666666666667
BRD32048,0.4099,NA,NA,0.3704,NA,-0.3416,3,2,0.39015
Telmisartan,0.4093,0.386,NA,0.3934,0.4017,-0.39,1,4,0.3976
Azacitidine,0.4072,NA,NA,0.49370000000000003,NA,-0.341,3,2,0.45045
SGX-523,0.4062,0.3584,NA,0.6159,NA,-0.4116,2,3,0.46016666666666667
"Ingenol 3,20-dibenzoate",0.4056,0.5313,NA,0.6443,NA,-0.3552,2,3,0.5270666666666667
Thioridazine,0.4012,0.5288,NA,0.4471,NA,-0.4132,2,3,0.45903333333333335
Omacetaxine Mepesuccinate,0.4004,NA,NA,0.5439,NA,-0.3368,3,2,0.47215
"4,11-Diethyl-4,9-dihydroxy-1H-pyrano[3',4':6,7]indolizino[1,2-b]quinoline-3,14(4H,12H)-dione",0.3996,NA,0.3455,0.5684,0.3869,-0.3397,1,4,0.42510000000000003
GSK 1059615,0.3946,0.4285,0.3219,0.5017,0.4125,-0.3326,0,5,0.41184
Cobimetinib,0.3926,NA,0.4231,NA,NA,-0.3846,3,2,0.40785
MK-2206,0.3917,0.3589,NA,0.6299,NA,-0.3454,2,3,0.46016666666666667
Flavoxate,0.3902,NA,NA,NA,0.4201,-0.3986,3,2,0.40515
PSI-7977,0.3866,NA,NA,NA,0.3355,-0.7608,3,2,0.36105
Epirubicin,0.3849,0.4678,NA,0.5952,NA,-0.3883,2,3,0.4826333333333333
"376348-65-1, Uk-427857, uk427857",0.3849,NA,NA,0.6397,NA,-0.5399,3,2,0.5123
Phloretin,0.3848,NA,NA,0.3998,0.4334,-0.4456,2,3,0.40599999999999997
"Trichostatin A, Streptomyces Sp.",0.383,0.6119,0.5923,0.7718,0.3555,-0.3569,0,5,0.5429
Acarbose,0.3816,0.3644,NA,0.4946,NA,-0.3664,2,3,0.4135333333333333
Adapalene,0.3815,NA,NA,0.4952,NA,-0.3539,3,2,0.43835
Berberine,0.3775,NA,0.3778,NA,NA,-0.3939,3,2,0.37765000000000004
SA-1457992,0.3774,NA,NA,0.4713,NA,-0.3322,3,2,0.42435
KSC-16-144,0.3748,NA,NA,NA,0.4085,-0.3494,3,2,0.39165
CHEMBL2361406,0.3743,NA,NA,0.4454,0.3436,-0.3627,2,3,0.3877666666666667
CC-930,0.3739,NA,NA,NA,0.335,-0.5657,3,2,0.35445000000000004
HY-11007,0.3728,NA,NA,0.3755,0.4075,-0.3617,2,3,0.38526666666666665
AZD-1775,0.3727,0.4099,0.5043,0.4271,0.4851,-0.3595,0,5,0.43982
Raltitrexed,0.3718,NA,NA,0.3683,NA,-0.3338,3,2,0.37005
GSK-3 Inhibitor IX,0.3715,NA,0.3385,0.5022,NA,-0.3501,2,3,0.4040666666666667
Rilpivirine,0.3702,NA,0.4615,NA,NA,-0.4903,3,2,0.41585
Olprinone (Hydrochloride),0.3688,NA,NA,0.408,NA,-0.4368,3,2,0.38839999999999997
MLS003329222,0.3688,NA,0.3267,0.458,NA,-0.3481,2,3,0.3845
PF-04217903,0.3669,0.4131,NA,0.4389,0.4962,-0.3296,1,4,0.428775
Tyrphostin AG-1478,0.3661,NA,NA,0.3534,NA,-0.3814,3,2,0.35975
Amineptine,0.3654,0.3308,NA,0.4031,0.6411,-0.3747,1,4,0.4351
MLS001207806,0.3637,NA,0.5571,NA,NA,-0.3322,3,2,0.46040000000000003
CHEMBL179288,0.3635,NA,0.4064,0.4893,NA,-0.3432,2,3,0.41973333333333335
GW 405833,0.3627,NA,NA,0.5171,NA,-0.4614,3,2,0.4399
Broad-Sai-443,0.3619,NA,NA,0.3354,NA,-0.3309,3,2,0.34865
Thioguanine,0.3618,NA,NA,0.5758,NA,-0.3452,3,2,0.4688
1-(3-Chlorophenyl)-4-hexylpiperazine,0.3615,0.3423,NA,NA,NA,-0.3692,3,2,0.3519
Narciclasine,0.3608,0.3477,0.3239,0.5416,NA,-0.3977,1,4,0.3935
Glipizide,0.3607,NA,NA,0.4197,NA,-0.5399,3,2,0.3902
MLS000038113,0.3598,NA,0.3288,0.3768,NA,-0.4056,2,3,0.35513333333333336
KUC103884,0.359,NA,NA,0.5247,0.4599,-0.3365,2,3,0.4478666666666667
Vandetanib,0.3558,0.3609,NA,NA,NA,-0.3575,3,2,0.35835
331771-20-1,0.3558,0.4076,0.3409,0.6093,NA,-0.3469,1,4,0.4284
Niclosamide,0.3552,0.334,NA,0.5956,NA,-0.3675,2,3,0.4282666666666667
SCHEMBL16065773,0.3549,0.3564,0.3983,NA,NA,-0.3513,2,3,0.3698666666666667
BRD-K75368232,0.3508,0.3545,NA,0.4528,NA,-0.3402,2,3,0.38603333333333334
Mycophenolate Mofetil,0.3507,NA,NA,0.3349,0.4701,-0.3965,2,3,0.3852333333333333
QL47,0.3506,NA,0.3673,0.5043,NA,-0.3452,2,3,0.4074
ascorbic-acid,0.3502,NA,NA,NA,0.3858,-0.501,3,2,0.368
Sorafenib,0.349,NA,0.387,0.6028,NA,-0.4031,2,3,0.44626666666666664
BRD-K01425431,0.3482,0.3837,NA,0.3846,NA,-0.3777,2,3,0.37216666666666665
Rifaximin,0.3475,NA,NA,0.3929,0.3589,-0.4447,2,3,0.36643333333333333
Clofarabine,0.3467,NA,NA,0.415,NA,-0.3511,3,2,0.38085
SCHEMBL1564574,0.3467,0.3229,NA,0.3442,0.3343,-0.3431,1,4,0.337025
PF-04691502,0.3464,NA,0.4731,0.5501,NA,-0.4133,2,3,0.45653333333333335
Ifenprodil,0.3456,NA,NA,0.4045,NA,-0.3672,3,2,0.37505
BRD-K33780441,0.3454,0.3889,NA,0.5118,0.3548,-0.4439,1,4,0.400225
Diazepam,0.3415,NA,0.3539,NA,NA,-0.3589,3,2,0.3477
Imatinib,0.3412,NA,NA,0.4576,0.3536,-0.3294,2,3,0.3841333333333333
Caffeine,0.3398,NA,NA,NA,0.3616,-0.57,3,2,0.3507
Doramapimod,0.3389,NA,NA,0.4692,NA,-0.388,3,2,0.40405
KUC104493,0.3383,NA,NA,0.3816,NA,-0.389,3,2,0.35995
Inolitazone (dihydrochloride),0.3381,0.3819,NA,NA,NA,-0.4831,3,2,0.36
CPI-613,0.3369,NA,NA,0.3607,NA,-0.4104,3,2,0.3488
Trichostatin,0.3351,0.3225,0.4985,0.609,0.34,-0.4731,0,5,0.42102
XMD 8-92,0.3348,NA,0.4654,NA,NA,-0.3889,3,2,0.4001
Proglumide,0.3342,0.3527,NA,0.5242,0.5356,-0.3498,1,4,0.436675
Tolazamide,0.3341,0.4332,NA,0.4018,NA,-0.3713,2,3,0.3897
CHEMBL552425,0.3335,NA,NA,0.5116,0.3656,-0.4189,2,3,0.4035666666666667
Milrinone,0.33,NA,NA,0.4066,NA,-0.4554,3,2,0.3683
BAS 07529539,0.3295,0.3523,NA,0.582,NA,-0.3354,2,3,0.4212666666666667
Triptolide (PG490),0.3282,NA,NA,0.4853,NA,-0.3391,3,2,0.40675
Benzohydroxamate,0.328,NA,NA,0.435,NA,-0.3728,3,2,0.3815
Fenofibrate,0.327,NA,NA,0.4136,NA,-0.3689,3,2,0.3703
WZ3105,0.3264,NA,NA,0.6383,NA,-0.334,3,2,0.48235
SGI-1776,0.3263,NA,NA,0.4798,NA,-0.3575,3,2,0.40305
FAMPRIDINE,0.3213,NA,NA,0.4097,0.3705,-0.4794,2,3,0.36716666666666664
MLS000778276,NA,0.6743,0.3364,NA,NA,-0.3625,3,2,0.50535
AC1L2X6Z,NA,0.4825,0.3708,0.4875,NA,-0.4454,2,3,0.44693333333333335
MLS006011051,NA,0.4782,NA,0.4837,NA,-0.3339,3,2,0.48095
BRD-K46503544-001-01-5,NA,0.4671,NA,0.4498,0.4321,-0.4893,2,3,0.44966666666666666
BRD-K07569193,NA,0.4618,NA,0.6047,NA,-0.3879,3,2,0.53325
Methiazole,NA,0.4448,0.454,NA,0.4261,-0.441,2,3,0.4416333333333333
Sulpiride,NA,0.4438,NA,NA,0.3949,-0.4208,3,2,0.41935
BRD-K36910796,NA,0.4415,0.4003,NA,NA,-0.5035,3,2,0.4209
MLS003129300,NA,0.4337,NA,0.401,NA,-0.3632,3,2,0.41735
MLS003448149,NA,0.4274,NA,0.4754,NA,-0.4288,3,2,0.4514
Warfarin,NA,0.4138,NA,0.4097,NA,-0.3457,3,2,0.41175
Trifluoperazine,NA,0.4132,NA,0.4344,NA,-0.3923,3,2,0.4238
BX-795,NA,0.4107,0.4016,0.5046,NA,-0.3558,2,3,0.43896666666666667
CC-401,NA,0.406,NA,0.3857,0.3778,-0.36,2,3,0.38983333333333337
Ledipasvir,NA,0.4036,0.3813,NA,NA,-0.3403,3,2,0.39244999999999997
Mesalamine,NA,0.403,0.3826,NA,NA,-0.3655,3,2,0.39280000000000004
CHEMBL2360495,NA,0.4024,NA,0.4573,NA,-0.3538,3,2,0.42984999999999995
Brivanib,NA,0.3993,NA,0.3715,NA,-0.3749,3,2,0.38539999999999996
SA-97378,NA,0.3973,0.329,0.4372,0.4542,-0.3393,1,4,0.404425
Nafronyl,NA,0.3936,NA,0.3724,NA,-0.3445,3,2,0.383
GDC-0980 (RG7422),NA,0.3934,0.5118,0.4575,0.4033,-0.4131,1,4,0.4415
NSC95397,NA,0.3862,NA,NA,0.3318,-0.4033,3,2,0.359
Etodolac,NA,0.3834,NA,0.5142,NA,-0.3393,3,2,0.4488
BRD-K59024795,NA,0.3823,NA,NA,0.4253,-0.4011,3,2,0.4038
BS-181,NA,0.378,NA,0.4052,NA,-0.3556,3,2,0.3916
Phorbol 12-myristate-13-acetate,NA,0.3751,NA,0.6137,NA,-0.3727,3,2,0.4944
SB239063,NA,0.3729,NA,0.5097,NA,-0.3414,3,2,0.4413
SA-1459854,NA,0.3707,NA,NA,0.3244,-0.5493,3,2,0.34755
CHEMBL1434137,NA,0.3703,NA,0.5439,NA,-0.437,3,2,0.45710000000000006
AGK 2,NA,0.3679,NA,0.3709,NA,-0.3763,3,2,0.3694
SA-96816,NA,0.3664,NA,0.3772,NA,-0.3361,3,2,0.3718
GW843682X,NA,0.3654,0.3416,NA,NA,-0.3612,3,2,0.35350000000000004
BRD-K46666779,NA,0.3645,NA,NA,0.432,-0.4831,3,2,0.39825
Raloxifene,NA,0.3622,0.3567,0.4078,0.4004,-0.3417,1,4,0.381775
SMR000162699,NA,0.3602,NA,0.3718,0.4852,-0.3326,2,3,0.40573333333333333
VX-745,NA,0.3561,NA,0.4553,NA,-0.4398,3,2,0.4057
Idelalisib,NA,0.3547,0.3747,0.4019,NA,-0.3718,2,3,0.3771
PRX-08066 Maleic acid,NA,0.3406,NA,NA,0.3495,-0.3295,3,2,0.34504999999999997
CHEMBL3188986,NA,0.3396,NA,NA,0.3488,-0.3424,3,2,0.3442
BRD-K78639526,NA,0.3378,0.3328,NA,NA,-0.3542,3,2,0.3353
ITK Inhibitor,NA,0.3376,NA,NA,0.3285,-0.415,3,2,0.33305
BRD-K45843042,NA,0.337,NA,0.3744,0.3665,-0.3764,2,3,0.3593
SA-1921816,NA,0.3312,NA,0.5943,0.4187,-0.3723,2,3,0.44806666666666667
Ilomastat,NA,0.3309,NA,NA,0.3267,-0.4226,3,2,0.3288
SA-89705,NA,0.3299,NA,0.4392,NA,-0.3309,3,2,0.38455
CHEMBL1673039,NA,0.3278,0.4804,NA,NA,-0.3981,3,2,0.4041
848193-68-0,NA,0.3249,NA,0.3693,NA,-0.3736,3,2,0.3471
JNJ-38877605,NA,0.3241,NA,NA,0.3644,-0.3583,3,2,0.34425
Phenolphthalein,NA,0.3228,0.3357,NA,NA,-0.4248,3,2,0.32925
Tezampanel,NA,0.3215,NA,0.5227,0.3556,-0.6713,2,3,0.39993333333333336
Proscillaridin-A,NA,0.7051,0.365,0.4948,NA,-0.3938,2,3,0.5216333333333333
TPCA-1,NA,0.616,NA,0.381,NA,-0.4274,3,2,0.4985
BRD-K01282863,NA,0.599,0.3375,0.5336,NA,-0.4109,2,3,0.4900333333333333
Aminopurvalanol,NA,0.5655,0.3357,0.4045,0.4446,-0.3394,1,4,0.437575
BRD-K14091022,NA,0.5595,NA,0.4495,NA,-0.3466,3,2,0.5045
ST092379,NA,0.5371,0.3594,0.4057,NA,-0.4382,2,3,0.43406666666666666
Xylazine,NA,0.4997,NA,0.3711,NA,-0.3301,3,2,0.4354
OSI-027,NA,0.4716,0.3631,0.5139,NA,-0.3472,2,3,0.44953333333333334
2-Fluoroadenosine,NA,0.4551,NA,0.4161,NA,-0.3682,3,2,0.4356
CHEMBL168972,NA,0.4551,0.3781,NA,NA,-0.3759,3,2,0.41659999999999997
SU-11652,NA,0.4412,NA,0.4203,0.4794,-0.5337,2,3,0.4469666666666667
SA-1460136,NA,0.4305,0.3302,NA,NA,-0.3462,3,2,0.38034999999999997
Manumycin-A,NA,0.4279,NA,0.5863,NA,-0.3639,3,2,0.5071
PI828,NA,0.4175,NA,0.3966,NA,-0.357,3,2,0.40705
BIO2_000413,NA,0.4168,NA,0.5047,NA,-0.3717,3,2,0.46075
AZD-8055,NA,0.4119,NA,0.6293,0.3278,-0.3304,2,3,0.4563333333333333
Dibenzepin,NA,0.4107,NA,NA,0.4359,-0.4438,3,2,0.4233
SA-1921599,NA,0.4068,NA,NA,0.5538,-0.3617,3,2,0.48029999999999995
ST-4062971,NA,0.3989,0.3623,0.4545,NA,-0.3873,2,3,0.40523333333333333
KUC111774N,NA,0.3968,NA,0.5122,0.3516,-0.3414,2,3,0.4202
AC1OCDAW,NA,0.3965,NA,0.5951,0.394,-0.399,2,3,0.46186666666666665
"Ridaforolimus (Deforolimus, MK-8669)",NA,0.3728,NA,NA,0.3446,-0.3348,3,2,0.3587
ST50764508,NA,0.3697,NA,0.4302,NA,-0.4432,3,2,0.39995000000000003
Amiodarone,NA,0.3662,NA,0.4253,NA,-0.3535,3,2,0.39575000000000005
Bosentan,NA,0.3633,NA,0.4638,0.3244,-0.4859,2,3,0.38383333333333336
BG-51,NA,0.3598,NA,0.4739,NA,-0.4493,3,2,0.41685
Erythromycin,NA,0.3542,NA,0.3999,NA,-0.379,3,2,0.37705
"PI 3-K/mTOR Inhibitor III, PKI-179",NA,0.3513,NA,0.4579,0.4183,-0.3354,2,3,0.4091666666666667
COL-3,NA,0.3497,0.384,0.481,NA,-0.3303,2,3,0.4049
BRD-K58191509,NA,0.3481,NA,0.3976,NA,-0.3385,3,2,0.37285
Everolimus,NA,0.3475,0.3989,0.4176,NA,-0.4326,2,3,0.388
SA-1919918,NA,0.3469,NA,NA,0.3852,-0.3333,3,2,0.36605
Zuclomiphene,NA,0.3466,0.3645,0.4903,0.351,-0.3874,1,4,0.3881
Gefitinib,NA,0.3431,0.4055,0.4142,0.3967,-0.3559,1,4,0.389875
Methotrexate,NA,0.3386,NA,0.4364,NA,-0.3997,3,2,0.3875
SMR000060796,NA,0.3371,NA,0.4482,NA,-0.4132,3,2,0.39265
SA-243423,NA,0.3361,NA,NA,0.4914,-0.3354,3,2,0.41375
AG490,NA,0.3354,0.3794,0.5148,0.5353,-0.3405,1,4,0.441225
AC1O52XK,NA,0.3308,NA,0.4652,NA,-0.3961,3,2,0.398
BMS-536924,NA,0.3305,0.3461,0.5092,0.3496,-0.385,1,4,0.38385
AZD-2014,NA,0.3301,NA,0.3987,NA,-0.4451,3,2,0.3644
SCHEMBL17497626,NA,0.3237,NA,0.4048,NA,-0.3762,3,2,0.36424999999999996
TAS-103 (dihydrochloride),NA,NA,0.508,0.4047,0.3512,-0.3342,2,3,0.4213
DOCETAXEL,NA,NA,0.481,0.4953,NA,-0.5443,3,2,0.48815
LY2874455,NA,NA,0.4762,0.4412,NA,-0.374,3,2,0.4587
AVL-292,NA,NA,0.4749,0.3704,NA,-0.3905,3,2,0.42264999999999997
MLS000583951,NA,NA,0.4678,0.3712,NA,-0.4494,3,2,0.4195
5-Phenethylquinoline-8-ol,NA,NA,0.4576,0.3866,NA,-0.3898,3,2,0.42210000000000003
SA-1458610,NA,NA,0.4503,0.4898,NA,-0.3842,3,2,0.47004999999999997
SCHEMBL16980224,NA,NA,0.4257,0.5919,NA,-0.361,3,2,0.5088
Neratinib,NA,NA,0.4207,NA,0.3883,-0.4269,3,2,0.40449999999999997
TW 37,NA,NA,0.4083,0.4008,NA,-0.4266,3,2,0.40454999999999997
Taselisib,NA,NA,0.4072,0.4433,NA,-0.3519,3,2,0.42525
Acivicin,NA,NA,0.4034,0.3233,NA,-0.3393,3,2,0.36334999999999995
SCHEMBL618594,NA,NA,0.403,0.3254,0.5355,-0.3449,2,3,0.4213
AC1MFIS3,NA,NA,0.3913,0.3332,NA,-0.3287,3,2,0.36224999999999996
KPT-330,NA,NA,0.3913,NA,0.3257,-0.3392,3,2,0.3585
ML228,NA,NA,0.3897,0.3963,NA,-0.4552,3,2,0.393
Epirubicin HCl,NA,NA,0.3701,0.4082,NA,-0.3908,3,2,0.38915
CHEMBL2141722,NA,NA,0.3577,0.4232,NA,-0.4781,3,2,0.39045
MLS002276469,NA,NA,0.3563,0.496,NA,-0.3602,3,2,0.42615000000000003
PAC-1,NA,NA,0.3511,0.4406,NA,-0.4102,3,2,0.39585000000000004
CHEMBL2130568,NA,NA,0.3506,0.4097,NA,-0.418,3,2,0.38015
OSI-906 (Linsitinib),NA,NA,0.3379,NA,0.3337,-0.3921,3,2,0.3358
Ivermectin,NA,NA,0.3347,0.4837,0.3333,-0.5132,2,3,0.3839
BRD-K76418961,NA,NA,0.3325,NA,0.3454,-0.4263,3,2,0.33895
SB-203580,NA,NA,0.3316,0.4893,0.345,-0.3683,2,3,0.38863333333333333
AC1O9X68,NA,NA,0.3256,0.501,NA,-0.4922,3,2,0.4133
BRD-K97972722,NA,NA,0.3229,0.4519,0.3336,-0.3309,2,3,0.36946666666666667
AC1O9ZTN,NA,NA,0.4402,0.5139,NA,-0.4544,3,2,0.47705
SB590885,NA,NA,0.4149,0.3473,NA,-0.35,3,2,0.3811
Bufexamac,NA,NA,0.39,0.4182,NA,-0.3802,3,2,0.4041
CHIR-99021,NA,NA,0.3672,0.4431,0.4943,-0.418,2,3,0.4348666666666667
ZINC04384996,NA,NA,0.3671,0.5573,NA,-0.3325,3,2,0.4622
BRD-A17828570-001-01-0,NA,NA,0.3612,0.4161,0.3376,-0.3607,2,3,0.37163333333333337
BRD-K54343811,NA,NA,0.3558,0.4577,NA,-0.4561,3,2,0.40675
PD-407824,NA,NA,0.3537,NA,0.3492,-0.338,3,2,0.35145000000000004
BRD-K75813018,NA,NA,0.3394,0.5242,NA,-0.3505,3,2,0.43179999999999996
Meisoindigo,NA,NA,0.3335,0.5377,NA,-0.5083,3,2,0.4356
Tamoxifen,NA,NA,NA,0.53,0.3669,-0.3525,3,2,0.44845
Dabrafenib,NA,NA,NA,0.5129,0.3317,-0.3454,3,2,0.4223
Carfilzomib (PR-171),NA,NA,NA,0.5108,0.445,-0.3296,3,2,0.4779
sorafenib,NA,NA,NA,0.5095,0.7255,-0.3438,3,2,0.6174999999999999
Triclosan,NA,NA,NA,0.4966,0.3743,-0.4906,3,2,0.43545
Penfluridol,NA,NA,NA,0.4914,0.3917,-0.3428,3,2,0.44155
RO-281675,NA,NA,NA,0.4894,0.3983,-0.3674,3,2,0.44384999999999997
CHEMBL1982510,NA,NA,NA,0.4819,0.4138,-0.3463,3,2,0.44784999999999997
BMN 673,NA,NA,NA,0.474,0.4738,-0.3822,3,2,0.4739
BRD-K18170480,NA,NA,NA,0.4735,0.371,-0.4715,3,2,0.42225
Fipronil,NA,NA,NA,0.4681,0.3908,-0.3737,3,2,0.42945
4-Deoxyuridine,NA,NA,NA,0.4445,0.5438,-0.3366,3,2,0.49415
BRD-K63399564,NA,NA,NA,0.4415,0.5025,-0.3586,3,2,0.472
BRD-K00199686,NA,NA,NA,0.4334,0.3314,-0.5064,3,2,0.38239999999999996
SB743921,NA,NA,NA,0.4277,0.3243,-0.3478,3,2,0.376
BRD-K31887147,NA,NA,NA,0.4185,0.3624,-0.4321,3,2,0.39044999999999996
Adarotene,NA,NA,NA,0.4133,0.3332,-0.3475,3,2,0.37324999999999997
tetrahydropalmatine,NA,NA,NA,0.4128,0.4089,-0.4734,3,2,0.41085
BRD-K01335708,NA,NA,NA,0.4114,0.3757,-0.5614,3,2,0.39354999999999996
SPECTRUM_001579,NA,NA,NA,0.3994,0.556,-0.509,3,2,0.4777
Colchicine,NA,NA,NA,0.3983,0.4058,-0.3391,3,2,0.40205
Tolbutamide,NA,NA,NA,0.3966,0.3482,-0.3319,3,2,0.3724
Hydroflumethiazide,NA,NA,NA,0.392,0.3223,-0.3417,3,2,0.35714999999999997
SA-441145,NA,NA,NA,0.3917,0.3367,-0.5087,3,2,0.36419999999999997
Talnetant,NA,NA,NA,0.3833,0.3744,-0.3338,3,2,0.37885
Dipropyldopamine,NA,NA,NA,0.3823,0.3883,-0.3445,3,2,0.3853
BRD-A28746609,NA,NA,NA,0.3755,0.33,-0.4315,3,2,0.35275
Amuvatinib,NA,NA,NA,0.3743,0.3844,-0.4385,3,2,0.37935
"Dihydroorotate Dehydrogenase Inhibitor, Brequinar",NA,NA,NA,0.3629,0.3827,-0.4054,3,2,0.3728
Fccp,NA,NA,NA,0.358,0.3413,-0.3534,3,2,0.34965
