signatureID	PROBE	ID_geneid	Name_GeneSymbol	Value_LogDiffExp	Significance_pvalue
LINCSCP_98516	NA	6603	SMARCD2	-2.2514	0.0026
LINCSCP_98516	NA	5986	RFNG	1.973	0.0053
LINCSCP_98516	NA	6812	STXBP1	-1.7623	0.0065
LINCSCP_98516	NA	581	BAX	2.4112	0.0081
LINCSCP_98516	NA	55958	KLHL9	1.8698	0.0083
LINCSCP_98516	NA	8895	CPNE3	-3.223	0.009
LINCSCP_98516	NA	81544	GDPD5	1.7125	0.0091
LINCSCP_98516	NA	23443	SLC35A3	4.9328	0.0097
LINCSCP_98516	NA	902	CCNH	-1.7289	0.0116
LINCSCP_98516	NA	55111	PLEKHJ1	1.5504	0.0118
LINCSCP_98516	NA	4998	ORC1	2.8262	0.0119
LINCSCP_98516	NA	39	ACAT2	-4.4144	0.0129
LINCSCP_98516	NA	3098	HK1	-2.0562	0.0137
LINCSCP_98516	NA	11041	B4GAT1	-1.707	0.0139
LINCSCP_98516	NA	29082	CHMP4A	-1.4885	0.014
LINCSCP_98516	NA	1070	CETN3	-2.4426	0.0146
LINCSCP_98516	NA	5829	PXN	1.5492	0.0147
LINCSCP_98516	NA	670	BPHL	1.8562	0.0151
LINCSCP_98516	NA	7015	TERT	2.3059	0.017
LINCSCP_98516	NA	6597	SMARCA4	-1.7984	0.0171
LINCSCP_98516	NA	230	ALDOC	-1.4404	0.0171
LINCSCP_98516	NA	5921	RASA1	-2.927	0.0184
LINCSCP_98516	NA	51599	LSR	1.9457	0.0192
LINCSCP_98516	NA	4088	SMAD3	-1.6647	0.0193
LINCSCP_98516	NA	57149	LYRM1	-1.6887	0.0196
LINCSCP_98516	NA	10973	ASCC3	-1.5446	0.0201
LINCSCP_98516	NA	3385	ICAM3	-1.3827	0.0205
LINCSCP_98516	NA	10682	EBP	-1.5748	0.021
LINCSCP_98516	NA	5710	PSMD4	-1.3844	0.0219
LINCSCP_98516	NA	11188	NISCH	-1.9633	0.0227
LINCSCP_98516	NA	4931	NVL	1.4213	0.0229
LINCSCP_98516	NA	5290	PIK3CA	1.7161	0.024
LINCSCP_98516	NA	4216	MAP3K4	-1.9945	0.0261
LINCSCP_98516	NA	4313	MMP2	-1.3272	0.0269
LINCSCP_98516	NA	835	CASP2	-1.2591	0.0275
LINCSCP_98516	NA	899	CCNF	2.439	0.0279
LINCSCP_98516	NA	6050	RNH1	1.5486	0.0283
LINCSCP_98516	NA	11151	CORO1A	1.2087	0.0285
LINCSCP_98516	NA	58533	SNX6	-2.1069	0.0291
LINCSCP_98516	NA	10765	KDM5B	-1.1962	0.0294
LINCSCP_98516	NA	1605	DAG1	-1.871	0.0308
LINCSCP_98516	NA	64428	NARFL	1.5259	0.031
LINCSCP_98516	NA	10813	UTP14A	4.5985	0.0313
LINCSCP_98516	NA	672	BRCA1	-1.3498000000000001	0.0318
LINCSCP_98516	NA	1846	DUSP4	1.2117	0.032
LINCSCP_98516	NA	4154	MBNL1	-1.1565	0.0322
LINCSCP_98516	NA	5018	OXA1L	-3.5493	0.0331
LINCSCP_98516	NA	1111	CHEK1	-1.3745	0.0339
LINCSCP_98516	NA	8508	NIPSNAP1	-1.3913	0.034
LINCSCP_98516	NA	23161	SNX13	1.3551	0.034
LINCSCP_98516	NA	10174	SORBS3	-5.8373	0.0341
LINCSCP_98516	NA	3693	ITGB5	-1.3207	0.0348
LINCSCP_98516	NA	9093	DNAJA3	1.3993	0.035
LINCSCP_98516	NA	7690	ZNF131	1.8552	0.035
LINCSCP_98516	NA	79090	TRAPPC6A	1.3176	0.0365
LINCSCP_98516	NA	8396	PIP4K2B	-1.6114	0.0367
LINCSCP_98516	NA	7867	MAPKAPK3	1.6484	0.037
LINCSCP_98516	NA	4067	LYN	1.3003	0.038
LINCSCP_98516	NA	9467	SH3BP5	-1.8305	0.0381
LINCSCP_98516	NA	5782	PTPN12	-1.4228	0.0388
LINCSCP_98516	NA	5331	PLCB3	-1.3578	0.0397
LINCSCP_98516	NA	26036	ZNF451	-1.2435	0.0408
LINCSCP_98516	NA	23499	MACF1	-1.0898	0.0409
LINCSCP_98516	NA	3454	IFNAR1	2.0402	0.0415
LINCSCP_98516	NA	5654	HTRA1	2.139	0.0419
LINCSCP_98516	NA	2185	PTK2B	1.5863	0.0424
LINCSCP_98516	NA	3725	JUN	1.3005	0.0426
LINCSCP_98516	NA	9690	UBE3C	1.0785	0.0426
LINCSCP_98516	NA	23131	GPATCH8	-1.1889	0.043
LINCSCP_98516	NA	64080	RBKS	-1.1132	0.0434
LINCSCP_98516	NA	780	DDR1	1.7196	0.0435
LINCSCP_98516	NA	2810	SFN	-1.1631	0.0438
LINCSCP_98516	NA	7905	REEP5	-1.48	0.0443
LINCSCP_98516	NA	54438	GFOD1	1.1461	0.0454
LINCSCP_98516	NA	1509	CTSD	1.1969	0.0478
LINCSCP_98516	NA	23636	NUP62	-1.5292	0.0499
LINCSCP_98516	NA	58472	SQRDL	6.3679	0.05
LINCSCP_98516	NA	9650	MTFR1	4.6719	0.0503
LINCSCP_98516	NA	23200	ATP11B	1.0714	0.0505
LINCSCP_98516	NA	9517	SPTLC2	-1.5174	0.0509
LINCSCP_98516	NA	6850	SYK	2.0114	0.0512
LINCSCP_98516	NA	2131	EXT1	1.1621	0.0518
LINCSCP_98516	NA	7494	XBP1	-1.5498	0.0519
LINCSCP_98516	NA	3308	HSPA4	1.0198	0.0519
LINCSCP_98516	NA	5211	PFKL	-1.3689	0.0525
LINCSCP_98516	NA	5236	PGM1	-1.0673	0.0526
LINCSCP_98516	NA	8731	RNMT	-1.4617	0.0527
LINCSCP_98516	NA	6908	TBP	-0.9707	0.053
LINCSCP_98516	NA	4846	NOS3	1.4119	0.0532
LINCSCP_98516	NA	4312	MMP1	1.2951	0.0532
LINCSCP_98516	NA	30001	ERO1L	-1.4565	0.054
LINCSCP_98516	NA	1534	CYB561	1.1445	0.0541
LINCSCP_98516	NA	9375	TM9SF2	-1.2728	0.0546
LINCSCP_98516	NA	29103	DNAJC15	1.1	0.0552
LINCSCP_98516	NA	57406	ABHD6	3.8052	0.0556
LINCSCP_98516	NA	6500	SKP1	-1.5268	0.0556
LINCSCP_98516	NA	9915	ARNT2	1.1998	0.0559
LINCSCP_98516	NA	2582	GALE	-0.9276	0.0559
LINCSCP_98516	NA	1026	CDKN1A	-1.142	0.0564
LINCSCP_98516	NA	6117	RPA1	-1.0909	0.0566
LINCSCP_98516	NA	3553	IL1B	1.1475	0.0575
LINCSCP_98516	NA	9670	IPO13	0.9536	0.0578
LINCSCP_98516	NA	4609	MYC	0.9557	0.058
LINCSCP_98516	NA	5898	RALA	1.1734	0.058
LINCSCP_98516	NA	4172	MCM3	-1.2845	0.058
LINCSCP_98516	NA	4891	SLC11A2	1.3287	0.0581
LINCSCP_98516	NA	23321	TRIM2	1.393	0.0594
LINCSCP_98516	NA	6894	TARBP1	1.0198	0.0596
LINCSCP_98516	NA	10652	YKT6	-1.5368	0.0604
LINCSCP_98516	NA	1958	EGR1	2.7345	0.0605
LINCSCP_98516	NA	1861	TOR1A	1.7175	0.0612
LINCSCP_98516	NA	983	CDK1	-1.3537	0.0613
LINCSCP_98516	NA	9016	SLC25A14	0.8995	0.062
LINCSCP_98516	NA	3337	DNAJB1	-1.9724	0.062
LINCSCP_98516	NA	200081	TXLNA	-1.6962	0.0623
LINCSCP_98516	NA	7874	USP7	-1.3682	0.0626
LINCSCP_98516	NA	392	ARHGAP1	-0.9602	0.0637
LINCSCP_98516	NA	2886	GRB7	1.0372	0.0647
LINCSCP_98516	NA	10670	RRAGA	-1.1047	0.0661
LINCSCP_98516	NA	1848	DUSP6	0.8941	0.0661
LINCSCP_98516	NA	60528	ELAC2	0.8824	0.0666
LINCSCP_98516	NA	4638	MYLK	-1.239	0.0672
LINCSCP_98516	NA	23	ABCF1	0.9243	0.0681
LINCSCP_98516	NA	994	CDC25B	-1.5831	0.0688
LINCSCP_98516	NA	6253	RTN2	1.5395	0.0691
LINCSCP_98516	NA	11232	POLG2	-0.9272	0.0699
LINCSCP_98516	NA	387	RHOA	-1.0887	0.07
LINCSCP_98516	NA	200734	SPRED2	0.8687	0.0702
LINCSCP_98516	NA	9212	AURKB	0.8568	0.0702
LINCSCP_98516	NA	27242	TNFRSF21	0.9724	0.0706
LINCSCP_98516	NA	533	ATP6V0B	-1.0303	0.0706
LINCSCP_98516	NA	51024	FIS1	1.0454	0.0707
LINCSCP_98516	NA	8835	SOCS2	2.3898	0.0711
LINCSCP_98516	NA	47	ACLY	-1.0693	0.0714
LINCSCP_98516	NA	5373	PMM2	1.8876	0.0719
LINCSCP_98516	NA	79143	MBOAT7	1.091	0.072
LINCSCP_98516	NA	8804	CREG1	1.3403	0.0722
LINCSCP_98516	NA	8851	CDK5R1	-1.1285	0.0728
LINCSCP_98516	NA	54881	TEX10	-0.9767	0.0738
LINCSCP_98516	NA	85377	MICALL1	-1.246	0.0758
LINCSCP_98516	NA	10617	STAMBP	-0.8479	0.0759
LINCSCP_98516	NA	55893	ZNF395	1.374	0.0762
LINCSCP_98516	NA	23585	TMEM50A	-0.9211	0.0773
LINCSCP_98516	NA	2946	GSTM2	-0.8431	0.0775
LINCSCP_98516	NA	10206	TRIM13	1.1603	0.0776
LINCSCP_98516	NA	1647	GADD45A	1.3681	0.0777
LINCSCP_98516	NA	57192	MCOLN1	-1.0917	0.0778
LINCSCP_98516	NA	1643	DDB2	-1.3825	0.0784
LINCSCP_98516	NA	7157	TP53	-1.3977	0.0789
LINCSCP_98516	NA	5321	PLA2G4A	1.1691	0.0792
LINCSCP_98516	NA	10007	GNPDA1	-0.8401	0.0793
LINCSCP_98516	NA	10049	DNAJB6	1.0053	0.0797
LINCSCP_98516	NA	27109	ATP5S	3.2121	0.0802
LINCSCP_98516	NA	2309	FOXO3	-1.4635	0.0802
LINCSCP_98516	NA	4864	NPC1	-1.1205	0.0809
LINCSCP_98516	NA	23224	SYNE2	-1.0638	0.081
LINCSCP_98516	NA	8985	PLOD3	-1.0428	0.081
LINCSCP_98516	NA	9703	KIAA0100	-1.1526	0.0816
LINCSCP_98516	NA	5982	RFC2	1.0973	0.082
LINCSCP_98516	NA	11000	SLC27A3	2.213	0.0835
LINCSCP_98516	NA	23659	PLA2G15	-0.938	0.0836
LINCSCP_98516	NA	51335	NGRN	-1.1386	0.0849
LINCSCP_98516	NA	50865	HEBP1	-1.33	0.085
LINCSCP_98516	NA	3508	IGHMBP2	4.8336	0.0853
LINCSCP_98516	NA	9448	MAP4K4	1.4399	0.0863
LINCSCP_98516	NA	7358	UGDH	0.8792	0.0864
LINCSCP_98516	NA	7982	ST7	-1.0864	0.0865
LINCSCP_98516	NA	79170	PRR15L	0.8971	0.0904
LINCSCP_98516	NA	958	CD40	1.1494	0.0913
LINCSCP_98516	NA	6443	SGCB	-0.9651	0.0919
LINCSCP_98516	NA	3122	HLA-DRA	1.8713	0.0926
LINCSCP_98516	NA	10557	RPP38	4.8819	0.0929
LINCSCP_98516	NA	9797	TATDN2	-1.1215	0.0934
LINCSCP_98516	NA	2037	EPB41L2	-1.2258	0.0937
LINCSCP_98516	NA	1677	DFFB	1.2109	0.094
LINCSCP_98516	NA	154	ADRB2	1.0753	0.0952
LINCSCP_98516	NA	3682	ITGAE	1.1648	0.0957
LINCSCP_98516	NA	51466	EVL	0.9615	0.0963
LINCSCP_98516	NA	23038	WDTC1	-1.1316	0.0966
LINCSCP_98516	NA	2064	ERBB2	-0.9617	0.0969
LINCSCP_98516	NA	54512	EXOSC4	4.704	0.0971
LINCSCP_98516	NA	51001	MTERF3	-0.7595	0.0981
LINCSCP_98516	NA	1616	DAXX	1.1905	0.0982
LINCSCP_98516	NA	665	BNIP3L	-0.7876	0.0985
LINCSCP_98516	NA	2109	ETFB	-0.8822	0.1006
LINCSCP_98516	NA	1500	CTNND1	0.9304	0.1009
LINCSCP_98516	NA	16	AARS	-0.9333	0.1018
LINCSCP_98516	NA	8900	CCNA1	1.3481	0.102
LINCSCP_98516	NA	10776	ARPP19	-1.5599	0.1022
LINCSCP_98516	NA	8974	P4HA2	-0.7979	0.1033
LINCSCP_98516	NA	6599	SMARCC1	-0.8705	0.1038
LINCSCP_98516	NA	55608	ANKRD10	0.935	0.1049
LINCSCP_98516	NA	2770	GNAI1	-0.934	0.106
LINCSCP_98516	NA	56654	NPDC1	0.981	0.1083
LINCSCP_98516	NA	93594	TBC1D31	0.8747	0.1091
LINCSCP_98516	NA	3480	IGF1R	-0.9409	0.1093
LINCSCP_98516	NA	142	PARP1	-1.2177	0.1095
LINCSCP_98516	NA	8349	HIST2H2BE	1.1585	0.1097
LINCSCP_98516	NA	5588	PRKCQ	4.5963	0.1105
LINCSCP_98516	NA	4582	MUC1	1.43	0.1115
LINCSCP_98516	NA	695	BTK	-1.5273	0.1118
LINCSCP_98516	NA	3930	LBR	0.7296	0.1128
LINCSCP_98516	NA	85236	HIST1H2BK	1.5775	0.1139
LINCSCP_98516	NA	51097	SCCPDH	-1.6545	0.114
LINCSCP_98516	NA	10318	TNIP1	-4.2252	0.1164
LINCSCP_98516	NA	5867	RAB4A	0.7651	0.1175
LINCSCP_98516	NA	23335	WDR7	4.5041	0.1191
LINCSCP_98516	NA	1845	DUSP3	-0.9389	0.1197
LINCSCP_98516	NA	55148	UBR7	-0.7644	0.1203
LINCSCP_98516	NA	5498	PPOX	0.9108	0.1205
LINCSCP_98516	NA	26128	KIF1BP	-0.9134	0.1205
LINCSCP_98516	NA	2745	GLRX	-0.8523	0.1215
LINCSCP_98516	NA	1062	CENPE	-0.777	0.1217
LINCSCP_98516	NA	3156	HMGCR	-0.8207	0.1223
LINCSCP_98516	NA	25803	SPDEF	2.6644	0.1224
LINCSCP_98516	NA	55127	HEATR1	-1.0347	0.1227
LINCSCP_98516	NA	10559	SLC35A1	4.1707	0.1229
LINCSCP_98516	NA	2954	GSTZ1	-0.7251	0.1234
LINCSCP_98516	NA	10329	TMEM5	4.1648	0.1235
LINCSCP_98516	NA	1027	CDKN1B	-1.0074	0.1237
LINCSCP_98516	NA	102	ADAM10	-0.6884	0.1243
LINCSCP_98516	NA	375346	TMEM110	1.989	0.125
LINCSCP_98516	NA	54915	YTHDF1	-0.8651	0.1257
LINCSCP_98516	NA	1454	CSNK1E	-1.3796	0.1258
LINCSCP_98516	NA	22796	COG2	0.8609	0.1266
LINCSCP_98516	NA	840	CASP7	-1.6583	0.1266
LINCSCP_98516	NA	2542	SLC37A4	-0.8286	0.1281
LINCSCP_98516	NA	22794	CASC3	-0.8115	0.129
LINCSCP_98516	NA	9697	TRAM2	-0.832	0.13
LINCSCP_98516	NA	10857	PGRMC1	-1.0771	0.1303
LINCSCP_98516	NA	5468	PPARG	-1.5249	0.1308
LINCSCP_98516	NA	8996	NOL3	1.0207	0.1315
LINCSCP_98516	NA	10953	TOMM34	-0.6908	0.132
LINCSCP_98516	NA	1465	CSRP1	-4.3772	0.1321
LINCSCP_98516	NA	8321	FZD1	1.2946	0.1322
LINCSCP_98516	NA	5583	PRKCH	4.0905	0.1339
LINCSCP_98516	NA	9124	PDLIM1	-0.7828	0.134
LINCSCP_98516	NA	6659	SOX4	-1.3762	0.1346
LINCSCP_98516	NA	11200	CHEK2	-0.7573	0.1351
LINCSCP_98516	NA	9170	LPAR2	0.7669	0.1355
LINCSCP_98516	NA	6118	RPA2	-0.8557	0.1359
LINCSCP_98516	NA	79600	TCTN1	-0.8616	0.137
LINCSCP_98516	NA	55699	IARS2	-3.2093	0.1372
LINCSCP_98516	NA	2353	FOS	0.8398	0.1373
LINCSCP_98516	NA	9134	CCNE2	-0.7324	0.1374
LINCSCP_98516	NA	5603	MAPK13	-0.8069	0.1379
LINCSCP_98516	NA	9112	MTA1	-0.7136	0.139
LINCSCP_98516	NA	2548	GAA	-0.9495	0.1408
LINCSCP_98516	NA	8440	NCK2	-0.8062	0.1412
LINCSCP_98516	NA	80347	COASY	-1.005	0.1413
LINCSCP_98516	NA	7852	CXCR4	2.9487	0.1415
LINCSCP_98516	NA	7376	NR1H2	2.3304	0.1421
LINCSCP_98516	NA	8444	DYRK3	0.6374	0.1423
LINCSCP_98516	NA	6616	SNAP25	4.2828	0.1431
LINCSCP_98516	NA	5716	PSMD10	-1.1291	0.1437
LINCSCP_98516	NA	5525	PPP2R5A	-0.8216	0.1438
LINCSCP_98516	NA	27346	TMEM97	-2.0078	0.1438
LINCSCP_98516	NA	6499	SKIV2L	-1.0405	0.1442
LINCSCP_98516	NA	8727	CTNNAL1	-0.7165	0.1444
LINCSCP_98516	NA	2690	GHR	1.2813	0.1455
LINCSCP_98516	NA	51005	AMDHD2	2.9017	0.1456
LINCSCP_98516	NA	10276	NET1	-0.8003	0.1456
LINCSCP_98516	NA	10606	PAICS	-1.0821	0.1466
LINCSCP_98516	NA	23597	ACOT9	-3.9708	0.1467
LINCSCP_98516	NA	8520	HAT1	0.9642	0.1488
LINCSCP_98516	NA	5048	PAFAH1B1	-0.6983	0.149
LINCSCP_98516	NA	2274	FHL2	-1.238	0.1499
LINCSCP_98516	NA	55748	CNDP2	-0.7781	0.1508
LINCSCP_98516	NA	6342	SCP2	-0.8155	0.1509
LINCSCP_98516	NA	6304	SATB1	1.5658	0.1513
LINCSCP_98516	NA	868	CBLB	-0.7963	0.1515
LINCSCP_98516	NA	8480	RAE1	-0.8854	0.1516
LINCSCP_98516	NA	5366	PMAIP1	0.6248	0.1516
LINCSCP_98516	NA	596	BCL2	0.9417	0.1518
LINCSCP_98516	NA	9641	IKBKE	1.7897	0.1521
LINCSCP_98516	NA	148022	TICAM1	-0.8006	0.1529
LINCSCP_98516	NA	11325	DDX42	-0.7412	0.15310000000000001
LINCSCP_98516	NA	323	APBB2	-0.7003	0.155
LINCSCP_98516	NA	1050	CEBPA	2.4733	0.1551
LINCSCP_98516	NA	8050	PDHX	-1.7903	0.1557
LINCSCP_98516	NA	2356	FPGS	0.6887	0.1558
LINCSCP_98516	NA	1277	COL1A1	-4.1877	0.1561
LINCSCP_98516	NA	26054	SENP6	-0.7859	0.1562
LINCSCP_98516	NA	51031	GLOD4	-0.8517	0.1574
LINCSCP_98516	NA	2184	FAH	-0.9621	0.1575
LINCSCP_98516	NA	9019	MPZL1	-0.96	0.1585
LINCSCP_98516	NA	2852	GPER1	3.8672	0.1605
LINCSCP_98516	NA	7043	TGFB3	-0.7806	0.1617
LINCSCP_98516	NA	4043	LRPAP1	-0.9354	0.162
LINCSCP_98516	NA	23670	TMEM2	-1.3523	0.1633
LINCSCP_98516	NA	28969	BZW2	-0.7296	0.1639
LINCSCP_98516	NA	10398	MYL9	1.2544	0.1643
LINCSCP_98516	NA	10730	YME1L1	-3.8542	0.1646
LINCSCP_98516	NA	10904	BLCAP	-1.8878	0.1663
LINCSCP_98516	NA	207	AKT1	3.0232	0.1669
LINCSCP_98516	NA	652	BMP4	0.8839	0.1676
LINCSCP_98516	NA	1983	EIF5	-0.7571	0.1683
LINCSCP_98516	NA	2048	EPHB2	-0.7357	0.1684
LINCSCP_98516	NA	9491	PSMF1	1.1287	0.1692
LINCSCP_98516	NA	2553	GABPB1	-1.1747	0.1695
LINCSCP_98516	NA	5747	PTK2	0.9088	0.1703
LINCSCP_98516	NA	3988	LIPA	-0.9872	0.1703
LINCSCP_98516	NA	55556	ENOSF1	-0.7406	0.1705
LINCSCP_98516	NA	332	BIRC5	-0.8155	0.1713
LINCSCP_98516	NA	23061	TBC1D9B	-0.632	0.1714
LINCSCP_98516	NA	5108	PCM1	-0.8368	0.1717
LINCSCP_98516	NA	50814	NSDHL	-0.6099	0.1723
LINCSCP_98516	NA	6839	SUV39H1	-0.7989	0.1739
LINCSCP_98516	NA	1829	DSG2	-0.8162	0.175
LINCSCP_98516	NA	54807	ZNF586	3.7678	0.175
LINCSCP_98516	NA	23522	KAT6B	1.2556	0.176
LINCSCP_98516	NA	6275	S100A4	-0.7146	0.1765
LINCSCP_98516	NA	2042	EPHA3	-0.6568	0.177
LINCSCP_98516	NA	79071	ELOVL6	-0.9598	0.1773
LINCSCP_98516	NA	10732	TCFL5	4.0263	0.1781
LINCSCP_98516	NA	2288	FKBP4	0.8649	0.1785
LINCSCP_98516	NA	5720	PSME1	-0.5894	0.1788
LINCSCP_98516	NA	2115	ETV1	0.5824	0.1791
LINCSCP_98516	NA	8870	IER3	0.9368	0.1794
LINCSCP_98516	NA	26520	TIMM9	-4.0104	0.1796
LINCSCP_98516	NA	8573	CASK	-0.6483	0.1798
LINCSCP_98516	NA	8553	BHLHE40	-0.7975	0.1802
LINCSCP_98516	NA	2523	FUT1	0.8552	0.1806
LINCSCP_98516	NA	9918	NCAPD2	-0.6507	0.1808
LINCSCP_98516	NA	10969	EBNA1BP2	-0.621	0.182
LINCSCP_98516	NA	6390	SDHB	-0.9471	0.1821
LINCSCP_98516	NA	1956	EGFR	-0.6269	0.1825
LINCSCP_98516	NA	874	CBR3	-0.7112	0.1831
LINCSCP_98516	NA	26001	RNF167	-2.2114	0.1834
LINCSCP_98516	NA	9928	KIF14	-1.1872	0.1838
LINCSCP_98516	NA	1153	CIRBP	-0.8615	0.184
LINCSCP_98516	NA	348	APOE	1.5989	0.1847
LINCSCP_98516	NA	2017	CTTN	-0.6467	0.1852
LINCSCP_98516	NA	10641	NPRL2	2.441	0.1853
LINCSCP_98516	NA	3202	HOXA5	-1.4754	0.186
LINCSCP_98516	NA	26020	LRP10	-0.62	0.1863
LINCSCP_98516	NA	57215	THAP11	-1.5558	0.1865
LINCSCP_98516	NA	51026	GOLT1B	0.8599	0.1872
LINCSCP_98516	NA	7099	TLR4	0.5619	0.1892
LINCSCP_98516	NA	4794	NFKBIE	0.8643	0.1895
LINCSCP_98516	NA	1022	CDK7	0.5768	0.1898
LINCSCP_98516	NA	5355	PLP2	-0.7098	0.1906
LINCSCP_98516	NA	7994	KAT6A	-1.1532	0.1914
LINCSCP_98516	NA	9847	C2CD5	3.9262	0.1919
LINCSCP_98516	NA	23658	LSM5	-3.9218	0.1927
LINCSCP_98516	NA	51465	UBE2J1	0.703	0.1928
LINCSCP_98516	NA	81533	ITFG1	-2.6766	0.1933
LINCSCP_98516	NA	23365	ARHGEF12	-0.6657	0.1947
LINCSCP_98516	NA	53343	NUDT9	-0.6329	0.1966
LINCSCP_98516	NA	1213	CLTC	-1.64	0.1977
LINCSCP_98516	NA	3280	HES1	1.1218	0.1978
LINCSCP_98516	NA	90861	HN1L	-0.7331	0.1978
LINCSCP_98516	NA	976	ADGRE5	-0.5652	0.2006
LINCSCP_98516	NA	9533	POLR1C	0.6565	0.2011
LINCSCP_98516	NA	11004	KIF2C	-0.6753	0.2021
LINCSCP_98516	NA	10972	TMED10	-2.198	0.2033
LINCSCP_98516	NA	79094	CHAC1	0.6978	0.2041
LINCSCP_98516	NA	51719	CAB39	-0.6778	0.2049
LINCSCP_98516	NA	388650	FAM69A	0.6728	0.2053
LINCSCP_98516	NA	22823	MTF2	1.3376	0.2058
LINCSCP_98516	NA	23368	PPP1R13B	3.4077	0.208
LINCSCP_98516	NA	4793	NFKBIB	-0.9173	0.2081
LINCSCP_98516	NA	843	CASP10	0.7552	0.2091
LINCSCP_98516	NA	79850	FAM57A	-0.6008	0.2104
LINCSCP_98516	NA	8884	SLC5A6	0.7094	0.2109
LINCSCP_98516	NA	2624	GATA2	-0.5367	0.211
LINCSCP_98516	NA	10434	LYPLA1	-0.8116	0.2115
LINCSCP_98516	NA	5547	PRCP	-0.7971	0.2125
LINCSCP_98516	NA	6464	SHC1	-0.6044	0.2131
LINCSCP_98516	NA	51021	MRPS16	-2.7423	0.21560000000000001
LINCSCP_98516	NA	1831	TSC22D3	-0.6844	0.2159
LINCSCP_98516	NA	11044	PAPD7	0.5996	0.2168
LINCSCP_98516	NA	10523	CHERP	-0.5698	0.2169
LINCSCP_98516	NA	7020	TFAP2A	0.687	0.2178
LINCSCP_98516	NA	351	APP	0.9969	0.2179
LINCSCP_98516	NA	10493	VAT1	-0.6663	0.2199
LINCSCP_98516	NA	79080	CCDC86	-2.7095	0.2201
LINCSCP_98516	NA	30849	PIK3R4	-0.7623	0.2206
LINCSCP_98516	NA	29928	TIMM22	1.0872	0.2234
LINCSCP_98516	NA	6709	SPTAN1	-0.5797	0.2235
LINCSCP_98516	NA	79921	TCEAL4	-1.0495	0.2242
LINCSCP_98516	NA	57761	TRIB3	0.5755	0.2252
LINCSCP_98516	NA	8878	SQSTM1	-0.5554	0.2254
LINCSCP_98516	NA	727	C5	0.669	0.2258
LINCSCP_98516	NA	8720	MBTPS1	0.521	0.2261
LINCSCP_98516	NA	2958	GTF2A2	0.5558	0.2274
LINCSCP_98516	NA	58497	PRUNE	-0.6389	0.2276
LINCSCP_98516	NA	10921	RNPS1	-0.5815	0.2295
LINCSCP_98516	NA	7088	TLE1	-0.637	0.2297
LINCSCP_98516	NA	1514	CTSL	-0.6299	0.2307
LINCSCP_98516	NA	9988	DMTF1	-0.5278	0.2312
LINCSCP_98516	NA	7106	TSPAN4	-0.6158	0.2314
LINCSCP_98516	NA	10450	PPIE	-0.5562	0.2337
LINCSCP_98516	NA	5601	MAPK9	0.7203	0.2339
LINCSCP_98516	NA	5889	RAD51C	-0.9087	0.2347
LINCSCP_98516	NA	79643	CHMP6	3.4058	0.2354
LINCSCP_98516	NA	9924	PAN2	-0.6577	0.2355
LINCSCP_98516	NA	2817	GPC1	0.5864	0.2357
LINCSCP_98516	NA	10845	CLPX	0.5102	0.2366
LINCSCP_98516	NA	57147	SCYL3	-0.5489	0.2373
LINCSCP_98516	NA	3978	LIG1	-0.646	0.2376
LINCSCP_98516	NA	10221	TRIB1	-0.8268	0.2404
LINCSCP_98516	NA	51422	PRKAG2	1.3859	0.2416
LINCSCP_98516	NA	5154	PDGFA	-0.5525	0.2423
LINCSCP_98516	NA	5096	PCCB	-0.6299	0.2431
LINCSCP_98516	NA	9712	USP6NL	-0.8338	0.2443
LINCSCP_98516	NA	10954	PDIA5	-0.7647	0.2444
LINCSCP_98516	NA	25839	COG4	0.562	0.2446
LINCSCP_98516	NA	55038	CDCA4	-0.7459	0.2454
LINCSCP_98516	NA	1001	CDH3	1.1131	0.2466
LINCSCP_98516	NA	6697	SPR	-0.5086	0.2476
LINCSCP_98516	NA	701	BUB1B	0.5632	0.2482
LINCSCP_98516	NA	466	ATF1	-0.9146	0.2495
LINCSCP_98516	NA	211	ALAS1	0.7054	0.2507
LINCSCP_98516	NA	4860	PNP	0.4757	0.2511
LINCSCP_98516	NA	7296	TXNRD1	0.6349	0.2519
LINCSCP_98516	NA	8204	NRIP1	-2.0634	0.2522
LINCSCP_98516	NA	51071	DERA	0.4807	0.2526
LINCSCP_98516	NA	9133	CCNB2	0.5766	0.2532
LINCSCP_98516	NA	9531	BAG3	-0.5583	0.2535
LINCSCP_98516	NA	9181	ARHGEF2	-0.4903	0.2537
LINCSCP_98516	NA	9128	PRPF4	-2.5296	0.2547
LINCSCP_98516	NA	23647	ARFIP2	0.6805	0.2551
LINCSCP_98516	NA	6810	STX4	-0.7493	0.2555
LINCSCP_98516	NA	3775	KCNK1	0.5679	0.2555
LINCSCP_98516	NA	9519	TBPL1	0.5894	0.2566
LINCSCP_98516	NA	56889	TM9SF3	-2.6173	0.2569
LINCSCP_98516	NA	9833	MELK	-0.4832	0.2576
LINCSCP_98516	NA	9897	KIAA0196	0.4824	0.2582
LINCSCP_98516	NA	2896	GRN	0.5879	0.2583
LINCSCP_98516	NA	50810	HDGFRP3	-0.6686	0.2585
LINCSCP_98516	NA	8312	AXIN1	0.7867	0.2589
LINCSCP_98516	NA	6988	TCTA	-2.5086	0.2599
LINCSCP_98516	NA	22827	PUF60	-0.9183	0.2603
LINCSCP_98516	NA	3303	HSPA1A	-0.5681	0.2604
LINCSCP_98516	NA	10513	APPBP2	-0.7239	0.2608
LINCSCP_98516	NA	66008	TRAK2	-0.8044	0.2608
LINCSCP_98516	NA	5883	RAD9A	2.3881	0.2614
LINCSCP_98516	NA	7016	TESK1	0.7572	0.2616
LINCSCP_98516	NA	1123	CHN1	0.795	0.264
LINCSCP_98516	NA	29978	UBQLN2	-0.8147	0.2645
LINCSCP_98516	NA	64429	ZDHHC6	-0.6798	0.2646
LINCSCP_98516	NA	7082	TJP1	-0.5894	0.2646
LINCSCP_98516	NA	4303	FOXO4	3.5096	0.2652
LINCSCP_98516	NA	6777	STAT5B	0.782	0.2661
LINCSCP_98516	NA	8574	AKR7A2	-0.488	0.2699
LINCSCP_98516	NA	6944	VPS72	-0.9436	0.2708
LINCSCP_98516	NA	178	AGL	3.195	0.2708
LINCSCP_98516	NA	1666	DECR1	-0.646	0.2724
LINCSCP_98516	NA	226	ALDOA	-0.5373	0.2754
LINCSCP_98516	NA	63874	ABHD4	1.7232	0.2767
LINCSCP_98516	NA	4690	NCK1	0.8176	0.2776
LINCSCP_98516	NA	11230	PRAF2	-0.5401	0.2783
LINCSCP_98516	NA	891	CCNB1	-3.4135	0.2784
LINCSCP_98516	NA	29890	RBM15B	0.5537	0.2798
LINCSCP_98516	NA	84890	ADO	3.1461	0.2802
LINCSCP_98516	NA	26064	RAI14	-3.1412	0.2803
LINCSCP_98516	NA	2956	MSH6	-0.5788	0.2805
LINCSCP_98516	NA	80204	FBXO11	-0.641	0.2809
LINCSCP_98516	NA	23325	KIAA1033	1.6267	0.2818
LINCSCP_98516	NA	27244	SESN1	-0.4433	0.2829
LINCSCP_98516	NA	10298	PAK4	0.655	0.2851
LINCSCP_98516	NA	3312	HSPA8	-0.5944	0.2855
LINCSCP_98516	NA	3157	HMGCS1	-0.5589	0.2865
LINCSCP_98516	NA	54386	TERF2IP	-0.6774	0.2869
LINCSCP_98516	NA	1399	CRKL	0.5671	0.2897
LINCSCP_98516	NA	4125	MAN2B1	-0.6517	0.2901
LINCSCP_98516	NA	8800	PEX11A	0.7587	0.2901
LINCSCP_98516	NA	427	ASAH1	-0.4344	0.2916
LINCSCP_98516	NA	6657	SOX2	1.1257	0.2936
LINCSCP_98516	NA	22841	RAB11FIP2	2.3531	0.2949
LINCSCP_98516	NA	4817	NIT1	0.8467	0.2971
LINCSCP_98516	NA	3091	HIF1A	0.4905	0.2998
LINCSCP_98516	NA	6509	SLC1A4	-0.7026	0.3002
LINCSCP_98516	NA	10285	SMNDC1	-0.5219	0.3013
LINCSCP_98516	NA	10038	PARP2	-0.5553	0.3017
LINCSCP_98516	NA	23338	JADE2	1.1123	0.3029
LINCSCP_98516	NA	9221	NOLC1	-0.4179	0.3035
LINCSCP_98516	NA	3895	KTN1	-0.6676	0.3044
LINCSCP_98516	NA	1759	DNM1	-0.6842	0.3064
LINCSCP_98516	NA	5438	POLR2I	-0.7872	0.3066
LINCSCP_98516	NA	29937	NENF	-0.6557	0.3081
LINCSCP_98516	NA	3628	INPP1	-0.4286	0.3084
LINCSCP_98516	NA	4232	MEST	0.4344	0.3088
LINCSCP_98516	NA	3925	STMN1	0.5622	0.309
LINCSCP_98516	NA	991	CDC20	-0.5379	0.3108
LINCSCP_98516	NA	3551	IKBKB	-0.576	0.3109
LINCSCP_98516	NA	55129	ANO10	-0.4346	0.3123
LINCSCP_98516	NA	9183	ZW10	-0.588	0.3148
LINCSCP_98516	NA	1788	DNMT3A	0.4541	0.3154
LINCSCP_98516	NA	29083	GTPBP8	-2.9634	0.3159
LINCSCP_98516	NA	51495	HACD3	-0.4256	0.3177
LINCSCP_98516	NA	10046	MAMLD1	2.251	0.3182
LINCSCP_98516	NA	831	CAST	0.6581	0.3202
LINCSCP_98516	NA	9143	SYNGR3	-0.4554	0.3219
LINCSCP_98516	NA	4783	NFIL3	-0.5717	0.3234
LINCSCP_98516	NA	7398	USP1	-0.4547	0.3239
LINCSCP_98516	NA	4482	MSRA	-0.4346	0.3241
LINCSCP_98516	NA	25874	MPC2	0.4298	0.3244
LINCSCP_98516	NA	1635	DCTD	-0.7033	0.3248
LINCSCP_98516	NA	4775	NFATC3	-0.4177	0.3268
LINCSCP_98516	NA	3300	DNAJB2	0.5509	0.3269
LINCSCP_98516	NA	22905	EPN2	2.2353	0.3274
LINCSCP_98516	NA	116832	RPL39L	1.0099	0.3296
LINCSCP_98516	NA	836	CASP3	0.4106	0.33
LINCSCP_98516	NA	80212	CCDC92	-0.5473	0.3302
LINCSCP_98516	NA	1633	DCK	-0.4649	0.331
LINCSCP_98516	NA	2058	EPRS	0.5434	0.3312
LINCSCP_98516	NA	4850	CNOT4	3.1475	0.3314
LINCSCP_98516	NA	5891	MOK	0.5178	0.3334
LINCSCP_98516	NA	2908	NR3C1	-0.4304	0.3354
LINCSCP_98516	NA	55011	PIH1D1	0.4472	0.3373
LINCSCP_98516	NA	1452	CSNK1A1	-0.4417	0.3387
LINCSCP_98516	NA	10270	AKAP8	1.1717	0.3388
LINCSCP_98516	NA	11014	KDELR2	-0.6756	0.3389
LINCSCP_98516	NA	11098	PRSS23	-0.69	0.3392
LINCSCP_98516	NA	11284	PNKP	2.1637	0.3406
LINCSCP_98516	NA	11011	TLK2	0.5677	0.3424
LINCSCP_98516	NA	55324	ABCF3	-0.4776	0.3425
LINCSCP_98516	NA	8821	INPP4B	-0.4569	0.3451
LINCSCP_98516	NA	10112	KIF20A	-2.1371000000000002	0.3465
LINCSCP_98516	NA	54623	PAF1	-0.6644	0.3477
LINCSCP_98516	NA	3206	HOXA10	0.3786	0.3497
LINCSCP_98516	NA	2961	GTF2E2	0.3848	0.3499
LINCSCP_98516	NA	5289	PIK3C3	0.6528	0.3504
LINCSCP_98516	NA	10494	STK25	0.7972	0.3504
LINCSCP_98516	NA	51160	VPS28	-0.6752	0.3504
LINCSCP_98516	NA	6194	RPS6	0.4845	0.3518
LINCSCP_98516	NA	4208	MEF2C	0.9235	0.3526
LINCSCP_98516	NA	10099	TSPAN3	-0.7416	0.3545
LINCSCP_98516	NA	51569	UFM1	-1.0429	0.3557
LINCSCP_98516	NA	4836	NMT1	-0.5951	0.3558
LINCSCP_98516	NA	7074	TIAM1	1.0792	0.356
LINCSCP_98516	NA	23223	RRP12	-0.5751	0.3564
LINCSCP_98516	NA	6184	RPN1	-0.4427	0.3596
LINCSCP_98516	NA	83743	GRWD1	-0.5124	0.3601
LINCSCP_98516	NA	8678	BECN1	-0.571	0.3613
LINCSCP_98516	NA	10058	ABCB6	-0.6152	0.3626
LINCSCP_98516	NA	5873	RAB27A	0.5056	0.3628
LINCSCP_98516	NA	5019	OXCT1	-0.3988	0.3643
LINCSCP_98516	NA	5721	PSME2	0.5048	0.3662
LINCSCP_98516	NA	1950	EGF	0.3635	0.3675
LINCSCP_98516	NA	23512	SUZ12	-0.3606	0.3682
LINCSCP_98516	NA	7153	TOP2A	-0.7859	0.369
LINCSCP_98516	NA	3251	HPRT1	-0.3691	0.3694
LINCSCP_98516	NA	64781	CERK	-0.3855	0.3726
LINCSCP_98516	NA	5880	RAC2	-0.4758	0.3744
LINCSCP_98516	NA	501	ALDH7A1	-0.3723	0.3747
LINCSCP_98516	NA	6774	STAT3	-0.6172	0.3757
LINCSCP_98516	NA	51170	HSD17B11	-0.3997	0.3775
LINCSCP_98516	NA	10059	DNM1L	-2.018	0.3776
LINCSCP_98516	NA	847	CAT	0.5022	0.378
LINCSCP_98516	NA	30836	DNTTIP2	0.4287	0.3791
LINCSCP_98516	NA	8607	RUVBL1	0.4718	0.3797
LINCSCP_98516	NA	9097	USP14	0.6008	0.3802
LINCSCP_98516	NA	10782	ZNF274	-0.5755	0.3806
LINCSCP_98516	NA	10489	LRRC41	0.3545	0.3823
LINCSCP_98516	NA	2736	GLI2	-0.5323	0.3843
LINCSCP_98516	NA	9917	FAM20B	0.7857	0.3892
LINCSCP_98516	NA	57178	ZMIZ1	0.373	0.3893
LINCSCP_98516	NA	5708	PSMD2	0.3807	0.3905
LINCSCP_98516	NA	3566	IL4R	0.6864	0.3907
LINCSCP_98516	NA	23536	ADAT1	-0.3706	0.3909
LINCSCP_98516	NA	8518	IKBKAP	0.3599	0.3915
LINCSCP_98516	NA	965	CD58	-1.1901	0.3916
LINCSCP_98516	NA	23039	XPO7	-1.9888	0.3925
LINCSCP_98516	NA	79187	FSD1	0.4218	0.3949
LINCSCP_98516	NA	10153	CEBPZ	-0.3993	0.396
LINCSCP_98516	NA	8202	NCOA3	0.5326	0.3976
LINCSCP_98516	NA	10013	HDAC6	-0.3335	0.3987
LINCSCP_98516	NA	9126	SMC3	-0.7082	0.3988
LINCSCP_98516	NA	9805	SCRN1	-0.4152	0.3996
LINCSCP_98516	NA	10892	MALT1	-0.344	0.4
LINCSCP_98516	NA	11182	SLC2A6	-0.3727	0.4017
LINCSCP_98516	NA	6915	TBXA2R	0.4735	0.4019
LINCSCP_98516	NA	2146	EZH2	-0.3914	0.4043
LINCSCP_98516	NA	644	BLVRA	-0.3639	0.4044
LINCSCP_98516	NA	23013	SPEN	-0.3584	0.405
LINCSCP_98516	NA	622	BDH1	-0.5197	0.4073
LINCSCP_98516	NA	55837	EAPP	0.4248	0.408
LINCSCP_98516	NA	23076	RRP1B	0.5658	0.408
LINCSCP_98516	NA	10610	ST6GALNAC2	0.5215	0.4104
LINCSCP_98516	NA	91137	SLC25A46	-0.4542	0.4112
LINCSCP_98516	NA	22889	KIAA0907	-0.5974	0.4117
LINCSCP_98516	NA	91949	COG7	0.4006	0.4142
LINCSCP_98516	NA	84617	TUBB6	-1.8704	0.4189
LINCSCP_98516	NA	11065	UBE2C	-0.3335	0.4191
LINCSCP_98516	NA	10237	SLC35B1	0.3609	0.4209
LINCSCP_98516	NA	10150	MBNL2	0.344	0.4219
LINCSCP_98516	NA	5997	RGS2	-0.3609	0.422
LINCSCP_98516	NA	80758	PRR7	-0.4615	0.4228
LINCSCP_98516	NA	355	FAS	0.5831	0.4259
LINCSCP_98516	NA	11137	PWP1	0.3458	0.428
LINCSCP_98516	NA	2778	GNAS	-0.3392	0.4287
LINCSCP_98516	NA	55746	NUP133	0.3144	0.4289
LINCSCP_98516	NA	6622	SNCA	0.4021	0.4327
LINCSCP_98516	NA	9261	MAPKAPK2	0.444	0.4337
LINCSCP_98516	NA	3482	IGF2R	-0.3182	0.434
LINCSCP_98516	NA	8726	EED	0.3211	0.4343
LINCSCP_98516	NA	11157	LSM6	-0.7402	0.4351
LINCSCP_98516	NA	4925	NUCB2	0.3387	0.4362
LINCSCP_98516	NA	9289	ADGRG1	0.3201	0.4364
LINCSCP_98516	NA	1052	CEBPD	0.307	0.4373
LINCSCP_98516	NA	79961	DENND2D	0.4745	0.4385
LINCSCP_98516	NA	2673	GFPT1	-0.3832	0.4388
LINCSCP_98516	NA	23588	KLHDC2	0.3487	0.4401
LINCSCP_98516	NA	9217	VAPB	1.4849	0.4401
LINCSCP_98516	NA	6347	CCL2	0.5027	0.4411
LINCSCP_98516	NA	10525	HYOU1	0.3825	0.4412
LINCSCP_98516	NA	6772	STAT1	0.4718	0.4414
LINCSCP_98516	NA	2625	GATA3	0.4116	0.4418
LINCSCP_98516	NA	2920	CXCL2	0.3206	0.442
LINCSCP_98516	NA	10227	MFSD10	0.4466	0.4435
LINCSCP_98516	NA	5627	PROS1	-0.6342	0.444
LINCSCP_98516	NA	23014	FBXO21	-0.3024	0.4442
LINCSCP_98516	NA	1891	ECH1	0.3254	0.4442
LINCSCP_98516	NA	23149	FCHO1	0.3399	0.4445
LINCSCP_98516	NA	10668	CGRRF1	-0.3119	0.445
LINCSCP_98516	NA	51742	ARID4B	-0.3905	0.448
LINCSCP_98516	NA	2222	FDFT1	-0.4549	0.4496
LINCSCP_98516	NA	8503	PIK3R3	-0.5191	0.4499
LINCSCP_98516	NA	50813	COPS7A	0.3546	0.4506
LINCSCP_98516	NA	9270	ITGB1BP1	0.4542	0.4542
LINCSCP_98516	NA	9801	MRPL19	-0.3648	0.4556
LINCSCP_98516	NA	6832	SUPV3L1	0.4308	0.4561
LINCSCP_98516	NA	10962	MLLT11	-0.2975	0.461
LINCSCP_98516	NA	2767	GNA11	0.3745	0.4615
LINCSCP_98516	NA	3416	IDE	-0.3468	0.4654
LINCSCP_98516	NA	5696	PSMB8	-0.3936	0.4704
LINCSCP_98516	NA	10057	ABCC5	1.6895	0.4711
LINCSCP_98516	NA	23139	MAST2	0.5506	0.4717
LINCSCP_98516	NA	23271	CAMSAP2	0.439	0.474
LINCSCP_98516	NA	6696	SPP1	-0.2972	0.4768
LINCSCP_98516	NA	11261	CHP1	0.3801	0.4772
LINCSCP_98516	NA	54850	FBXL12	-0.3207	0.4797
LINCSCP_98516	NA	60493	FASTKD5	0.2979	0.4804
LINCSCP_98516	NA	8270	LAGE3	1.6065	0.4806
LINCSCP_98516	NA	25793	FBXO7	-0.363	0.4817
LINCSCP_98516	NA	147179	WIPF2	-1.3373	0.4824
LINCSCP_98516	NA	1802	DPH2	-0.3415	0.4837
LINCSCP_98516	NA	9961	MVP	0.417	0.4843
LINCSCP_98516	NA	26993	AKAP8L	-0.33	0.4851
LINCSCP_98516	NA	7027	TFDP1	0.2871	0.4865
LINCSCP_98516	NA	1786	DNMT1	0.2749	0.4891
LINCSCP_98516	NA	55620	STAP2	-0.2798	0.4907
LINCSCP_98516	NA	55179	FAIM	0.3102	0.4907
LINCSCP_98516	NA	79716	NPEPL1	0.3143	0.4911
LINCSCP_98516	NA	1738	DLD	-0.6774	0.4913
LINCSCP_98516	NA	1398	CRK	0.4197	0.495
LINCSCP_98516	NA	4016	LOXL1	0.392	0.4965
LINCSCP_98516	NA	2771	GNAI2	-0.4146	0.4966
LINCSCP_98516	NA	5566	PRKACA	-0.5814	0.4997
LINCSCP_98516	NA	6193	RPS5	0.388	0.5
LINCSCP_98516	NA	29911	HOOK2	-0.3051	0.5009
LINCSCP_98516	NA	1459	CSNK2A2	0.3833	0.5042
LINCSCP_98516	NA	5255	PHKA1	0.3571	0.5043
LINCSCP_98516	NA	808	CALM3	-0.3109	0.5044
LINCSCP_98516	NA	6251	RSU1	0.2758	0.5045
LINCSCP_98516	NA	642	BLMH	-0.3301	0.5074
LINCSCP_98516	NA	9053	MAP7	2.4559	0.5107
LINCSCP_98516	NA	24149	ZNF318	-0.4216	0.5119
LINCSCP_98516	NA	5427	POLE2	0.7206	0.5122
LINCSCP_98516	NA	5777	PTPN6	-0.5055	0.5127
LINCSCP_98516	NA	949	SCARB1	0.3407	0.5144
LINCSCP_98516	NA	6856	SYPL1	-0.2569	0.5151
LINCSCP_98516	NA	6793	STK10	-0.2539	0.5153
LINCSCP_98516	NA	4791	NFKB2	-0.3325	0.5176
LINCSCP_98516	NA	960	CD44	-1.4975	0.518
LINCSCP_98516	NA	58478	ENOPH1	0.3309	0.5185
LINCSCP_98516	NA	27336	HTATSF1	0.2511	0.5187
LINCSCP_98516	NA	890	CCNA2	-0.3338	0.5189
LINCSCP_98516	NA	9488	PIGB	0.4056	0.5203
LINCSCP_98516	NA	7485	WRB	-0.2593	0.5206
LINCSCP_98516	NA	2063	NR2F6	-0.2616	0.5212
LINCSCP_98516	NA	8550	MAPKAPK5	-0.253	0.5216
LINCSCP_98516	NA	291	SLC25A4	-0.4791	0.5221
LINCSCP_98516	NA	9851	KIAA0753	0.2844	0.5252
LINCSCP_98516	NA	572	BAD	0.4032	0.5277
LINCSCP_98516	NA	8914	TIMELESS	0.2872	0.5297
LINCSCP_98516	NA	5743	PTGS2	-0.2917	0.53
LINCSCP_98516	NA	5699	PSMB10	0.2904	0.5304
LINCSCP_98516	NA	7466	WFS1	1.3635	0.5326
LINCSCP_98516	NA	93487	MAPK1IP1L	-0.2837	0.534
LINCSCP_98516	NA	1017	CDK2	-0.3664	0.5344
LINCSCP_98516	NA	23326	USP22	-0.2785	0.5347
LINCSCP_98516	NA	6676	SPAG4	-0.3646	0.5385
LINCSCP_98516	NA	9275	BCL7B	-0.2475	0.5394
LINCSCP_98516	NA	22883	CLSTN1	-0.254	0.54
LINCSCP_98516	NA	1981	EIF4G1	-0.3593	0.5401
LINCSCP_98516	NA	5257	PHKB	-0.2588	0.5415
LINCSCP_98516	NA	5836	PYGL	-0.2512	0.5433
LINCSCP_98516	NA	55793	FAM63A	-0.3931	0.5441
LINCSCP_98516	NA	5792	PTPRF	0.3544	0.5471
LINCSCP_98516	NA	7319	UBE2A	-0.2772	0.5482
LINCSCP_98516	NA	3597	IL13RA1	0.2346	0.54990000000000006
LINCSCP_98516	NA	55256	ADI1	0.2304	0.5502
LINCSCP_98516	NA	3486	IGFBP3	-0.248	0.5508
LINCSCP_98516	NA	54541	DDIT4	-0.23	0.5509
LINCSCP_98516	NA	84159	ARID5B	-0.2445	0.5517
LINCSCP_98516	NA	4851	NOTCH1	-0.2321	0.5529
LINCSCP_98516	NA	51375	SNX7	0.2654	0.5561
LINCSCP_98516	NA	23300	ATMIN	-0.2904	0.5561
LINCSCP_98516	NA	9455	HOMER2	0.3011	0.5563
LINCSCP_98516	NA	10362	HMG20B	-0.278	0.5574
LINCSCP_98516	NA	65057	ACD	-0.2848	0.5584
LINCSCP_98516	NA	5111	PCNA	-0.3159	0.5606
LINCSCP_98516	NA	7849	PAX8	0.4792	0.5619
LINCSCP_98516	NA	9276	COPB2	-0.3248	0.5621
LINCSCP_98516	NA	5261	PHKG2	0.2318	0.5623
LINCSCP_98516	NA	5347	PLK1	-0.3005	0.5648
LINCSCP_98516	NA	2113	ETS1	0.304	0.5659
LINCSCP_98516	NA	9688	NUP93	-0.2782	0.5675
LINCSCP_98516	NA	3611	ILK	0.2547	0.5709
LINCSCP_98516	NA	5993	RFX5	-0.3404	0.5729
LINCSCP_98516	NA	11072	DUSP14	-0.2879	0.5736
LINCSCP_98516	NA	5613	PRKX	0.2201	0.5755
LINCSCP_98516	NA	10180	RBM6	-0.2645	0.5755
LINCSCP_98516	NA	54733	SLC35F2	-0.2775	0.5765
LINCSCP_98516	NA	7511	XPNPEP1	-0.2605	0.578
LINCSCP_98516	NA	51382	ATP6V1D	-0.2154	0.5796
LINCSCP_98516	NA	8061	FOSL1	0.4019	0.5811
LINCSCP_98516	NA	4200	ME2	-0.213	0.5824
LINCSCP_98516	NA	10451	VAV3	0.219	0.5829
LINCSCP_98516	NA	9903	KLHL21	-0.3204	0.5833
LINCSCP_98516	NA	25805	BAMBI	0.241	0.5835
LINCSCP_98516	NA	6790	AURKA	-0.2519	0.5836
LINCSCP_98516	NA	9710	KIAA0355	-0.2125	0.5854
LINCSCP_98516	NA	9709	HERPUD1	0.2729	0.5884
LINCSCP_98516	NA	64422	ATG3	-0.2689	0.5927
LINCSCP_98516	NA	10644	IGF2BP2	-0.2917	0.5929
LINCSCP_98516	NA	6919	TCEA2	-0.2225	0.5933
LINCSCP_98516	NA	4605	MYBL2	-0.4401	0.5946
LINCSCP_98516	NA	9926	LPGAT1	-0.2183	0.597
LINCSCP_98516	NA	54957	TXNL4B	-0.384	0.5974
LINCSCP_98516	NA	79006	METRN	0.2638	0.5988
LINCSCP_98516	NA	23378	RRP8	0.32	0.599
LINCSCP_98516	NA	3815	KIT	0.2879	0.6032
LINCSCP_98516	NA	1994	ELAVL1	-0.3297	0.6071
LINCSCP_98516	NA	26227	PHGDH	-0.2112	0.6073
LINCSCP_98516	NA	3398	ID2	-0.2488	0.6099
LINCSCP_98516	NA	6909	TBX2	-0.2303	0.6119
LINCSCP_98516	NA	80349	WDR61	-0.2201	0.6129
LINCSCP_98516	NA	23635	SSBP2	0.203	0.613
LINCSCP_98516	NA	2534	FYN	-0.2118	0.6165
LINCSCP_98516	NA	7158	TP53BP1	-0.3411	0.6167
LINCSCP_98516	NA	51053	GMNN	0.196	0.6169
LINCSCP_98516	NA	79902	NUP85	-0.271	0.617
LINCSCP_98516	NA	8624	PSMG1	0.2062	0.6183
LINCSCP_98516	NA	26136	TES	-0.2096	0.6209
LINCSCP_98516	NA	637	BID	0.2484	0.6227
LINCSCP_98516	NA	9842	PLEKHM1	-0.1857	0.6287
LINCSCP_98516	NA	5110	PCMT1	-0.2167	0.6309
LINCSCP_98516	NA	5909	RAP1GAP	-0.2389	0.6313
LINCSCP_98516	NA	55012	PPP2R3C	0.216	0.6336
LINCSCP_98516	NA	664	BNIP3	-0.2567	0.6337
LINCSCP_98516	NA	5440	POLR2K	0.1911	0.6341
LINCSCP_98516	NA	9817	KEAP1	0.6181	0.6349
LINCSCP_98516	NA	11031	RAB31	-0.3924	0.6356
LINCSCP_98516	NA	1870	E2F2	0.211	0.6387
LINCSCP_98516	NA	9552	SPAG7	0.2324	0.6398
LINCSCP_98516	NA	23386	NUDCD3	0.2213	0.6424
LINCSCP_98516	NA	1019	CDK4	0.223	0.6424
LINCSCP_98516	NA	481	ATP1B1	-0.2629	0.6437
LINCSCP_98516	NA	26292	MYCBP	-0.3492	0.6445
LINCSCP_98516	NA	51203	NUSAP1	-0.2495	0.6477
LINCSCP_98516	NA	3315	HSPB1	0.2688	0.6483
LINCSCP_98516	NA	23530	NNT	0.199	0.6491
LINCSCP_98516	NA	25966	C2CD2	-0.1967	0.6509
LINCSCP_98516	NA	23097	CDK19	-0.2432	0.6534
LINCSCP_98516	NA	79947	DHDDS	0.343	0.6543
LINCSCP_98516	NA	22887	FOXJ3	-0.2415	0.6559
LINCSCP_98516	NA	4780	NFE2L2	0.1819	0.6578
LINCSCP_98516	NA	6284	S100A13	0.1952	0.6593
LINCSCP_98516	NA	55825	PECR	-0.2032	0.6601
LINCSCP_98516	NA	64746	ACBD3	0.2558	0.6614
LINCSCP_98516	NA	54442	KCTD5	-0.2263	0.663
LINCSCP_98516	NA	5715	PSMD9	-0.3395	0.6647
LINCSCP_98516	NA	813	CALU	0.3118	0.665
LINCSCP_98516	NA	5050	PAFAH1B3	-0.278	0.6725
LINCSCP_98516	NA	1029	CDKN2A	0.1818	0.6734
LINCSCP_98516	NA	8318	CDC45	-0.2174	0.6738
LINCSCP_98516	NA	5985	RFC5	0.1833	0.6747
LINCSCP_98516	NA	2195	FAT1	-0.181	0.6767
LINCSCP_98516	NA	5827	PXMP2	0.289	0.6771
LINCSCP_98516	NA	4927	NUP88	-0.1882	0.6773
LINCSCP_98516	NA	10123	ARL4C	-0.3243	0.6823
LINCSCP_98516	NA	3108	HLA-DMA	-0.2054	0.683
LINCSCP_98516	NA	9686	VGLL4	0.3001	0.685
LINCSCP_98516	NA	6195	RPS6KA1	0.4229	0.6871
LINCSCP_98516	NA	9267	CYTH1	-0.1601	0.6908
LINCSCP_98516	NA	1676	DFFA	-0.1826	0.6919
LINCSCP_98516	NA	9738	CCP110	0.1821	0.6929
LINCSCP_98516	NA	10810	WASF3	-0.1737	0.694
LINCSCP_98516	NA	3800	KIF5C	-0.3476	0.6944
LINCSCP_98516	NA	3066	HDAC2	-0.3044	0.6952
LINCSCP_98516	NA	6714	SRC	0.2514	0.6961
LINCSCP_98516	NA	10915	TCERG1	-0.1742	0.699
LINCSCP_98516	NA	8569	MKNK1	0.3221	0.6996
LINCSCP_98516	NA	23029	RBM34	0.3122	0.7021
LINCSCP_98516	NA	54499	TMCO1	-0.2058	0.703
LINCSCP_98516	NA	6804	STX1A	-0.2803	0.7046
LINCSCP_98516	NA	11073	TOPBP1	0.4683	0.7068
LINCSCP_98516	NA	7750	ZMYM2	-0.1774	0.7068
LINCSCP_98516	NA	7077	TIMP2	-0.2254	0.7084
LINCSCP_98516	NA	9637	FEZ2	0.207	0.7085
LINCSCP_98516	NA	823	CAPN1	0.2226	0.7118
LINCSCP_98516	NA	4282	MIF	-0.1445	0.7123
LINCSCP_98516	NA	3162	HMOX1	-0.1971	0.7204
LINCSCP_98516	NA	65123	INTS3	0.2088	0.7241
LINCSCP_98516	NA	4893	NRAS	-0.1589	0.7281
LINCSCP_98516	NA	9761	MLEC	-0.1432	0.7281
LINCSCP_98516	NA	57804	POLD4	0.1923	0.7304
LINCSCP_98516	NA	3329	HSPD1	0.1525	0.733
LINCSCP_98516	NA	25976	TIPARP	0.2139	0.7345
LINCSCP_98516	NA	5480	PPIC	-0.1542	0.7347
LINCSCP_98516	NA	84722	PSRC1	0.147	0.7348
LINCSCP_98516	NA	10190	TXNDC9	-0.1896	0.7352
LINCSCP_98516	NA	128	ADH5	-0.2196	0.7382
LINCSCP_98516	NA	5357	PLS1	-0.2568	0.7398
LINCSCP_98516	NA	56924	PAK6	0.1604	0.7424
LINCSCP_98516	NA	7538	ZFP36	0.2184	0.7509
LINCSCP_98516	NA	595	CCND1	-0.1541	0.7531
LINCSCP_98516	NA	2263	FGFR2	0.188	0.7536
LINCSCP_98516	NA	5223	PGAM1	-0.1417	0.7541
LINCSCP_98516	NA	5788	PTPRC	-0.2218	0.755
LINCSCP_98516	NA	7159	TP53BP2	-0.163	0.7552
LINCSCP_98516	NA	2887	GRB10	0.1279	0.7558
LINCSCP_98516	NA	10695	CNPY3	-0.2164	0.7566
LINCSCP_98516	NA	94239	H2AFV	0.1213	0.7572
LINCSCP_98516	NA	11344	TWF2	-0.2343	0.7613
LINCSCP_98516	NA	5899	RALB	-0.2907	0.7649
LINCSCP_98516	NA	4776	NFATC4	0.1136	0.7659
LINCSCP_98516	NA	79174	CRELD2	-0.2251	0.771
LINCSCP_98516	NA	11142	PKIG	-0.1561	0.7713
LINCSCP_98516	NA	29763	PACSIN3	0.1111	0.7714
LINCSCP_98516	NA	27032	ATP2C1	0.1109	0.7742
LINCSCP_98516	NA	10797	MTHFD2	0.1724	0.7759
LINCSCP_98516	NA	25	ABL1	-0.1207	0.7767
LINCSCP_98516	NA	7264	TSTA3	-0.1259	0.778
LINCSCP_98516	NA	9813	EFCAB14	0.1466	0.7814
LINCSCP_98516	NA	11168	PSIP1	-0.1433	0.7886
LINCSCP_98516	NA	7105	TSPAN6	0.1411	0.7889
LINCSCP_98516	NA	9854	C2CD2L	0.1784	0.7927
LINCSCP_98516	NA	8837	CFLAR	0.1555	0.795
LINCSCP_98516	NA	5529	PPP2R5E	-0.1064	0.7963
LINCSCP_98516	NA	998	CDC42	0.3065	0.7967
LINCSCP_98516	NA	3028	HSD17B10	-0.1228	0.797
LINCSCP_98516	NA	22908	SACM1L	0.1339	0.7973
LINCSCP_98516	NA	27095	TRAPPC3	-0.121	0.7977
LINCSCP_98516	NA	256364	EML3	0.12	0.7992
LINCSCP_98516	NA	29916	SNX11	0.1054	0.8
LINCSCP_98516	NA	5580	PRKCD	-0.1961	0.8046
LINCSCP_98516	NA	5641	LGMN	0.1036	0.8047
LINCSCP_98516	NA	54505	DHX29	-0.1421	0.8057
LINCSCP_98516	NA	4144	MAT2A	-0.0968	0.8101
LINCSCP_98516	NA	4651	MYO10	0.1101	0.8105
LINCSCP_98516	NA	3909	LAMA3	-0.0929	0.8108
LINCSCP_98516	NA	10589	DRAP1	0.1125	0.8114
LINCSCP_98516	NA	54681	P4HTM	-0.1013	0.8231
LINCSCP_98516	NA	1978	EIF4EBP1	0.1142	0.8234
LINCSCP_98516	NA	51635	DHRS7	-0.1139	0.8247
LINCSCP_98516	NA	5287	PIK3C2B	-0.1099	0.825
LINCSCP_98516	NA	51116	MRPS2	0.0835	0.8266
LINCSCP_98516	NA	5359	PLSCR1	-0.1077	0.8282
LINCSCP_98516	NA	22809	ATF5	-0.1269	0.8317
LINCSCP_98516	NA	9702	CEP57	-0.0907	0.8333
LINCSCP_98516	NA	5770	PTPN1	-0.1103	0.8346
LINCSCP_98516	NA	23210	JMJD6	-0.1214	0.8349
LINCSCP_98516	NA	51070	NOSIP	0.0795	0.8354
LINCSCP_98516	NA	51293	CD320	-0.1046	0.8359
LINCSCP_98516	NA	55818	KDM3A	0.1094	0.8363
LINCSCP_98516	NA	1021	CDK6	0.1511	0.8369
LINCSCP_98516	NA	6461	SHB	-0.0888	0.8373
LINCSCP_98516	NA	22934	RPIA	0.1439	0.8373
LINCSCP_98516	NA	11007	CCDC85B	0.1047	0.8381
LINCSCP_98516	NA	5925	RB1	0.0794	0.8397
LINCSCP_98516	NA	6813	STXBP2	-0.1184	0.8426
LINCSCP_98516	NA	10681	GNB5	0.1155	0.8433
LINCSCP_98516	NA	6009	RHEB	0.0865	0.8441
LINCSCP_98516	NA	10775	POP4	0.0779	0.8465
LINCSCP_98516	NA	10245	TIMM17B	-0.0789	0.8498
LINCSCP_98516	NA	30	ACAA1	0.098	0.8528
LINCSCP_98516	NA	10491	CRTAP	-0.0737	0.8543
LINCSCP_98516	NA	1282	COL4A1	0.069	0.8555
LINCSCP_98516	NA	7165	TPD52L2	-0.0758	0.8605
LINCSCP_98516	NA	993	CDC25A	-0.0764	0.8655
LINCSCP_98516	NA	63933	MCUR1	0.1667	0.8679
LINCSCP_98516	NA	26511	CHIC2	-0.1444	0.8684
LINCSCP_98516	NA	5607	MAP2K5	0.1286	0.8684
LINCSCP_98516	NA	2065	ERBB3	0.1404	0.8694
LINCSCP_98516	NA	5106	PCK2	0.0699	0.8745
LINCSCP_98516	NA	9695	EDEM1	0.0783	0.8766
LINCSCP_98516	NA	23410	SIRT3	0.0871	0.8774
LINCSCP_98516	NA	8324	FZD7	-0.0815	0.8774
LINCSCP_98516	NA	57048	PLSCR3	-0.0623	0.8776
LINCSCP_98516	NA	1385	CREB1	0.0705	0.8799
LINCSCP_98516	NA	5900	RALGDS	-0.095	0.8802
LINCSCP_98516	NA	10051	SMC4	-0.1021	0.8805
LINCSCP_98516	NA	5927	KDM5A	-0.0765	0.881
LINCSCP_98516	NA	57019	CIAPIN1	0.0742	0.8832
LINCSCP_98516	NA	1429	CRYZ	0.0628	0.8876
LINCSCP_98516	NA	8826	IQGAP1	-0.1118	0.8877
LINCSCP_98516	NA	7048	TGFBR2	-0.0557	0.8931
LINCSCP_98516	NA	23212	RRS1	0.056	0.8999
LINCSCP_98516	NA	6990	DYNLT3	-0.0567	0.9004
LINCSCP_98516	NA	1212	CLTB	0.0588	0.901
LINCSCP_98516	NA	5054	SERPINE1	0.0751	0.9032
LINCSCP_98516	NA	10320	IKZF1	0.0497	0.9041
LINCSCP_98516	NA	3033	HADH	0.0764	0.9043
LINCSCP_98516	NA	64943	NT5DC2	-0.0506	0.908
LINCSCP_98516	NA	79073	TMEM109	0.0467	0.9089
LINCSCP_98516	NA	5831	PYCR1	0.0476	0.9115
LINCSCP_98516	NA	80746	TSEN2	0.0512	0.9127
LINCSCP_98516	NA	51015	ISOC1	-0.0616	0.9132
LINCSCP_98516	NA	6182	MRPL12	-0.1329	0.9133
LINCSCP_98516	NA	23142	DCUN1D4	-0.0707	0.9141
LINCSCP_98516	NA	7866	IFRD2	-0.0508	0.915
LINCSCP_98516	NA	4792	NFKBIA	0.0531	0.9151
LINCSCP_98516	NA	5092	PCBD1	-0.0514	0.9156
LINCSCP_98516	NA	10818	FRS2	0.0482	0.9169
LINCSCP_98516	NA	25825	BACE2	-0.0513	0.9174
LINCSCP_98516	NA	873	CBR1	-0.0502	0.9178
LINCSCP_98516	NA	3964	LGALS8	-0.0526	0.9184
LINCSCP_98516	NA	3638	INSIG1	-0.0677	0.9188
LINCSCP_98516	NA	5423	POLB	-0.0379	0.92
LINCSCP_98516	NA	89910	UBE3B	-0.0604	0.9226
LINCSCP_98516	NA	11319	ECD	0.0568	0.9229
LINCSCP_98516	NA	1445	CSK	0.0547	0.9244
LINCSCP_98516	NA	8869	ST3GAL5	0.0415	0.9253
LINCSCP_98516	NA	25987	TSKU	0.0555	0.9257
LINCSCP_98516	NA	310	ANXA7	-0.0707	0.9262
LINCSCP_98516	NA	9868	TOMM70A	-0.0584	0.9269
LINCSCP_98516	NA	10273	STUB1	0.0555	0.927
LINCSCP_98516	NA	329	BIRC2	0.0592	0.9299
LINCSCP_98516	NA	8243	SMC1A	0.0533	0.9355
LINCSCP_98516	NA	5971	RELB	-0.0389	0.9356
LINCSCP_98516	NA	51282	SCAND1	0.0446	0.9376
LINCSCP_98516	NA	55604	LRRC16A	0.0298	0.9383
LINCSCP_98516	NA	55008	HERC6	-0.0376	0.9404
LINCSCP_98516	NA	56940	DUSP22	-0.0422	0.942
LINCSCP_98516	NA	9653	HS2ST1	0.0358	0.942
LINCSCP_98516	NA	54205	CYCS	-0.0282	0.9422
LINCSCP_98516	NA	51385	ZNF589	0.0305	0.943
LINCSCP_98516	NA	2769	GNA15	-0.0277	0.9439
LINCSCP_98516	NA	23244	PDS5A	-0.0255	0.9485
LINCSCP_98516	NA	2264	FGFR4	-0.0301	0.9508
LINCSCP_98516	NA	25932	CLIC4	-0.0283	0.9512
LINCSCP_98516	NA	5300	PIN1	0.0272	0.9517
LINCSCP_98516	NA	6119	RPA3	0.0563	0.9529
LINCSCP_98516	NA	22926	ATF6	0.0239	0.9546
LINCSCP_98516	NA	10898	CPSF4	-0.0229	0.955
LINCSCP_98516	NA	23077	MYCBP2	-0.0212	0.9571
LINCSCP_98516	NA	8091	HMGA2	-0.0233	0.9581
LINCSCP_98516	NA	1662	DDX10	-0.0234	0.9581
LINCSCP_98516	NA	5467	PPARD	-0.038	0.9591
LINCSCP_98516	NA	5796	PTPRK	0.0622	0.9593
LINCSCP_98516	NA	9943	OXSR1	-0.0417	0.9595
LINCSCP_98516	NA	5058	PAK1	0.0323	0.9656
LINCSCP_98516	NA	7416	VDAC1	-0.0227	0.97
LINCSCP_98516	NA	56997	ADCK3	-0.0157	0.9703
LINCSCP_98516	NA	10131	TRAP1	-0.0202	0.9707
LINCSCP_98516	NA	23463	ICMT	-0.0141	0.972
LINCSCP_98516	NA	4616	GADD45B	-0.0165	0.9747
LINCSCP_98516	NA	3383	ICAM1	0.0187	0.9757
LINCSCP_98516	NA	124583	CANT1	-0.0124	0.9767
LINCSCP_98516	NA	23011	RAB21	0.0096	0.9807
LINCSCP_98516	NA	896	CCND3	-0.0204	0.9816
LINCSCP_98516	NA	9246	UBE2L6	0.0093	0.982
LINCSCP_98516	NA	55847	CISD1	0.0104	0.9858
LINCSCP_98516	NA	55033	FKBP14	-0.0159	0.9909
LINCSCP_98516	NA	8446	DUSP11	-0.0045	0.9925
LINCSCP_98516	NA	1906	EDN1	0.0068	0.9931
LINCSCP_98516	NA	10146	G3BP1	-0.0017	0.9967
LINCSCP_98516	NA	51056	LAP3	-0.0026	0.9978
LINCSCP_98516	NA	4331	MNAT1	-5e-4	0.9993
LINCSCP_98516	NA	10165	SLC25A13	4e-4	0.9993
LINCSCP_98516	NA	7168	TPM1	2e-4	0.9997
LINCSCP_98516	NA	2597	GAPDH	0	1
